Zip Code,Median age,Percent - 10 to 14 years,Percent - 15 to 17 years,Percent - 15 to 19 years,Percent - 15 to 44 years,Percent - 16 years and over,Percent - 18 to 24 years,Percent - 18 years and over,Percent - 20 to 24 years,Percent - 21 years and over,Percent - 25 to 29 years,Percent - 30 to 34 years,Percent - 35 to 39 years,Percent - 40 to 44 years,Percent - 45 to 49 years,Percent - 5 to 14 years,Percent - 5 to 9 years,Percent - 50 to 54 years,Percent - 55 to 59 years,Percent - 60 to 64 years,Percent - 60 years and over,Percent - 62 years and over,Percent - 65 to 69 years,Percent - 65 years and over,Percent - 70 to 74 years,Percent - 75 to 79 years,Percent - 75 years and over,Percent - 80 to 84 years,Percent - 85 years and over,Percent - Under 18 years,Percent - Under 5 years,Total population
84531,29.8,10.7,5.3,8.2,44.5,73.2,12.6,69.1,9.7,63.6,6.9,11.6,3.7,4.3,8,17.8,7.1,5.3,2.9,3.8,13.7,12.5,3.2,9.9,2.1,2.4,4.6,1,1.2,30.9,7.7,998
84536,31.3,6.7,5.3,9.9,44.8,73,12.9,69.1,8.2,62.5,5.4,5.2,6,9.9,6.6,14.6,7.9,6.4,3.7,4.1,12.9,11.5,3.6,8.7,2.5,1.5,2.6,0.8,0.3,30.9,11.1,1821
85003,39.2,3.7,1.7,3.2,49.9,89.1,8.8,87.8,7.3,85.2,11,11.2,7.6,9.6,5.9,6.1,2.4,8.4,6.2,6.5,19.1,16.4,5.7,12.6,3.7,1.4,3.2,0.3,1.4,12.2,4.4,8694
85004,32.3,2.6,2.2,12,58.3,91.4,25.3,90.2,15.5,75.2,8,12.9,5.1,4.7,6.9,4.8,2.2,6.7,5.6,5.1,14.9,13.1,2.7,9.7,2.5,2.8,4.5,0.4,1.3,9.8,2.8,5944
85006,31,7.9,4.8,6.7,48,74.7,9.7,71.3,7.7,67.7,9.4,9.1,8.8,6.3,5.2,15.8,7.9,5.3,5.4,4.5,12.1,10.4,3.7,7.5,1.3,1,2.6,0.6,1,28.7,8.2,27671
85007,33.2,8.7,3.7,5.7,41.9,75.6,9.3,72.8,7.3,69.3,8.4,7.8,7,5.8,5.8,17.1,8.3,7.4,5.9,4,15.4,13.9,4.6,11.5,2.4,1.8,4.5,1.2,1.5,27.2,6.5,14810
85008,28.7,6.4,4.5,7.5,51.9,76.5,14,73.4,11,68.2,11.8,8.5,7.2,5.9,6.7,13.8,7.4,5.3,4.7,3.3,9.2,7.8,2,5.9,1.7,0.8,2.2,0.6,0.8,26.6,8.4,60700
85009,28.7,7.9,4.7,8.5,48.3,73.5,13,70.2,9.2,64.3,8.9,7.7,7.1,6.8,6,16.9,9,5.1,5,3.5,10.5,9,2.5,7,1.8,0.9,2.6,0.9,0.8,29.8,8.1,47810
85012,42.9,4.1,1.7,3.6,39.8,87.1,6.6,85.6,4.7,82.6,6.1,6.5,9,9.8,7,8.5,4.4,5.8,8.7,8.4,26.1,21.9,6.6,17.7,3.7,2.6,7.3,1.8,3,14.4,4.2,6776
85013,38.5,5.4,3,5.1,45.4,83.8,7.7,81.5,5.5,77.8,8.4,10.2,7.9,8.2,7.4,10.3,4.8,8.3,5.2,7.6,18.3,15.4,3.6,10.7,3.2,1.9,3.9,0.6,1.5,18.5,5.2,21025
85014,36.1,4.3,2.8,5,48.2,83,8.6,81,6.4,77.3,8.7,11.3,8.7,8.2,6.5,10.5,6.2,7.2,4.9,5.2,16.9,14.4,4,11.7,2.7,2.2,4.9,1.1,1.6,19,5.7,27410
85015,32.2,7,3.9,6.1,44.5,74.7,9.9,72.5,7.7,68.6,8.9,8.7,6.5,6.5,5.7,14.7,7.7,6.6,4.9,5.1,14.8,12.6,3.4,9.7,2.5,1.5,3.8,1.2,1.2,27.5,8.9,39395
85016,38.5,5,3,4.1,43.6,82.8,6.9,80.8,5.9,78.8,9.3,9.3,7.9,7.1,6.8,11.4,6.4,7.2,6.7,5.2,19.5,17.2,4.6,14.4,3.2,3.1,6.6,1.9,1.6,19.2,4.7,35321
85017,26.5,9.2,5.4,9.8,47.7,70.3,14.1,66.3,9.8,59.4,7.4,6.8,6.8,7.1,6.2,18.7,9.5,5,3.6,3.1,9.3,8.1,2.5,6.2,1.6,0.9,2.1,0.6,0.6,33.7,9.5,41656
85018,38.3,5.6,3.9,5.6,41.7,81.7,7.5,79,5.8,76,7.5,9,7.7,6.1,7.5,11,5.5,7.3,6.6,6.1,19.8,17,3.7,13.8,3.9,2.7,6.2,1.7,1.7,21,6.1,37848
85019,28,9,5.3,9.3,46,71.8,12.2,68.1,8.1,62.1,8.8,5.2,5.8,8.7,6.6,18.1,9.1,4.9,5,3.3,11,9.4,3.3,7.7,1.3,1.4,3.1,1,0.7,31.9,8.5,25994
85020,43.7,6.3,2.2,3.3,34.2,81.9,6.7,80.3,5.6,77.6,7.1,5.3,6.6,6.3,7.8,11.4,5.1,7.8,7.5,6.4,25.1,22.3,6.6,18.8,4.6,3.2,7.6,1.7,2.6,19.7,6.1,33296
85021,33.2,6.5,4,5.8,43.4,76.2,10.4,73.5,8.6,69.5,7.6,7.5,7.5,6.4,6,13.8,7.3,6.3,5,4.3,16.8,14.6,3.5,12.5,3.2,2,5.9,1.6,2.2,26.5,8.7,41310
85022,38.8,4.2,2.8,5.3,41.2,83.1,11,81.2,8.5,77.2,8,7,6.7,5.7,6,10.3,6.1,7.5,7.3,6.6,21.9,19.3,5.4,15.4,3.9,2.9,6,1.4,1.8,18.8,5.7,50242
85023,35.2,6.1,3.1,4.4,41.9,78,8.9,75.8,7.6,73.4,8.6,8,7.3,6.1,6.6,14,7.9,5.3,6.4,5.9,18.7,16.2,5.1,12.7,3.1,2,4.5,1,1.5,24.2,7.1,33612
85024,35,5.6,3.2,4.9,42.9,78.6,7,76.6,5.3,74.3,8.9,10.7,6.3,6.8,8.5,11.6,6,6.4,7.1,4.8,14.9,13.1,4,10.1,3,1.3,3.1,0.6,1.3,23.4,8.6,24598
85027,35.7,5.6,3,4.7,45.4,81.1,8.8,79.1,7.1,76.4,10.2,9,7.1,7.4,8.5,10.4,4.8,6.2,5.5,5.5,16.4,14.1,4.4,10.9,2.6,2.3,3.9,0.8,0.8,20.9,7.5,35529
85028,47.4,4.9,4,5.7,31.1,83.2,4.7,80.7,3.1,78.2,4.3,4.3,6.1,7.6,6.6,10.6,5.7,8,7.5,8.4,31.4,28.4,7,23,6,3.9,10,3.5,2.7,19.3,4.7,19563
85029,35.8,6.4,3.6,5.7,40.7,79,10.5,76.6,8.4,73.1,7.6,7.3,6.4,5.3,7.6,12.7,6.3,7.5,7.6,4.7,16.9,15,3.6,12.1,3.1,2,5.4,1.4,2.1,23.4,7.2,44745
85031,26.9,9.5,5.9,10.2,45.8,70.2,13.5,66.1,9.1,60,6.7,6.3,6.9,6.6,6.4,19.7,10.2,5.7,3.6,3.9,10.5,9.2,2.3,6.6,1.8,1.1,2.4,0.7,0.6,33.9,8.3,31673
85032,36,6,3.5,5.9,43.9,80,9,77.8,6.6,74.2,8.7,8.5,6.7,7.6,6.5,12.1,6.1,6.9,6.8,5.6,17.1,14.9,4.1,11.5,2.9,1.9,4.5,1.3,1.2,22.2,6.6,71603
85033,25.1,9.5,6,9.7,46.6,67.8,13.5,63.7,9.9,58,8.1,6.4,6.6,5.9,5.5,20,10.5,5.4,3.6,3.2,8.8,7.5,2.1,5.6,1,1.3,2.4,0.7,0.5,36.3,10.2,65318
85034,28.9,8.7,3.8,7.3,48,73.7,14.9,71.6,11.5,67.4,7.3,6,6.7,9.3,2.8,18.1,9.3,5.7,5.2,5.4,13.6,11.2,1.9,8.2,3.3,2.1,3,0.1,0.9,28.4,6.6,4480
85035,25.2,9.1,4.8,9.3,48.6,68.6,14.8,65.2,10.3,58.9,9.1,7,6.4,6.5,5.9,19.7,10.6,4.6,3,3.3,8,6.6,1.8,4.7,1.1,0.8,1.7,0.6,0.3,34.8,10.3,57410
85037,27.3,9.6,5.3,8.5,46.7,70.9,12.5,67.3,9.3,62.2,8.3,6.6,7.2,6.8,6.2,18.8,9.1,5.5,4.2,4.2,9.9,8.1,2.7,5.7,1.3,0.7,1.7,0.5,0.6,32.7,8.6,52205
85040,28.5,7.7,4.3,7.6,46.4,72,12.7,69.4,9.4,64.3,9.1,8.3,5.9,6.2,5.4,16.7,9,5.6,4.9,3.6,11.3,10,3,7.7,1.8,1,2.9,0.7,1.2,30.6,9.6,32526
85041,28.8,9.4,4.5,8,44.5,69.3,10.7,66.5,7.1,61.5,7.5,7.9,6.6,7.3,5.7,18.8,9.4,5.4,4.8,3.6,10.6,9.1,2.9,7,1.9,0.8,2.2,0.8,0.7,33.5,10.2,63152
85042,32,7.4,5.4,7.7,46,75.2,10.3,72,7.9,68.1,8.4,8.2,6.4,7.4,6.3,15.2,7.8,5.6,5.9,4.5,13.6,11.6,3.3,9.1,2.8,1.5,3,0.6,0.9,28,7.4,44676
85043,26.6,10.9,5.8,8.7,48.2,68.1,11,63.6,8.2,59.6,7.4,8.5,9.1,6.3,5.4,21.1,10.2,4.2,3.7,3.5,8,5.9,2.4,4.5,0.6,0.8,1.5,0.4,0.4,36.4,9.4,38125
85044,37.3,6.4,2.8,5,42.1,80.8,8.3,79,6,75.5,8.3,9,7.2,6.5,6.5,12.5,6.1,7.2,7.6,6.1,18.4,15.8,3.6,12.3,3.1,2.3,5.7,1.2,2.1,21,5.8,40893
85045,41.5,7.8,7.2,9.1,37.3,78.5,7.9,73,6,69.5,3.5,3.3,5.8,9.5,8.8,15.1,7.3,10,10.8,4.8,13.3,11.5,2.7,8.5,3.2,1.1,2.6,0.5,1,27,4.7,7467
85048,39.7,7.7,6,7.8,38.1,79.1,7.3,75.2,5.5,72.4,6.8,4.8,6.5,6.7,8.9,13.9,6.2,10,8.1,7.1,16.2,12.5,4.4,9.1,2.1,1.1,2.6,0.8,0.8,24.8,4.9,34720
85050,39.6,8.6,4.2,6.1,37.2,76.1,5.9,73.5,4.1,70.5,4.3,6.4,7.6,8.8,8.8,16,7.4,7.8,5.1,4.5,18.8,16.1,3.5,14.2,2.9,2.6,7.8,2.4,2.8,26.5,6.3,30506
85051,32.7,7.2,3.3,6.2,42.1,75.2,10.5,72.9,7.5,68.2,8.3,7.4,6.4,6.4,5.4,15.9,8.7,6.3,5.8,4.9,16.6,14.3,3.6,11.7,3.1,2,5,1.4,1.6,27.1,7.9,43234
85053,35.9,7.4,3.3,6.5,44.3,80.8,10.2,78.4,7.1,73.7,8,8.6,6.6,7.5,6.5,13.5,6,6.7,6.2,6.6,18.1,15.6,3.7,11.5,3,2.4,4.8,1.5,0.9,21.6,4.8,29584
85054,38.2,2.2,2.2,2.8,48.2,89.3,6.5,88.3,5.9,85.8,13.8,12.7,7.7,5.4,7,5.2,3,8.2,5.4,5,21.7,19.3,6.6,16.8,5.1,1.7,5.1,1.7,1.8,11.7,4.3,7023
85083,38.7,9.5,5.7,7.7,36.6,73.2,5,69.9,3,67.1,2.5,5.1,9.2,9,10.4,17.1,7.6,8.1,5.2,5.4,15.3,13.3,4.7,9.9,2.2,1.6,3,0.7,0.8,30.1,7.3,19363
85085,34.3,7.3,2.9,4,45.6,74.8,6.4,72.8,5.3,71.6,7.4,10.4,9.8,8.8,7.3,15.6,8.3,5.3,5.5,4.7,12,10.6,3.1,7.3,2.2,0.8,2,0.7,0.4,27.2,8.7,21478
85086,42.8,7.3,5.1,7.4,35.3,79.8,6.4,75.9,4,72.7,3.3,5.1,6,9.5,8.8,14.5,7.2,8.9,6.4,6.8,21.6,19.1,5.6,14.8,4.5,1.8,4.6,1.6,1.2,24.1,4.5,41785
85087,48.2,5.1,4.8,6.7,29.2,82.6,6.7,80.1,4.8,77.9,3.7,3.9,3.1,6.9,10.1,9.5,4.5,6.9,7.9,8.9,30.8,27.7,9.9,21.9,7.1,2,5,1.6,1.4,19.9,5.6,7976
85118,64.7,2.7,1.3,2.8,14.2,94.6,5.8,93.7,4.4,91.4,1.2,1.1,1.8,3,3.9,4.4,1.7,5.8,10.2,12,60.9,57.2,13.4,48.9,15.4,10.2,20.1,5.7,4.2,6.3,0.7,12439
85119,57.3,3.4,2,3.1,22.7,87.3,5,86.2,3.9,84.5,3.1,4.4,3.6,4.6,4.7,7.5,4.1,6.7,7.7,10.6,46.5,42.1,11.8,35.9,10,7.5,14.1,4.5,2.1,13.8,4.3,21825
85120,52.1,4.6,3.8,5.6,27.7,84.3,6.3,81.4,4.5,78.1,3.6,3.6,5.7,4.7,5.6,9.9,5.3,6.2,7.5,7.4,38.3,35.7,8.3,30.8,8.7,6.7,13.9,3.9,3.3,18.6,4.8,30621
85121,25.7,7.3,3.5,7.8,47.2,72.8,18.2,70.1,13.8,64.4,8.9,5.2,4.6,6.9,3.1,16.8,9.4,7,4.6,1.1,11.8,11.8,2.8,10.7,3.2,2.5,4.7,1.8,0.4,29.9,9.7,2131
85122,35,8.5,4.6,7.5,37.6,74.3,8.5,71.5,5.5,67.4,5.9,7.2,5.8,5.7,5.6,16.6,8.1,5.7,5.6,5.3,21.5,19.4,5,16.3,4.4,3.8,6.8,1.8,1.2,28.5,7.3,56298
85123,35.4,5.2,5.8,7.1,38.3,77.3,9.7,73.1,8.4,70.5,5.7,7.1,4.4,5.6,5.2,13.6,8.3,6.1,5.3,5.2,23.8,22.1,8,18.6,5,3.8,5.6,1.3,0.5,26.9,7.6,11106
85128,34.5,9.5,4.3,7.1,37.8,74.7,8.4,71.8,5.7,66.9,7.8,6.4,5.5,5.4,5.2,17.1,7.6,7.5,7.8,6,18,15.5,5.9,11.9,1.7,2,4.3,1,1.4,28.2,6.7,16466
85131,35.3,4.2,2,3.5,55.1,86.6,10.7,85.5,9.2,82.7,12.6,11.6,10.7,7.5,6.3,8.6,4.4,5.4,5.3,4.6,15.4,13.7,3.9,10.8,3.6,1.5,3.3,1.1,0.8,14.5,3.9,18542
85132,37.7,4.6,2,3.9,49.6,87.6,8.7,86,6.9,83.3,11.1,10,9.9,7.9,5.9,8.5,3.8,7,5.4,5.1,20,17.7,6.2,15,3.9,2.5,4.9,1.5,0.9,14,3.5,35677
85135,54.1,3.4,6.7,9.3,24.4,86,4.3,84.3,1.7,80.6,2.4,3.9,5,2.2,8.2,6.9,3.4,10.6,7.8,16.8,40.1,36.4,5.2,23.3,5.8,7.3,12.3,0.6,4.3,15.7,2.2,464
85137,39,7.3,3.7,5.4,33.8,74.8,7,72.4,5.2,68.9,5.1,6.2,6,5.8,3.8,18.1,10.8,6.6,4.8,6,27.1,25.3,7,21,6.9,3.3,7.1,1.5,2.3,27.6,5.8,2497
85138,35,8.5,4.5,6.6,42.7,74.9,7.9,71.6,5.8,67.9,5.7,7.9,8.3,8.3,6.1,16.7,8.2,4.9,5.4,4.9,17,14.7,5.6,12.1,3,1.5,3.5,0.8,1.2,28.4,7.2,36059
85139,35.7,7.6,4.2,7.2,41.5,75.8,9.6,72.7,6.7,67.7,5,6.7,7.3,8.6,6.6,16.7,9.1,6,5.8,5.7,17,14.6,4.1,11.3,3.5,2,3.7,1.5,0.2,27.3,6.4,18327
85140,30.8,8.2,4.5,8.2,44.5,71.3,9.7,68.4,6,63,7.6,7.8,7.5,7.4,5.9,18.2,10,4.4,4.4,4,13.7,11.8,4.1,9.7,2.7,1.5,2.9,0.7,0.7,31.6,8.9,45504
85141,50.6,4.9,3,8.9,33.5,91.3,19.7,88.3,13.8,78,2.3,2.6,4.4,1.4,5.4,7.5,2.6,17.8,7,7.7,27.6,25.5,5.6,19.9,11.2,1.4,3,0.5,1.2,11.7,1.2,427
85142,33.6,10.7,5.5,7.9,40.6,69.6,6.7,66,4.3,62.7,4.7,6.5,9,8.3,7.3,20.3,9.5,6.1,4.3,4.4,13.1,11.3,3.9,8.7,2.4,1.3,2.4,0.6,0.5,34,8.3,60306
85143,34.9,9.2,5.5,8,41.2,72.9,7.4,69.6,4.8,66.1,5.3,7,8.9,7.1,5.8,18.3,9.1,4.9,3.8,5.9,19.3,17,5.7,13.4,3.9,2.1,3.8,0.9,0.8,30.4,6.6,36764
85145,25.8,10.6,6.3,9.3,53.2,63.4,6.6,59.2,3.7,55,9.7,10.2,15,5.4,3.2,23.1,12.5,2,2,1.8,5.1,4.4,1.2,3.3,0.8,0,1.3,0.8,0.5,40.8,11.4,3016
85147,31.7,8,2.6,11.5,47,82.1,15.1,80.1,6.2,70.2,12,7.1,5.3,4.8,9.2,14.7,6.7,5.5,5.3,5.7,15.7,12,3.1,10,2.7,2.8,4.3,0.8,0.8,19.9,2.6,3811
85172,32.7,5.6,4,5,56.4,73.2,6.7,70.3,5.7,65.8,6.3,13.9,6.9,18.6,2.8,13.4,7.9,6.9,2,0,6.2,6.2,4.6,6.2,0,0,1.6,0,1.6,29.7,12.2,1636
85173,43.9,6,2.7,4.6,34.3,82.6,7,80.4,5.1,78,8,4.5,5.5,6.6,6,11.8,5.8,5.7,7.5,10.3,29.6,27.5,6.3,19.2,3.3,3.6,9.7,2.9,3.2,19.6,5.1,2947
85192,51,6,7.4,10.1,22.5,82.7,5,80.4,2.3,77.4,1.9,2.6,3.3,2.3,14.4,11.3,5.3,3.5,9.3,15.6,38.1,33.1,6.5,22.5,10,4.2,6,1,0.8,19.6,1,1675
85193,35.9,9.1,4.2,7.7,42.8,79.4,8.8,77,5.3,72,6.5,7.3,9.7,6.2,8.6,15.4,6.3,4.3,6.5,4.6,19,17.3,6.4,14.4,4.8,1.5,3.2,0.3,1.4,23,3.4,4408
85194,53.3,6.6,3,3.8,25.3,84.3,6.8,82.2,6,80.7,3.4,3,4,5.1,6.6,10.9,4.3,4.7,5.3,8.5,43.3,40.9,10.5,34.8,11.4,7.1,12.9,3.5,2.3,17.8,3.9,7188
85201,30.6,6.2,3.8,6.2,48.6,76.9,11.8,74.7,9.4,70.1,11.7,7.9,6.9,6.6,5,13.2,7,5.6,5.3,4.2,13.9,12.6,2.5,9.7,2.1,1.9,5.1,1.2,2,25.3,8.3,51817
85202,31.3,4.8,4.6,8,51.3,80.6,13.7,77.6,10.4,72.6,11.4,7.9,7.3,6.3,5.6,11.3,6.5,5.4,4.7,4.6,15.2,13.2,4.1,10.6,2.9,1.6,3.6,0.7,1.3,22.4,6.5,38780
85203,33.2,6.9,4.4,7.1,41.9,75,9.2,72.1,6.4,68.1,8.3,7.1,7.1,5.9,6.3,14.8,7.9,6.6,6,4.9,15.7,13.9,3.8,10.7,2.8,1.9,4.2,1.4,0.9,27.9,8.7,37773
85204,31.6,7.4,4.3,7.1,44.3,75.5,10.5,72.4,7.7,68.4,9.2,7.8,6.8,5.7,6.5,15.4,8,5.9,5.2,4.7,14.8,12.7,3.8,10.2,2.2,1.6,4.2,1.2,1.4,27.6,7.9,66891
85205,49.6,5.1,3.7,5.2,29.5,82.6,6.5,80.1,5,77.4,6.3,5.5,3.2,4.3,4.9,10.7,5.6,8.1,6.3,7.9,35.1,31.7,8.4,27.2,6,4.9,12.8,4.2,3.7,19.9,5.4,41686
85206,45,4.9,2.8,5.1,33.6,83.1,9.1,80.9,6.8,77.8,7.1,5.7,5.2,3.7,4.4,10.6,5.7,5.2,6.4,4.8,34.1,32.2,6.6,29.2,6.1,6.1,16.5,4.9,5.5,19.1,5.8,36379
85207,42.2,7.3,4.4,6.5,34.1,80,6.9,76.8,4.8,73.5,5.3,4.9,6.3,6.3,7.2,13.3,6,8.4,7.2,6.4,24.2,21.3,6.4,17.8,4.2,3,7.1,2.1,2.1,23.2,5.6,48405
85208,47.4,5.6,3.8,6,33,84.5,7.4,81.8,5.1,77.9,5.9,4.3,5.6,6,5.7,9.7,4.1,6,6.7,6,34.2,31.6,7.5,28.3,6.6,5.6,14.2,4.1,4.5,18.2,4.6,37158
85209,42.9,6.9,3.7,5.6,34,79.9,6.6,77.4,4.8,74.7,5.2,5.9,5.2,7.4,5.2,13,6.1,6,4.7,5.2,31.3,29.3,6.8,26.1,6.2,6.3,13,4,2.7,22.6,5.9,41052
85210,30.6,7.1,3.7,5.7,47.4,74.7,11.1,72.3,9.1,68.3,9.3,9.4,7.1,6.8,6.3,16.3,9.2,5.4,5.3,4.8,11.7,9.7,2.6,6.9,2.1,1,2.2,0.6,0.6,27.7,7.7,39712
85212,31.4,8.5,4.7,8.3,43.7,71.4,9.9,68.3,6.3,62.8,6.4,7,7.2,8.5,6.8,19.2,10.6,5.6,5.2,4.4,11.8,10.1,3,7.3,2.1,1.4,2.2,0.5,0.3,31.7,7.8,31494
85213,38.2,6.6,5.3,7.7,37.7,79.2,9,75.6,6.6,72.3,6.9,5.5,5.8,5.2,6.6,13.5,6.9,6,7.2,6.1,23.4,20.8,6,17.4,4.6,3.1,6.8,1.8,1.9,24.4,5.6,35148
85215,55.8,5.3,2.8,4.4,23.8,87.4,5.4,85.3,3.8,83.2,2.9,3.9,4.3,4.6,6.1,8.6,3.3,6.8,9.3,7.9,42.2,39.6,7.7,34.3,8,7.6,18.5,6.3,4.6,14.7,3.3,16270
85224,34.1,6.9,4.1,5.9,46.9,79.6,9.3,76.7,7.5,73.7,10,8.9,7.9,6.7,5.8,12.1,5.2,6.2,7,5.2,15,12.4,3.9,9.8,2.2,1.3,3.7,1.3,1.1,23.3,7.1,44000
85225,32.8,6.8,4.7,7.4,46.4,77.9,10.3,74.8,7.6,70.9,10,7.5,6.9,7,6.3,13.7,6.9,7,6.6,4.4,13.2,11.4,3.6,8.9,1.8,1.6,3.5,1.1,0.9,25.2,6.9,70587
85226,35.7,7.2,4.6,6.9,43.5,78.5,8,75.9,5.8,72.1,8.1,8.2,7.9,6.6,6.9,13.2,6,8.7,7.3,6.1,14.2,11.6,3.6,8.1,1.9,1.1,2.6,0.7,0.8,24.1,6.3,37781
85233,36.4,7.9,4.8,7.6,42.5,79.4,9.1,75.8,6.3,71.6,6.9,8.3,6.1,7.4,8.6,14.2,6.3,8,6.5,4.5,15,13.5,4.2,10.4,2.6,1.8,3.6,1.2,0.6,24.2,5.2,35556
85234,34.2,8.8,5.4,8.2,40.9,73.8,9,70.3,6.2,66.1,5.4,7,7.8,6.3,6.9,17,8.1,7.1,6,5.4,14.8,12.6,4.1,9.4,2.2,1.2,3.1,0.6,1.2,29.7,7.3,50706
85248,59.8,3.9,2,3.3,22,87.3,4.1,86.1,2.8,84,2.8,2.9,4.3,5.9,5.1,8,4.1,5.3,6.1,7.3,49.7,46.9,10.6,42.3,10.5,8.9,21.3,6.5,5.9,13.9,3.9,32646
85249,40.3,9.7,4.9,6.8,33.7,73.5,4.9,70.2,2.9,67.3,2.6,4.1,7.8,9.4,8.5,18.1,8.3,6.7,6.2,5,20.1,18.3,5.2,15.1,3.7,2.9,6.2,1.9,1.5,29.8,6.8,38586
85250,48.1,4.1,2.5,4,34.4,87.4,6.6,85.8,5.1,83,7.6,6.3,5.5,5.8,6.5,7.2,3.1,8.2,7.6,7.7,31.6,28.2,6.9,23.8,4.8,4.6,12.1,3.9,3.6,14.2,4.6,17711
85251,37.4,4.7,2.6,3.5,46.5,85.4,8.6,84,7.6,82.3,12.2,9.7,6.9,6.6,5.7,9.1,4.3,6.5,5.8,4.6,22,20,5.2,17.4,3.1,3.5,9.2,2.1,3.6,16,4.4,40621
85253,52.2,5.9,4.5,5.7,24.7,83.7,5.5,80.7,4.4,78.4,4,2.8,3.3,4.5,7.5,10.6,4.7,9.3,8.5,8.8,35.2,32.3,8.6,26.4,6.2,5.9,11.6,2.6,3,19.3,4.1,18509
85254,44.4,5.9,5.2,7.4,34.5,81.6,6.1,78.2,3.9,75.3,4.6,6.2,5.6,6.7,7.3,11.9,6,8.3,7.7,7.6,25.6,22.2,6.3,18,4.3,2.7,7.3,1.9,2.7,21.8,4.8,45973
85255,49.2,8.2,4.3,5.9,26.2,81.2,4.8,78.9,3.1,76.8,2.4,2.6,4.9,7.3,8.6,13.7,5.5,10.1,7.4,8,30.9,27.5,7.4,22.9,6.6,4.5,8.8,2.2,2.2,21.1,3.2,40401
85256,33.6,7.8,3.2,7,41.6,75.4,10.1,73.1,6.3,69.2,7.8,8.6,8.2,3.7,5.7,15.8,8.1,8.2,5,5.1,15.7,14.7,3.5,10.7,3.3,2.2,3.8,1.2,0.5,26.9,7.9,5380
85257,37.3,2.7,2.1,3.4,47.6,88,9.7,86.5,8.4,84.2,12.3,10.3,7.5,5.7,5,6.4,3.7,6.4,6.9,4.9,22.6,20.9,4.9,17.7,3.9,3.3,8.9,2.5,3.2,13.5,5,31609
85258,54.6,4.3,1.5,2.4,26.7,87.6,4.4,86.9,3.4,85.2,6.1,4.4,4.7,5.6,6.5,8.4,4,5.9,8.2,9.1,41.1,38.2,8.3,32.1,9.8,7.1,14,3.6,3.3,13.1,3.3,24549
85259,48.3,5.9,5.3,7.3,31.2,84.7,6.1,80.9,4.1,78.5,6,3.7,4.7,5.5,7.7,10.6,4.7,10.5,10.3,7.2,26.4,23.5,7.6,19.2,4.8,3.7,6.9,1.7,1.5,19.1,3.2,23043
85260,45.8,5,4.1,5.2,33.3,83.4,5.5,80.6,4.4,78.3,4.6,6.4,5.9,6.8,7.1,10.3,5.3,7.7,8.4,6.8,28.2,25.4,6.1,21.4,5.5,3.4,9.8,2.7,3.6,19.4,5,38337
85262,59.6,2.5,1.5,2.2,15.3,90.7,3.9,89.6,3.2,88.6,1.6,1.3,3.1,3.9,7.5,5.7,3.2,9.1,10.1,13.7,49,43.1,16.3,35.3,10,5.9,8.9,1.6,1.4,10.4,3.3,10815
85263,70.1,0,0,0,3.4,98.4,0,98.4,0,98.4,0.7,0,2.6,0,1.3,0.8,0.8,1.9,7.8,13.2,84,81.7,20.6,70.8,22.3,13.3,27.9,8.2,6.5,1.6,0.8,2531
85264,37.8,9.7,7.5,10.3,34.1,75.7,4.8,70,2.1,66.7,6.3,7.1,3.3,4.9,4.9,16,6.4,6.2,8.5,4.6,24,21.6,10.5,19.4,6.2,2,2.7,0.4,0.3,30,6.4,1315
85266,58.2,5.6,2.8,4.3,16.9,88.4,3.4,86.4,1.8,84.2,1.5,1.5,3.6,4.2,4.9,8.8,3.2,8.7,11.4,11.5,47.4,42.4,11.9,35.9,9.6,6.8,14.4,5,2.6,13.6,2,12519
85268,57.5,4.3,3.4,4.9,21.1,88.7,2.9,86.8,1.5,85.2,2.3,1.9,4.1,6.4,5.9,7.6,3.2,8.7,9.4,10.3,45.1,41.2,12.7,34.8,9.4,5.8,12.7,4.1,2.8,13.2,2.2,24288
85281,24.2,2.8,1.3,16.8,75.5,92.1,44.1,91,28.7,68,14.7,7.7,4.5,3.2,3.6,5.1,2.4,2.7,2.4,3,8.1,6.8,2.1,5.1,1,0.9,2,0.6,0.6,9,2.5,62626
85282,31.6,4.3,3.3,6.4,52.1,83.7,17.2,82,14.1,76.2,11.3,9.4,5.6,5.3,5.6,8.7,4.4,5.1,4.6,4.8,18,15.7,4.2,13.2,3.1,2,5.9,1.5,2.4,18,6,52799
85283,32.2,5.3,3.3,5.9,50.1,81.5,13.3,79.4,10.8,75,11.7,8.9,6.5,6.4,5.4,11.7,6.3,6,5.5,5.4,15.7,13.5,3.8,10.3,2.7,1.6,3.8,1.4,0.8,20.6,5.7,50536
85284,43.3,6.8,5.3,8,35,81.2,6.6,77.7,3.9,74,4.8,5,6.8,6.4,7.9,12.5,5.7,9.6,8.9,7.3,21.7,18.9,7,14.5,3.7,1.9,3.7,0.9,0.9,22.3,4.5,18592
85286,34,8.1,4.8,6.9,43.3,72.4,7.2,69.5,5.2,66.4,6.1,8.1,9,8,8.2,17.6,9.5,6.2,5.3,4.1,11.5,9.7,3,7.4,1.6,1.3,2.8,0.4,1.1,30.5,8,41807
85295,31.6,9.4,5.9,8.1,46.9,71.4,8,67.4,5.7,64.2,7,9.3,8,8.8,7.1,18,8.6,5.9,3.6,3.5,9.8,8.2,2.4,6.3,1.8,0.8,2.1,0.8,0.5,32.6,8.7,43525
85296,33.4,8.9,5.5,7.9,43.4,72.2,6.8,68.9,4.4,65.6,6.1,8.8,8.1,8.1,6.8,17.3,8.4,7,5.4,4.1,11.8,9.9,2.9,7.6,2,1.3,2.8,0.9,0.6,31.1,8.4,42506
85297,31,10.9,5.4,8.3,44.1,66.6,7.2,63.4,4.3,58.9,4.9,8.3,9.5,8.8,7.8,21.4,10.5,4.9,3.6,3.4,8.4,6.8,2.3,5.1,1.2,0.3,1.5,0.9,0.3,36.6,9.8,32890
85298,36.7,9.2,5.2,7.3,36.3,71.3,4.7,68.1,2.6,65,3.8,6.6,7.3,8.6,8.4,18.1,8.9,5.8,4.8,3.9,18,16.6,4.8,14.2,5.1,2.5,4.3,0.9,0.8,31.9,8.6,29113
85301,29.4,7.8,4.9,8,42.9,70.3,10.2,67.1,7,62.4,7.8,7.3,6.5,6.3,6.4,17.8,10,5.6,4.8,4.1,12.3,10.6,2.9,8.2,2.1,1.6,3.3,0.8,0.9,32.9,10.2,67526
85302,35.4,6.5,4,6.6,41.4,78.9,9.6,75.8,7,71.6,9,6.6,6.9,5.2,7.1,13,6.5,7.1,7,4.8,17.2,15,3.9,12.5,2.6,2,5.9,1.7,2.2,24.2,7.2,39647
85303,30.5,8.4,6.2,9.5,45.9,74.1,10.3,69.7,7,65.3,8.5,7.1,6.2,7.5,5.8,16.4,8,6.5,5.8,4.4,11.8,10.3,3,7.4,1.8,1.7,2.5,0.4,0.4,30.3,7.7,31835
85304,40.2,7.6,3.5,6.2,40,81.3,10,79,7.3,74.7,7,6.8,4.8,8,6.6,13,5.4,8,6.2,6.8,21.7,19.5,5.8,14.8,3.1,2.9,6,1.6,1.5,21,4.6,27365
85305,34.4,6.1,5.1,9.3,47.9,81,12.9,77.3,8.6,71.6,7.2,8.6,8.2,6,7.3,11.1,5,8.3,4.6,7.1,14.2,11.2,2.5,7.1,3,0.7,1.6,0.6,0.4,22.7,6.5,12073
85306,37.8,5.8,4.4,7.7,41.4,81.5,11.1,78.5,7.8,73.9,8.3,6.4,5.5,5.7,6.5,10.2,4.4,7.4,8.3,5.8,19.4,17.1,4.8,13.7,3.4,1.7,5.5,1.5,2.3,21.5,6.9,24503
85307,31,7.1,4.1,6.9,45.3,75.2,9,71.8,6.2,68.2,10.9,8.3,7.4,5.6,6.6,15.4,8.3,4.3,3.8,6.8,15.9,14.2,4.6,9.1,2.2,1.3,2.3,0.4,0.6,28.2,8.7,9376
85308,39.8,6,4.6,7.3,40.4,82.3,9.4,79.5,6.7,75.8,8.2,6.5,5.6,6.2,6.2,10.8,4.8,8.3,7.9,7.4,21.2,18.1,6.1,13.9,3.1,1.9,4.7,1.3,1.5,20.5,5.1,66295
85310,40.7,7.6,4.3,8.9,37.5,80.8,10.8,77.4,6.3,71.3,5.5,6.1,4.5,6.3,8.1,14.3,6.7,10,8.2,7.2,18,14.7,4.7,10.8,2.2,2.3,3.9,0.8,0.7,22.6,4,19252
85321,42.8,3.9,2.2,4.8,30.1,78.2,9.3,76.8,6.8,72.8,4.2,6.2,4.4,3.8,4.6,14.7,10.9,4.5,5.4,6.9,34.3,32.4,7.8,27.4,7,5,12.6,4.7,2.8,23.2,6.2,4776
85322,36.1,6.8,0.9,5.4,41.9,81.4,17.1,80.5,12.7,74,2.5,8.5,11.1,1.7,4.3,13.6,6.8,8.1,5.6,3.7,21.5,21.5,5.9,17.8,4.8,2.9,7.1,3.7,0.5,19.5,5,764
85323,29.6,8.4,4.4,7.4,47.1,71.7,10.7,69,7.7,64.2,9.1,7.3,7.8,7.7,5.7,18.5,10.1,5.4,4.7,3.8,10.6,9.2,2.5,6.7,1.5,1.4,2.7,0.8,0.5,31,8.1,42225
85324,56.8,3.5,2.3,3.6,25.8,90.6,5.8,88.4,4.5,86.6,5.5,2.4,3.6,6.2,3.5,7.9,4.4,6.4,13.5,11.5,41.5,35.3,11.9,30,9.5,2.8,8.6,2,3.8,11.6,1.4,2892
85325,69.1,4.9,2.9,2.9,7.9,88.9,0,87.3,0,87.3,0,2.5,2.5,0,0,7.8,2.9,5.2,6.4,9.8,70.7,70.1,11.2,60.8,18.8,22.4,30.8,5,3.5,12.7,1.9,1087
85326,32.5,7.4,5.1,8.3,47.3,75.6,10,72.2,6.9,67.8,8.3,8.5,8.2,7.1,6.5,15.7,8.3,5.9,4.9,4,12.7,11.4,3.2,8.8,2.4,1.8,3.2,0.9,0.5,27.8,6.9,58276
85331,48,6.8,4.7,6,27.7,81.5,5.1,78.2,3.8,75.9,3.1,3.3,4.7,6.7,9.2,12.5,5.7,8.1,9.3,8.5,28.5,25.3,7.8,20,4.9,3.4,7.3,1.9,2,21.8,4.6,29264
85332,63.8,4.6,2.9,4.3,20.7,86.2,4.4,83.6,3,82.2,2.9,6.1,2.1,2.3,2.6,10,5.4,2.1,3.9,9,57.2,53.2,9.6,48.2,21.1,12.5,17.6,1.5,3.6,16.4,3.5,1548
85333,48.8,6.4,8.1,11.6,34.7,85,4.2,79.8,0.7,76.3,8.2,5.6,5.7,2.9,4.2,9.1,2.7,11.3,13.8,6.7,23.9,20.7,5.1,17.2,2.7,5.2,9.4,3.2,1,20.2,3,594
85334,47.1,4,3.8,12.8,35.4,93.5,13.9,89.7,4.9,80.7,1.1,4.6,3,9.1,11.4,6.5,2.5,12.3,9.4,6,25,23.7,8.5,19,5.1,1.4,5.3,2.4,1.5,10.3,0,844
85335,29.9,9.3,5.4,8.2,45.8,71.4,9.6,67.8,6.7,63.6,8.4,8.7,6.8,6.9,6.2,18.1,8.8,4.9,4.3,3.5,11.9,10.6,3.3,8.4,2.4,1.2,2.7,0.9,0.6,32.2,8.7,34400
85336,37.2,2.8,4,4,43,79.1,14.9,76.9,14.9,70.5,2.4,4,9.8,8,2,7.4,4.6,6,7.8,4.6,22.1,22.1,5.4,17.5,8,4.2,4.2,0,0,23.1,11.8,502
85337,31.7,6.2,4.2,6.1,44.9,71.8,8.8,68.6,6.9,65.8,7.5,5.5,11.4,7.5,5.2,17.5,11.3,4.3,5.5,3.2,12.8,11.3,4.3,9.6,2.9,1.8,2.4,0.2,0.4,31.4,9.7,2611
85338,33.9,9,4.9,6.9,41.5,74.1,7.9,70.6,5.9,67.8,7.1,6.9,7.8,6.9,7.1,16.5,7.5,5.7,5.4,6.2,15.9,13.2,3.9,9.7,2.9,1.5,2.9,0.9,0.6,29.4,8,47588
85339,30.2,9,5.3,7.9,44.7,69.5,8.5,66.2,5.9,62.2,7.2,8.7,7.7,7.3,6.6,18.7,9.7,5.1,5.2,3.8,10,8.2,2.8,6.2,1.5,1,1.9,0.5,0.4,33.8,9.8,45040
85340,37.2,9.4,6.4,8.6,39.5,75,6.6,70.6,4.5,67.4,4.9,5.9,6.8,8.9,6.9,17.7,8.3,7.6,6.6,5.1,16.5,14.8,4.4,11.4,2.6,1.2,4.3,2,1.2,29.4,5.3,32436
85342,61,1.3,1.6,3.9,13.1,90.3,4,89.2,1.7,86.1,1.7,2.5,1.9,1.4,5.5,4.4,3.1,8.3,10.7,14.7,53.1,46,14.4,38.4,13.2,5.1,10.8,2.6,3.2,10.8,4.8,1284
85344,40.5,6.1,3.4,7.4,34.5,79.4,12.2,76.5,8.2,70.8,4.2,5.8,3.9,5.1,6.7,12.6,6.5,6.4,8.4,6.1,23.8,21.7,4.1,17.7,4.8,4.9,8.8,2.3,1.6,23.5,7.5,10537
85345,34.9,7.6,3.4,6.2,39.3,76.6,9.7,74.5,6.9,70,7.5,7.4,4.5,6.8,6.6,15,7.4,6.4,6.7,5.7,18.9,16.2,4.7,13.1,3.5,2.4,5,1.2,1.4,25.5,7.1,56473
85347,32.3,5.8,3.5,8.2,41.8,68.1,11.3,66.6,6.6,59.2,3.6,7.9,6.8,8.6,3.8,18.7,12.9,4.4,3.7,2.8,16.4,14.6,3.7,13.6,1,2.7,9,6.3,0,33.4,11.2,938
85349,27.3,9.8,5.6,9.1,44,71.5,13.2,67.5,9.8,62.2,7.3,6.2,5.2,6.4,7.4,17,7.2,6.2,5,4.5,10.6,8.5,2.4,6.1,1.4,0.6,2.3,1,0.7,32.5,9.8,29972
85350,28.6,8.9,5.4,9.8,49.1,72.3,13.9,69.2,9.5,62.6,6.9,8.5,6.6,7.7,5.4,16.5,7.6,4.2,4.2,4.6,11.7,9.6,1.6,7.1,1.8,1.9,3.6,0.9,0.8,30.8,8.9,22691
85351,72.9,0.2,0,0.2,3.2,99.5,0.8,99.5,0.6,99.3,0.9,0.4,0.4,0.7,1.6,0.3,0.1,2.8,5.5,10.3,86.4,82.5,15.9,76.1,17.4,15.8,42.8,13.2,13.8,0.5,0.2,28855
85353,27.8,9.8,5.6,8.7,49.2,69.9,11.1,66.2,8.1,61.6,9.5,9.4,7,6.5,5.5,18.7,8.9,4.9,3.7,3.2,8.5,7,2.3,5.3,1.1,0.8,1.9,0.4,0.7,33.8,9.4,39400
85354,35.4,8.3,5.7,7.6,40.1,74.9,6.7,71.3,4.8,68.1,7.1,6.8,5.3,8.5,6.6,17.1,8.8,6.7,6.5,4.3,17.1,16.1,5.7,12.8,3.1,2.1,4.1,1.5,0.5,28.7,5.9,7008
85355,35.7,10.3,3.3,6.5,39.7,75.2,8.3,72.7,5.1,68.2,6.7,6.6,8.7,6.1,5.6,17,6.7,7.4,8.6,3.9,14.7,13.2,5.9,10.8,2.2,1.6,2.8,0.5,0.7,27.3,7.1,11369
85356,53.4,5.1,3.2,5.5,28.7,84.7,8.7,83.2,6.4,78.3,4.2,3.8,4.9,3.9,5,10.3,5.2,6.2,5.8,7.1,40.8,40.3,8.4,33.6,9.9,8.9,15.3,5,1.4,16.8,3.2,4997
85361,42.4,10.5,6.9,7.9,37.1,79.5,3.8,73.6,2.8,72.1,4.1,4.1,8.3,9.9,5.9,15.6,5.1,7.5,7.7,6.3,22.3,20.4,8.1,16,4.6,2.1,3.3,0.6,0.5,26.4,4,5777
85362,64.3,1.2,0,0,2.1,95.5,0,95.5,0,95.5,0.7,0,0,1.3,0.6,4.5,3.3,4.5,22.4,20.2,65.9,60.1,14.2,45.7,17.9,6.7,13.6,4.3,2.5,4.5,0,669
85363,35.3,8.6,3.9,6.3,39.1,76,6.8,73.1,4.4,69.9,9.2,6.4,8.2,4.6,7.5,15.8,7.2,4.7,3.2,3.9,22.5,21.3,4,18.6,4.8,3,9.8,2.9,3.8,26.9,7.2,6625
85364,31.6,7.5,4.4,7.6,42.8,75.7,12.4,72.9,9.2,68.2,8,7.1,5.2,5.7,5.7,15.5,8,5.4,5.1,4.4,18.2,16.2,4,13.8,3.1,3.1,6.7,2.3,1.4,27.1,7.3,74299
85365,35.6,6.1,3.8,6.5,39.5,78.4,12,75.8,9.3,71.4,7.5,5.6,4.8,5.8,4.7,13.4,7.3,5.4,5,4.6,25,23.1,6.1,20.4,5.3,5,9.1,2.3,1.8,24.2,7.1,48973
85367,64.2,3.1,1.9,2.9,21.1,88.3,3.8,86.8,2.7,85.2,4.6,4.3,3.1,3.5,3.5,7.1,4,4.5,3.9,7,55.7,52.8,9.8,48.7,13.1,13.2,25.9,7.7,5,13.2,4.2,21018
85373,66,3.7,1.4,2.4,17.8,88.1,2.6,86.9,1.7,85.6,3.9,4.1,3.1,2.7,3.8,7.5,3.9,3.4,5.3,6.8,58,55.5,10.7,51.2,12.8,10.3,27.7,8,9.5,13.1,4.1,18714
85374,54.7,4.7,2.6,3.9,27.1,86.1,5.2,84.3,3.9,81.8,4.7,5,4.5,5,5.3,9,4.3,4.8,5.4,7,44.3,41.5,9.1,37.3,10.4,8.3,17.8,5.5,4.1,15.7,4.1,46395
85375,73.8,0.2,0.3,0.3,3.5,99,0.5,98.8,0.5,98.8,0.8,0.8,0.5,0.5,1.1,0.8,0.6,2.3,3.7,9.7,88.5,85.3,15.4,78.8,16.9,16.1,46.4,14.7,15.6,1.2,0.1,28133
85379,34.6,9.9,4.5,7.1,42.5,73,8.7,69.8,6.2,65.9,5.1,6.7,7.8,9.6,7.7,18.2,8.2,5.3,6.1,3.8,12.8,11.3,3.6,9,3,1.4,2.4,0.6,0.4,30.2,7.4,46320
85381,42,5.9,3.7,6.8,37.8,83.2,10.2,81.1,7.1,76.6,7,5.4,6.1,5.4,7.8,10.6,4.7,7.6,6.8,6.8,24.8,22.2,5.5,18,3.9,3.2,8.7,1.9,3.6,18.9,4.6,24968
85382,42,6.2,4.5,6.8,35.9,79.8,6.9,76.7,4.7,73.5,5.1,6.3,5.8,7.2,6.1,12.4,6.2,6.3,6.1,6.1,26.7,23.9,4.6,20.6,4.9,4.3,11.1,3,3.8,23.3,6.4,40626
85383,38.3,9.2,5,7,36.8,73.7,7,70.7,4.9,67.6,3.9,5.7,6.1,9.2,7.2,17.3,8.1,7.8,7.1,5.8,16.8,14.5,4.8,11,3,1.7,3.2,0.8,0.7,29.3,7.1,46118
85387,64.7,2.6,0.3,0.7,19.5,91.9,2.5,91.6,2.1,90.5,7.4,3.9,3.1,2.2,3.6,4.6,2.1,6,4.9,8.4,57.9,54.8,17.4,49.5,17.1,8.1,14.9,4.5,2.3,8.4,3.5,10829
85388,34.6,10.7,4.9,8.2,41.6,71.3,7.3,67.6,4,63.8,4.4,6.6,9.8,8.6,7.1,20.3,9.6,5.3,4.2,3.9,14.3,12.7,4.6,10.3,2.7,1.7,3,1,0.4,32.4,7.2,28442
85390,56.8,5.6,2.5,4.2,22.6,85.7,3.8,83.5,2.1,80.9,5.1,5.5,1.9,3.9,4.2,11,5.4,4.7,8.1,9.2,46.4,42,9.8,37.2,10.4,7.1,17,6.3,3.6,16.5,2.9,8924
85392,33.2,7.4,5,7.5,46.1,76.6,10.6,73.4,8.1,68.9,8.1,7.7,7.3,7.4,7.4,14.4,7,6.7,5.3,4.6,12.9,11,3.5,8.3,2.5,0.9,2.3,0.8,0.6,26.6,7.2,37710
85395,43.6,6.9,2.9,5,36.1,83.7,7.1,81.6,4.9,78.3,5,6.9,7.9,6.4,6.7,11.2,4.3,5.6,6.6,6.3,29.5,27.7,7.8,23.2,7.8,4.2,7.5,2.2,1.2,18.4,4.4,28364
85396,40.1,9.4,4.7,6.5,31.2,73.1,4.2,69.6,2.3,66.9,4.3,4.6,6.2,7.3,7.2,19.1,9.7,6.1,5.5,7.4,24.2,21.2,8.3,16.8,4.6,2.3,4,0.8,0.8,30.4,6.7,17759
85501,43.7,6.8,3.5,5.3,35.5,81.7,8.7,79.5,6.9,76.3,7,5.1,4.1,7,5.4,11.2,4.5,4.3,7.2,7.4,30.7,27.5,7.7,23.3,5.8,4.6,9.7,3,2.1,20.5,5.8,12657
85530,25.8,6,4.4,8.3,41.9,69.1,14,66.4,10.1,60.3,9,6.1,4.7,3.7,5.3,15,9,5,6.5,3.5,12.1,11,3.2,8.7,1.8,3.3,3.7,0,0.4,33.6,14.2,1942
85533,32.4,9.1,2.6,5.6,37.2,72.1,9.6,71.1,6.5,66.9,7.3,7.3,7.1,3.4,4,17.5,8.3,4.8,6.2,5,21.3,19,3.9,16.3,2.5,3.2,10,5.5,1.3,28.9,8.9,3141
85534,42.5,7.1,6.7,9.8,36.9,79.1,10.2,74.6,7.1,70.5,4.1,2.9,4.3,8.6,5.6,12.7,5.6,7.8,6.2,8.1,24.8,21,3.6,16.7,4.5,4.9,8.6,2,1.8,25.4,6,2761
85536,31.5,16.1,5.4,5.4,35.7,61,5.7,59.8,5.7,58.8,1.6,5.4,13.7,4,0,21.8,5.7,14.9,0,7.5,14.6,11.8,1.9,7.1,1.7,1.6,3.5,1.9,0,40.2,13,577
85539,43,7.7,3.5,4.3,28,75.7,4.9,73.2,4,72,7.7,6.3,3,2.7,7,16.1,8.4,7.3,7,5.9,27.3,25.4,6.7,21.5,5.9,3.7,8.9,3.2,2,26.8,7.2,5109
85540,30.6,8.6,6.1,8.6,50.2,73.5,9,69.9,6.6,65.9,9.6,10.9,6.4,8.2,6.8,16.8,8.2,6.7,5.5,4,6.9,4.9,1.4,2.8,1,0.5,0.5,0,0,30.1,7.2,3415
85541,56.1,4.4,2.6,4.3,22.6,86.6,5.4,85.1,3.7,82.6,3.1,3.9,3.2,4.3,5,8.3,3.9,8.1,8.4,9.9,43.5,38.9,9.9,33.6,8.8,6.3,14.8,5.1,3.3,14.9,4,21546
85542,23.7,11.1,8.3,12.8,45,66,13.3,60.1,8.8,54.4,6.8,5.3,6.2,5.1,4.8,19,7.9,3.4,4.4,4.1,10.6,9.1,2.4,6.6,1.3,1.5,2.9,0.7,0.7,39.9,12.6,3440
85543,34.2,12.3,3.2,4.3,34.4,69.6,5.9,67.6,4.8,65.4,5.4,8,6.3,5.7,4.7,21.2,9,3.9,4.7,8.2,23.1,20.5,4.5,14.9,3.9,2.1,6.5,2.6,1.7,32.4,7.9,3644
85544,64.8,2,3.9,3.9,13.7,93,1.3,90.8,1.3,90.8,0.7,1.1,4.4,2.3,6,5.3,3.3,2.7,7.1,15.6,65.1,55.8,17.3,49.5,16.1,8.9,16.1,4.3,2.9,9.2,0,2305
85546,35.4,7,4.7,6.6,42.8,78.3,7.9,74.9,6,71.9,9.1,7.4,6.9,6.8,6.9,14.2,7.2,5.6,5.2,5.6,19.3,17.1,3.7,13.7,3.8,2.7,6.2,1.9,1.5,25.1,6.2,20594
85550,25.3,8.8,3.7,6.8,40.1,65.4,12.3,62.7,9.2,58.1,6.8,7,5.9,4.4,6.5,21.6,12.8,5.1,6,2,8.8,7.8,2.4,6.7,2.2,0.8,2.1,1.2,0,37.3,12,5227
85551,40.4,4,2.4,7.5,40.6,87,13.4,84.7,8.3,79.5,3.1,12,5.2,4.5,5,8.5,4.5,7.8,7.8,7.1,25.9,22.6,2.6,18.9,4,2.6,12.3,3.1,6.6,15.3,4.5,424
85552,29,6,5.1,11.6,45.7,76,19.9,72.6,13.4,61.8,3.8,6.1,6.5,4.3,4.7,14.7,8.7,5.4,3.4,4.6,18.5,16.4,5.9,13.9,3.3,1.9,4.7,1.3,1.5,27.4,7.6,6556
85553,64.4,3.5,1.1,1.1,11.8,92.1,1,91,1,91,3.9,1.7,2,2.1,2.4,6.8,3.3,4.8,14,14.5,59,56.6,21.6,44.5,14.2,1.9,8.7,3.7,3.1,9,1.1,1683
85554,61.8,0.6,4.3,7.9,15.4,92.5,4.7,91.3,1,86.6,0,0,2.2,4.3,0,2.2,1.6,11,18.3,5.3,50.9,49.7,13.8,45.6,6.1,5.7,25.8,7.1,13,8.7,2.2,493
85602,52.7,6,4.8,6.6,28.1,84.8,5.3,81.8,3.5,78.8,3.8,4.6,5.5,4.1,3.7,10.2,4.2,6.9,4.9,8.7,43,38,8.9,34.3,8.9,7.6,16.5,3.4,5.5,18.2,3.2,9016
85603,53.6,5.3,3.2,3.8,24.8,83.5,4.5,81.3,3.8,80.1,3.5,4.6,4.2,4.9,5.1,12.7,7.4,6.7,9.6,10.2,38.4,32.6,10.5,28.2,6.6,4.7,11.1,3.1,3.3,18.7,2.8,6775
85605,58.9,1.5,4.7,6.8,30.8,92.3,8.1,87.6,6,85,5.3,4.9,1.1,6.6,1.1,2.6,1.1,5.1,9.2,9.4,46.2,42.9,5.8,36.8,10.9,8.3,20.1,7.3,4.5,12.4,5.1,468
85606,58.3,1.4,0.4,0.4,14.2,86.9,2,86.5,2,86.1,1.3,4.2,3.4,2.9,3.1,7.2,5.8,11.3,10.3,13.5,47.9,41.2,12.5,34.4,13.9,3.4,7.9,2.6,1.9,13.5,5.9,1183
85607,31,8,5.5,9.7,41.2,74.1,11.9,70.8,7.8,64.9,7.1,7.1,5.6,3.9,5.8,16,8,5,4.8,6.3,19.6,17.9,4,13.3,4,1.9,5.3,1.6,1.8,29.2,7.7,14428
85608,34.5,0,0,2.2,80.3,100,13.4,100,11.2,95.7,21.7,16.1,17.1,12,10.2,0,0,5.6,1.4,1.4,2.6,2.4,0.5,1.1,0.6,0,0,0,0,0,0,6190
85610,60.2,3.9,2.4,2.4,20.3,91.4,9.5,89.2,9.5,88.7,1.5,0,4.9,1.9,2.4,5.6,1.7,8,10.3,12.5,50.7,45,9.6,38.2,7.4,11.7,21.2,5.3,4.2,10.8,2.7,874
85613,22.6,3.2,1.9,13.2,71.8,74.3,31.8,73.4,20.5,56.1,17,7.2,8.6,5.3,2,12.1,9,1.2,0.2,0,0.1,0.1,0,0.1,0,0.1,0.1,0,0,26.6,12.6,5509
85614,69.7,2.2,0.9,1.5,10.6,93.1,2.1,92.6,1.5,91.9,1.8,2.8,1.7,1.4,1.3,4.6,2.4,2.9,5.1,8.3,73.5,71,16.2,65.2,16,14.6,33,9.8,8.6,7.4,1.9,23229
85615,48.9,3.7,4.6,6.1,29.2,83,6.4,79.3,4.8,76,4.5,5.2,3.5,5,7.1,7.9,4.2,6.7,7.4,11.7,33.5,30.6,12.6,21.8,2.2,4,7,1.8,1.1,20.7,8.2,9929
85616,44.9,5.8,3,3.6,31.6,80.2,7.5,78.6,6.8,76.6,7.5,4.4,4.8,4.4,6.2,13.5,7.7,8.2,6.5,10.6,29,24.5,8.4,18.4,4.3,2.9,5.7,2.3,0.5,21.4,4.9,5374
85617,55.6,9.1,3.4,5.3,18.9,79.1,2.9,76.7,0.9,74.8,1.9,3.6,2.5,4.7,3.9,12.7,3.6,5.6,10.1,10.1,41.7,36,11.4,31.6,10.7,3.6,9.5,1.5,4.5,23.3,7.2,1293
85618,43.7,7.6,4.5,4.8,28.1,76.5,4.4,72,4.2,70.9,5.7,5.6,3.1,4.8,3.3,17.3,9.7,9,11.2,4.7,24.9,21.6,4.3,20.3,3.2,4.8,12.8,4.1,3.9,28,6.1,1781
85620,42,7.5,11.9,11.9,29.7,71.8,8.5,65.1,8.5,65.1,1.6,2.7,1.5,3.4,1.5,16.9,9.4,12.2,4,10,29.6,25.1,10.9,19.6,5.8,2.4,2.8,0.4,0,34.9,6.1,670
85621,34.1,8.4,5.3,9,36.8,74.1,11,70.1,7.3,64.9,4.9,4.8,4.9,5.8,5.9,17.3,8.9,6.4,4.7,5.4,21.7,19,5,16.2,4.5,2.9,6.7,2.1,1.8,29.9,7.2,22290
85622,71.8,0,0,0.1,1.2,99.7,0.4,99.7,0.3,99.7,0.5,0.3,0,0,0.3,0,0,1.1,6.4,12.3,90.8,87.7,21.6,78.5,20,18.8,36.9,11.3,6.8,0.3,0.2,6330
85623,59.3,4.7,6.9,8.6,26.6,84.8,3.2,80.8,1.6,79.2,4.2,6.2,3.5,2.6,4,9.7,5,3.1,5.6,10.8,48.4,44.7,10.8,37.6,10.5,7.5,16.3,4.5,4.3,19.2,2.5,4980
85624,51.9,4.2,1.5,3.2,25.9,82.8,6.8,81.8,5.1,78.6,4.7,2.9,4.2,5.8,4.7,11.9,7.7,4.7,8.2,9.2,39.8,36.1,11.4,30.6,4.1,4,15.1,6.2,4.9,18.2,4.7,1390
85625,59.1,3.9,5,5,18.7,83.8,1.9,81.8,1.9,81.5,3.7,2.4,2,3.6,5.3,11.5,7.6,6.4,8.1,9.3,48.4,45.7,14.8,39.1,8.4,8.1,15.9,5.6,2.2,18.2,1.7,2053
85626,32.9,6.9,8.5,14.3,39.4,80.1,12.8,73.5,7,67.7,7.3,3.8,0,7.1,6.4,10.6,3.7,8.2,10.7,6,17.4,11.4,3.1,11.4,3.3,3.9,5,1.1,0,26.5,7.3,1172
85627,44.2,6.3,5.1,7.4,32,76.7,6.3,71.6,4,67.4,4.2,3.5,3.5,9.3,5.9,14.8,8.5,5.8,6.5,9.9,26.5,23.4,7.3,16.7,3.5,3.1,5.9,1.6,1.2,28.4,8.4,1187
85629,34.1,9.1,4.7,6.6,40.3,70.4,5.9,67.4,4.1,64.4,5.4,7.3,10,7,5.9,19.4,10.3,5.6,4.6,4.5,15.7,13.7,3.9,11.2,3.3,2.1,4,1.1,0.8,32.6,8.4,25500
85630,50.1,9.4,3.4,4.4,25,77.3,4.6,74.5,3.6,71.8,5.9,4.2,2.9,3.9,2.8,14.4,5,4.1,10,10.6,36,31,7.9,25.4,8.5,4.5,9.1,4.6,0,25.5,7.7,2418
85631,46.8,7.9,5.7,7.5,27.1,79,4.3,74,2.5,71.8,3.9,4.2,4.7,4.3,6.7,15.6,7.7,8.7,6.4,7.7,30.8,26.8,6.5,23.1,6.4,2.6,10.1,4.2,3.3,26,4.7,3719
85632,53.7,4,2.6,7.1,23.7,86.8,10.3,86,5.8,80.6,1.1,4.1,3.6,2.1,10.8,7,3,6.7,6.6,10,40.8,37,12.8,30.8,10,3.2,8,2.1,2.8,14,4.3,759
85634,27.3,8.3,6.9,10.2,45,72.1,14.1,67.5,10.9,61.6,6.1,4.6,6.5,6.7,4.2,17.7,9.4,5.9,5,4.7,14.4,12.4,4.4,9.7,2.8,1.5,2.5,0.7,0.4,32.5,7.8,6409
85635,37.1,7,3.9,6.1,37.1,76.8,7.5,74.6,5.2,71.8,7.3,7.7,5.4,5.4,5.9,14.5,7.5,5,6.1,6,24.3,22,5,18.3,4.5,3.6,8.8,3,2.2,25.4,7.1,33574
85637,58.2,5.4,7.2,9.6,25.7,87.4,4,82.7,1.6,80.3,0.3,2.6,5,6.6,4.7,7.6,2.2,7.5,3.8,9.4,48.2,45.3,11.2,38.8,8.7,10.6,18.9,5.5,2.8,17.3,2.5,1313
85638,57.3,4.4,1.5,2.8,21.9,85.8,6.1,84.9,4.7,81.9,2.3,1.6,5.1,5.4,4.4,8.6,4.2,6.1,7.3,10,46.7,44,12.4,36.7,13.5,7.9,10.8,1.8,1.1,15.1,5,1991
85641,37,9,4.9,6.6,36.7,73.4,6.3,70.1,4.5,67.1,4.4,6.5,7.7,6.8,7.9,16.9,7.9,6.7,6.2,5.2,17.5,15.7,6.4,12.3,2.5,1.2,3.4,1.4,0.8,29.9,8.1,25657
85643,36.5,7.5,3.8,5.9,38.1,78.1,10,76,7.9,71.8,5.5,8.5,6.7,3.6,5,13.9,6.4,6.9,5.4,6.3,24.5,22.1,6.1,18.2,5.8,3.2,6.3,2.3,0.8,24,6.3,8239
85645,41.9,12.1,0.3,1.6,31.2,78,13.3,77.7,11.9,71.9,3.4,4.5,3.9,5.8,7.3,18.2,6.1,5,6.4,8.5,28.2,24.8,8.9,19.6,6,3.5,4.8,0.3,1,22.3,3.8,2235
85648,33.3,7.3,5.5,8.4,40.5,74.4,9.7,70.2,6.8,66.6,6.6,6.3,6.5,5.9,6.3,16.3,9,6.4,6.6,5.3,16,13,4.5,10.7,2.2,2,4,1,1,29.8,8,18992
85650,51.2,7.1,2.6,5.2,25.2,81.1,6,79.8,3.4,76.6,2.7,3.7,3.9,6.2,5.2,12.9,5.8,9.7,6.5,8.8,35.8,32,8.9,27,5.4,6.2,12.7,3.9,2.6,20.2,4.7,15136
85653,36.1,9.1,3.8,5.9,37.5,74.7,8.6,72.7,6.5,69.1,4.5,8.1,7,5.6,6.4,16.5,7.5,4.9,6.8,7.1,20.8,18.8,5.9,13.7,3.6,1.8,4.2,1.4,1,27.3,7,16405
85658,56.9,4.7,1.1,2.9,22.4,86.1,5.6,85.3,3.8,83.1,2.9,4,6.1,2.8,5.6,9.5,4.8,4.7,9.3,10,44.4,40,12.8,34.5,10.6,6.8,11,2,2.2,14.7,4.1,10683
85701,33.9,6.2,3.2,5,51.7,84.1,14.2,82.1,12.4,79.6,10.8,9.9,7.1,6.6,4.2,10.9,4.7,5.4,8.3,5.7,15.8,12.7,3.2,10.1,3,1.9,3.9,1,1,17.9,3.7,5286
85704,46.6,3.9,2.6,4.9,34.8,85.7,9,83.8,6.7,80.4,7.6,4.7,5.5,5.3,5.4,8.6,4.7,6.3,6.2,7.4,33.7,30.7,7.2,26.3,5.2,4.7,13.9,4,5.2,16.2,5,31795
85705,34.6,5.3,3.9,6.9,45.4,80.9,15.1,78.5,12.1,73,8.1,5.8,6.7,5.9,5.9,11.4,6,5.8,6.1,5.5,19.2,17,4.5,13.8,3.9,2.4,5.4,1.4,1.6,21.5,6.2,55463
85706,28.3,8.9,5.9,9.1,45.2,71.2,12.9,67.2,9.6,62.1,6.7,6.4,7.1,6.3,5.3,18.2,9.3,5.2,4.8,4.2,12.6,10.4,2.8,8.4,2.4,1.4,3.2,0.9,0.9,32.8,8.8,55691
85708,23,9.7,2.2,3.4,55.2,58.8,13.1,56.8,11.9,53.6,14.1,9.1,8.6,8,1.2,20.5,10.8,0.4,0.5,0.6,1.7,1.4,1.1,1.1,0,0,0,0,0,43.2,20.6,4187
85710,41,4.8,2.8,4.6,37.5,82.7,11.7,80.8,9.9,77,6.2,6.6,5.3,4.7,5.8,10.7,5.9,6.6,6.2,6.1,27.5,25.2,5.5,21.5,4.2,3.4,11.7,3.7,4.6,19.2,5.7,56168
85711,35.6,6.1,3.5,6.5,41.2,80.5,12.1,77.8,9.1,72.8,7.7,7.3,5.2,5.4,5.6,11.9,5.8,6.6,6.8,6.9,21,18.3,4.8,14.1,3.1,2.4,6.3,1.8,2,22.2,6.8,39451
85712,40.8,4.1,3.1,5.2,39.9,84.1,10.1,81.9,8,78.6,7.9,8.2,4.8,5.8,5.3,9.2,5.2,7.5,7.2,7.2,25,22.3,4.9,17.9,4.3,3.3,8.7,2.3,3.1,18.1,5.8,33239
85713,36.4,7,3.4,6.3,40.5,79.9,12.4,77.4,9.5,72.5,6.6,6.4,6.3,5.3,5.3,13.4,6.4,7,6,6.1,22.1,19.7,5,16,3.8,2.9,7.2,2.4,1.9,22.6,5.9,46071
85714,31.4,7.8,4.3,6.2,40,74.9,12.5,71.9,10.5,66.9,7.7,4.9,5.7,4.9,5.8,15.5,7.7,5,5.9,5.4,19.5,17,3.9,14.1,3.3,3.5,6.9,1.7,1.7,28.1,8.3,14683
85715,49.2,5.4,3.4,5.3,32.1,85.5,9.8,82.8,7.9,79.5,4.7,5,3.8,5.5,5,10.6,5.2,7,8.6,7.5,33.4,30.3,7.7,25.9,5,6.2,13.2,3.4,3.6,17.2,3.3,17066
85716,37,3.9,2.6,4.3,45.7,85,13.9,83.2,12.1,79.6,9,7.9,6.4,6,6.3,8.7,4.8,5.2,7.5,6.6,21,18.2,5.6,14.4,3.7,2.3,5.1,1.5,1.3,16.8,5.6,31134
85718,51.3,4.1,3.3,5.8,30.1,86.4,8,84.3,5.5,81,6.2,4.4,3.6,4.7,5.9,8.6,4.5,6.1,8.1,8.7,37.3,33.2,10.1,28.6,6.6,4.4,11.9,3.7,3.9,15.7,3.8,26262
85719,23.1,2,1.6,19.6,72.5,92.4,49,91.2,31,64.6,9.4,6,3.5,2.9,3.1,4,2,4.1,2.9,3.5,10.3,8.8,2.3,6.8,1.4,1.2,3.2,0.6,1.4,8.8,3.2,47503
85730,38.5,5.9,3.4,5.9,38.4,79.8,9.8,77.5,7.3,73.9,6.4,7.6,5.6,5.6,5.8,12.6,6.7,6.6,7.5,6.7,22.6,20,5.3,15.9,4.3,3,6.3,2.1,1.2,22.5,6.5,39055
85735,46,5.4,3.1,4.1,32.4,81.6,8.6,80.1,7.5,77.8,4.2,5.4,5.5,5.8,4.7,9.4,4,9.1,10,7.8,27,23.7,4.6,19.2,5.9,6,8.7,1.7,0.9,19.9,7.4,11108
85736,46.4,5.5,3.1,6.5,33.8,84.4,9.8,82.2,6.4,76.4,4.2,6.1,3.9,6.8,8.4,11.8,6.3,6.7,7.4,9.2,29,25.6,5.7,19.8,9.1,2.5,5,1.7,0.8,17.8,2.9,4998
85737,51.4,6.3,5,7.2,28.3,84.8,6.9,81.8,4.8,78.1,2.9,3.2,5.6,4.6,6.7,10.1,3.8,7.1,9.2,8.9,35.5,31.9,8.6,26.7,7.1,4.8,11,3.5,2.7,18.2,3.2,21293
85739,65.6,2.7,2.4,3.7,17.4,90.2,2.8,88.6,1.5,87,2.7,2.1,3.1,4.3,2.6,6.1,3.4,3.8,5.4,9.8,61.8,58.4,15.1,52,14.6,12.8,22.3,6.2,3.3,11.4,2.8,18474
85741,34.7,5.8,3.9,6.3,43.2,79.5,12.2,76.9,9.8,72.5,8.1,7.1,6.1,5.8,5.8,11.9,6.1,6.2,6.6,5.9,19,16.4,4.7,13.1,3.7,2.1,4.8,1.4,1.3,23.1,7.3,35149
85742,39.2,5.7,4.6,6.7,37.7,79.2,8.4,75.7,6.3,72.3,5.5,6.1,6.9,6.2,6.9,12.6,7,6.9,7.2,6.5,21.5,18.8,6.1,15.1,3.4,2.8,5.5,1.3,1.5,24.3,7.1,26868
85743,40.8,8,3.4,5.5,36.3,78.3,8,75.8,5.8,72.1,4.6,5.5,6.5,8.3,6.3,15,7,6.6,6.7,5.7,23.2,21.4,5.8,17.5,5.3,3.4,6.4,2,1.1,24.2,5.9,29552
85745,39.5,5.5,3.2,7.3,40.7,84.3,14.9,82,10.7,74.5,6.6,5.7,5.2,5.1,5.7,10.3,4.8,6.7,6.7,7.8,25.4,22,6.3,17.7,4.2,3.2,7.3,2.1,1.9,18,4.5,38005
85746,32.6,8.8,5.4,8.4,41.7,74.3,11.6,70.9,8.6,65.9,5.9,6.3,7,5.6,5.2,17.4,8.5,6,5.7,5.3,17.7,15.5,3.8,12.3,3.6,2.2,4.9,1.6,1,29.1,6.4,43873
85747,34.4,8.8,5.5,8.4,41.6,73.4,8.9,69.9,6,64.8,5.1,6.5,7.3,8.2,7,16.3,7.5,6.8,5.6,4.3,14.2,12.4,3.6,9.9,2.5,1.9,3.8,1,1,30.1,8.4,25077
85748,45.2,6.3,3.8,5.9,34.9,83.4,8.7,81.3,6.6,78.6,6,4.5,5.4,6.4,6.1,10.9,4.5,6.3,9,7.8,28.8,25.6,8.1,21,6.1,3.6,6.9,1.6,1.7,18.7,4,17727
85749,52.4,6.1,3.6,5.6,25.4,84.8,6.5,82.7,4.5,79.6,3.4,4,3.4,4.4,7.1,10.7,4.6,9.2,9.4,9.1,35.3,31.8,10.1,26.2,6.6,4.5,9.5,2.6,2.4,17.3,3,19121
85750,52.7,5,4.1,5.5,27,86.6,6.6,83.9,5.2,81.5,3.9,3.2,4.2,5,7,8.8,3.9,8.1,7.1,8.6,38.8,35.5,9.7,30.3,7.3,6.3,13.3,3.7,3.3,16.1,3.2,24207
85755,56.8,4,4.6,6,23.6,86.4,6,82.8,4.5,79.5,1.2,2.3,5.4,4,5.7,8.5,4.6,4.9,8.2,8.3,45,42.6,8.3,36.7,9.7,8.1,18.8,5.5,5.2,17.2,4.1,16143
85756,33.4,6.8,3.6,5.9,47.5,78.3,10.7,75.7,8.5,72,8.2,9.9,8.2,6.8,6.1,13.8,7,5.7,4.9,4.1,15.1,13.2,3.6,11,2.6,1.9,4.7,1.5,1.4,24.3,6.9,40965
85757,30.5,8.7,7,9.3,45.3,70.8,9.5,67,7.1,63,6.8,7.9,7.8,6.4,6.3,17.4,8.7,5.8,4.5,3.6,12,10.7,2.8,8.4,2.1,1.5,3.5,0.7,1.4,33,8.6,19264
85901,41,7.3,4.6,7.8,33.2,78.8,8,76.1,4.9,71.7,5.3,5.2,6.6,3.5,4.7,12.9,5.6,6.5,6.8,8.2,29.5,26.1,7.2,21.2,5,5.3,9,2.1,1.6,23.9,6.5,18279
85911,23.2,11.4,4.2,7.5,38.8,60.7,9.9,58,6.5,54,7.4,5.8,5.6,5.9,7.7,26.7,15.3,5.6,4.4,1.4,5.7,4.4,2.5,4.4,0.4,1.1,1.5,0,0.4,42,11.1,2293
85920,57.1,0.6,4.2,4.2,15.9,94.2,0,90,0,90,2.9,3.6,5.2,0,3.2,1.6,1,13.6,19.1,11.3,42.4,37.5,17.8,31.1,6.8,5.5,6.5,1,0,10,4.2,309
85924,57.9,3.7,2.1,2.8,18,89.8,5,87.9,4.4,84.9,2.1,3.1,3.2,2.4,6.3,5.3,1.5,8.4,10.4,11.4,47,43.7,12.3,35.6,4.2,9.4,19.2,4.9,4.9,12.1,4.7,2668
85925,34.1,8.9,4.7,7.5,30.1,69.1,4.8,65.4,1.9,62.4,5.7,5.6,4.5,4.9,3.6,20.7,11.8,1.9,7.2,8.4,27.3,25,6.3,18.9,6.4,4.3,6.2,1.8,0.1,34.6,9.3,4936
85929,51.6,7,3.1,4.7,25.9,81.6,6.5,79.2,4.8,76.5,5.9,4.2,2.3,4,4.8,11.7,4.6,6.8,8.1,7,36.7,34.1,8.6,29.7,11.2,5.6,10,1.2,3.1,20.8,6.1,7085
85930,24.1,12.3,6.8,7.8,47.8,64.9,9.9,59.3,8.9,57.6,6.8,12.7,6,5.6,4.9,24.1,11.8,4.6,3.2,3.5,5.6,2.8,1.6,2.1,0.2,0.2,0.3,0,0.1,40.7,9.8,1340
85933,58.4,5.4,3.5,3.9,17.4,84.8,3.3,84.8,2.8,84.3,3.7,2.7,1.7,2.6,6.2,10.6,5.2,8.8,8.9,14.3,47,41.5,12.8,32.7,10,2.4,10,5.2,2.3,15.2,1.1,2690
85935,46.9,5.4,4.2,4.9,26.8,77.5,2.1,74.9,1.4,73.5,2.1,6.7,4.2,7.5,5,13.9,8.5,7,5.8,8.1,34.5,30.7,6.7,26.4,10.5,4.5,9.2,2.8,1.9,25.1,7,4963
85936,37.1,9.2,5.6,14,45.5,81.3,13.1,77.7,4.7,66.3,5.3,6.4,7.9,7.3,6.7,13.3,4.2,8.3,4,6.6,18.8,15.9,6,12.2,2.6,1.4,3.5,1,1.1,22.3,3.3,4520
85937,38.8,9.8,5,7,31.6,71.9,6.9,69.1,5,65.6,4.3,4.5,5.5,5.4,6.2,17.6,7.8,4.7,6.3,5.3,25.4,22.8,6,20.1,7.5,2.6,6.6,1.7,2.3,30.9,8.3,7827
85938,41,8.8,4.6,6.8,33.4,74.2,5.4,72.5,3.2,69.2,3.2,6.1,6.9,7.2,5.2,14.5,5.7,5.4,7.9,9.9,25.1,19.5,8.2,15.2,2,2.3,5,1.4,1.3,27.5,8.4,2042
85939,46.4,3.6,4.8,10.2,36.9,86.2,9.7,83.7,4.2,76.7,6.2,4.3,6.9,5,5.4,8.7,5.1,8.4,7.5,10.1,30.2,24,5.9,20.1,5.2,4.7,9,1.8,2.5,16.3,2.9,4215
85940,59.3,1.2,1.2,1.2,20.5,90.7,2.2,89.5,2.2,89.5,4.1,5.7,5,2.3,4.9,5.3,4,7,10.1,15,48.2,37.3,12.6,33.2,6.4,10.9,14.2,0,3.3,10.5,4,971
85941,26.8,9.5,3.8,7,41.3,69.5,13.1,67,9.9,62.6,9.5,6,5.2,3.8,6.1,19.2,9.7,6.8,5.6,4.1,11,8.9,2.7,6.9,1.4,1.6,2.8,0.6,0.6,33,10,10968
86001,28.6,5.1,3.2,7.6,55.6,84.6,25.6,82.2,21.1,72.6,9.1,6.8,6.1,4.8,4.8,9.4,4.3,4.9,5.5,5.5,14.6,12.4,3.9,9,2.3,1.1,2.9,0.9,0.9,17.8,5.3,44819
86004,34.1,7.5,4.1,5.8,41.1,75.9,9.5,73.5,7.8,70.6,7.6,7.1,8,4.7,6.3,15.6,8.1,6.3,6.6,6.2,17.5,14.8,4.3,11.3,3.4,2,3.5,0.6,0.9,26.5,6.7,36186
86011,19.1,0,2.1,78.6,99.9,100,97.2,97.9,20.7,10.2,0.6,0,0,0,0.1,0,0,0,0,0,0,0,0,0,0,0,0,0,0,2.1,0,8471
86018,58.8,0.9,0,0,18.5,95.4,2.7,95.4,2.7,94.1,2.7,2.3,4.1,6.7,4.7,0.9,0,10.5,17.1,19.7,44.7,33.6,6,25,7.4,10.2,11.6,0,1.4,4.6,3.6,879
86020,28.9,8.7,4.8,7.4,39.9,73.3,13.7,69.7,11.2,65.2,6.9,5.5,5.5,3.5,8,16.3,7.6,5.1,4.7,4.6,16.9,15.7,3,12.3,3.4,2.3,5.9,1.7,1.9,30.3,9.2,2213
86021,16.4,19.1,7.9,11.5,37.8,51.3,8.3,45.8,4.6,40.9,4.8,7.7,5.2,3.9,4.1,37.5,18.3,3.8,2.8,1.4,5.1,4.7,1.2,3.7,1,0.7,1.5,0.3,0.5,54.2,8.8,6325
86022,32.9,12.3,7.2,8.7,39.3,72.1,9,66.7,7.4,63.8,5.5,4.8,6.9,5.9,6.4,18.3,6.1,6.5,4.3,4.7,17.3,15.7,4.6,12.6,4.7,1.8,3.3,1,0.5,33.3,7.8,2209
86023,49,0.8,0,8.2,43.6,97.8,14.4,97.8,6.2,89.6,5,8.4,6.8,9,9.6,2.2,1.4,15,14.7,8.3,15,7.7,5,6.7,1.4,0.2,0.2,0,0,2.2,0,1830
86024,66.4,0,1.2,2.2,8.9,97.4,1,96.2,0,95.2,3.2,0,3.4,0,3.9,2.6,2.6,4.4,13.3,11.6,66.8,63.1,26.3,55.2,20.2,6.8,8.7,1.4,0.5,3.8,0,585
86025,35,6.3,4.1,7.1,39.5,76.2,8.5,73.2,5.5,69,7.8,6.8,6.6,5.7,5.8,15.7,9.4,5.7,6.1,5.9,20.2,18.2,6.1,14.3,3.8,2.1,4.5,1.6,0.8,26.8,7,5552
86030,32.1,4.9,4.8,7.8,39.2,74,7,69.6,4,66,8.6,9.1,5.8,4,3.8,13.4,8.5,6.8,6.6,3.3,18,16.9,5.9,14.7,3.2,3.1,5.6,0.9,1.6,30.4,12.2,1717
86031,40.2,7.4,7.3,11,34.9,76.6,10.8,71.6,7.1,66.7,5.5,2.7,2.3,6.3,5.9,15.4,8,7.8,8.4,4.9,22,19.5,4.6,17.1,4.6,3.7,7.8,2,2.1,28.4,5.7,1830
86032,27.6,11.5,5.6,9,35.3,66.8,8.4,63.5,4.9,59.3,7.2,5.2,4.5,4.4,6.5,21.3,9.8,2.9,8.7,3.9,15.7,14.9,3,11.8,3.1,2.1,5.7,2.4,1.2,36.5,9.6,1396
86033,29.4,7.7,7.7,11.1,44.2,72.9,12.3,67.5,8.9,61.8,6.1,6.6,4.2,7.3,5.5,16.3,8.6,5.5,6.3,4.7,13.8,12.3,3.1,9.1,2,1.7,4,1.4,0.9,32.5,8.4,7130
86034,35.4,7.7,4.9,8.7,38.4,75.7,12.4,73.5,8.6,68.1,6.2,4.6,5.1,5.2,5.4,14.7,7,9.2,7.3,6.5,18.2,15.8,3.6,11.6,2.2,1.5,5.9,1.7,2.7,26.5,6.9,2096
86035,35.3,9.6,5.1,7.8,38.1,77.1,11.5,73,8.8,68.6,6.7,4.4,4.6,5.8,8.3,15.8,6.2,5.3,5,5.7,21.3,19,4.9,15.6,4.3,2.8,6.4,2.4,1.2,27,6.1,2061
86036,50.8,3.8,6,8,24.6,84,8,79.7,6,77.2,2.8,1,4.3,2.5,5.3,8.3,4.5,14,11,18.5,30.8,14,6,12.3,5,0,1.3,0,1.3,20.3,6,399
86039,34.5,6.8,6.5,9.4,37.2,71.8,10.6,68.6,7.7,64.4,3.2,4.8,6.2,5.9,4.2,16.4,9.6,6.8,5.7,6.2,21.2,19.3,3.2,15,4.8,3.2,7.1,2.1,1.7,31.4,8.5,1218
86040,29.3,10.7,7.4,10.3,46.3,71.8,11.9,67.5,9,62.7,6.5,6.8,6.9,6.8,4.8,18.3,7.6,7.2,5.7,3.5,10.9,9.5,2.4,7.4,1.5,1.5,3.5,1.3,0.7,32.5,6.7,10752
86042,30.6,8.7,2.5,8.2,41.8,71.9,8.5,69.4,2.7,63.7,10.2,7.5,8.9,4.3,7.5,18.6,9.9,3.5,5.9,3.9,13,10.8,4.7,9.1,3.1,0.5,1.3,0.8,0,30.6,9.5,2161
86043,26.6,9.5,5.1,8.8,40.3,68.2,12.6,64.4,8.9,58.9,8.6,4.1,5.3,4.6,5.6,19.2,9.7,3.3,7.5,4.5,12.9,10.2,2.1,8.4,2.9,1,3.4,1.1,1.2,35.6,11.3,2762
86044,28.7,10.8,5,8.5,36.7,69.2,11.3,65.8,7.8,60.9,5.4,5.4,4.6,5,5.6,19.6,8.8,4.2,6.6,4.8,17.7,15.5,2.7,12.9,3.2,2.3,7,3,1.6,34.2,9.6,3707
86045,30.5,7.4,3.6,6.6,42.8,73.2,11.4,70.9,8.3,66.3,8.7,6.7,6.1,6.4,5.1,17.2,9.8,6.1,6.4,4.8,14.1,12.1,2.9,9.3,2.1,1.4,4.4,1.6,1.4,29.1,8.3,11885
86046,51.3,4.9,2.9,3.5,27.1,82.5,3.1,80.3,2.5,79.4,4.8,7.3,4,5.1,4.1,10.7,5.8,12.5,10.2,8.9,29.3,26.5,10,20.4,6.4,1.9,4,0.8,1.3,19.7,6.1,5535
86047,33,7.8,4.3,7.3,44.4,75.4,11.2,72.9,8.2,68.3,7.5,7.4,8.6,5.5,5.6,15.5,7.7,6.7,4.7,4.6,16,14.2,3.4,11.4,2.5,2.1,5.4,2,1.3,27.1,7.2,15318
86053,26.4,8.3,5.3,7.3,40.8,70.6,14.2,66.9,12.2,61.8,7.2,6.3,3.7,4,7.2,17.6,9.3,6.2,4.7,3.7,13.4,11.3,3.2,9.6,2.5,1.8,4,1,1.2,33.1,10.2,2441
86054,37.1,7.5,2.9,4.1,37,75.7,10.7,74.8,9.5,71.8,5.4,7,3.6,7.5,5,14.8,7.3,5.3,7,8,23.4,20.4,6.2,15.4,3.8,1.9,5.4,2.4,1.2,25.2,7.5,1647
86301,54,5.4,2.5,6.7,28.7,86.8,11.1,85.1,6.9,79.3,4.2,3.9,3.2,3.7,4.6,9.2,3.9,5.4,7.2,7.8,41.7,38.5,9.6,33.9,8.6,6.2,15.6,4.8,4.6,14.9,3.2,22147
86303,57.2,3.7,2.9,4.9,24.6,89.7,5.6,87.4,3.7,85.1,3.5,3.8,3.5,5.2,5.3,7,3.3,6.4,8.4,9.6,45.6,41.9,11.5,36.1,9.7,6,14.9,5,3.8,12.6,2.7,17430
86305,59.1,4.4,2.6,5.3,23.6,88.8,7,87.2,4.3,83.4,3.8,3.7,3.2,3.3,3.2,6.7,2.2,6.4,8,10.6,48.6,44.6,11.2,38,10.7,7.2,16.1,4.6,4.4,12.8,3.5,17956
86314,41,6.9,3.7,5.3,32.9,78,6.9,75.5,5.4,73,6.2,6,4.6,5.5,6.3,14.1,7.2,7.3,6.7,6.5,25.9,23.7,6.7,19.4,4.9,3.9,7.7,1.8,2,24.5,6.7,37997
86315,48.6,5.2,4.5,5.6,28.3,81.1,4.5,77.9,3.4,75.1,3.6,5.3,3.1,7.3,6.9,11.9,6.6,7.8,5.5,7.9,33.8,31.6,6.5,25.9,9.1,5.2,10.4,2.2,2.9,22.1,5.7,7631
86320,50.3,8,4.2,5.4,27.2,80.1,3.1,77,1.9,74.8,7.5,1.7,4.5,6.2,3.4,14.2,6.3,10.7,8.4,6.7,31.5,28.8,10.9,24.8,8.3,3.3,5.6,1.7,0.5,23,4.6,2064
86321,32.8,16.8,6,8.3,44,70,8.5,65.6,6.2,60.7,3.5,6.9,12.9,6.3,6.2,24.6,7.8,2.8,6.9,3.5,11.6,9.9,3.1,8.1,1.3,2.6,3.6,1.1,0,34.4,3.8,2091
86322,45.7,5,3.8,5.1,32.6,82.1,7.1,79.7,5.8,77.7,6.7,4.4,5,5.6,5.7,11.7,6.7,7.4,7,9.4,30.8,27.5,8.2,21.5,5.4,2.8,7.8,2.8,2.3,20.3,4.8,11723
86323,52.8,2.7,3.5,4.9,25.2,85.2,4.7,83.5,3.3,81.5,6,3.9,3.9,3.2,5.7,8.4,5.7,9.2,8.6,12.2,38.3,33.2,10.2,26,6.3,4.7,9.5,2.7,2.2,16.5,4.6,15435
86324,59.8,2.8,2.1,3.4,11.2,92.9,3,91.7,1.7,90.2,1.9,0.2,0.3,3.8,6.6,4.2,1.4,8.3,18.3,10.3,49.2,45.3,14.2,38.9,7.9,6.1,16.8,8.2,2.5,8.3,2.1,4316
86325,59.7,3.8,1,2.3,21,90.4,4.9,89.4,3.7,86.9,0.1,5.9,3.1,5.9,6.3,8,4.1,8.2,5.3,13.7,49.6,43.5,8.9,35.9,12.5,8.6,14.5,3.8,2.2,10.6,1.6,5280
86326,46.6,6,3.2,5.3,30.3,80.9,8.2,78.4,6,74.4,5,4.8,5.6,3.6,4,12.4,6.4,6.5,6.6,8.8,34.2,31.7,7.2,25.4,6.3,5.5,12,2.8,3.7,21.6,6,24848
86327,60.8,5.4,3.3,3.7,19.8,88.3,2.7,86.1,2.3,84.9,3.8,3.6,3.1,3.3,5.3,8.8,3.4,5.4,6.9,12,51.9,46.5,13.8,39.9,11.3,6.6,14.8,3.8,4.4,13.9,1.9,9571
86329,40.3,10.6,0,0,38.8,81.9,6.8,81.9,6.8,79.5,6.7,12.1,5.9,7.5,5.2,14,3.4,7.2,11.9,6.6,18.7,17.4,11.3,12.1,0.8,0,0,0,0,18.1,4.2,1125
86331,57.3,2.3,1.2,2.9,21.7,95.2,4,94.8,2.3,93.1,3.8,7.1,4,1.5,7.3,3.3,1,6.5,26.3,16.5,34.2,29.9,9.8,17.7,0,4.6,7.9,2.7,0.6,5.2,0.8,521
86332,59.6,2.6,2.9,3.5,20.3,89.4,3.4,87.9,2.8,86.6,3.1,4.2,2.6,4,4.2,5.3,2.7,8.6,8.4,7.6,49.3,45.9,13.8,41.7,9.9,9.6,18,4.7,3.7,12.1,3.9,1683
86333,46.8,2.9,3.9,14.5,35.8,87.5,18.4,84.8,7.7,72.7,6,1.8,2.8,3,7.1,6.4,3.6,6.2,7.8,8,31.8,28.3,6.2,23.8,6.4,3.6,11.2,3.9,3.8,15.2,4.9,6759
86334,39.5,8,3.1,4.4,37,76,3.8,75.8,2.4,73.1,1.2,10.8,12,6.3,3.8,13.9,5.9,8.1,5.5,10.4,24.3,18.2,6.4,13.9,1.5,4,6,0,2,24.2,7.3,4847
86335,54.8,2.5,2.2,3.7,31.2,90.3,7.9,88.7,6.4,85.5,4.7,7.1,2.5,6.8,4.4,4.8,2.3,5.6,12.6,13.9,37.1,31.1,8.4,23.2,9.5,4.1,5.3,0.4,0.8,11.3,4.4,5143
86336,59.4,2,2.3,3.9,22,92.8,3,91.4,1.5,89.6,3.2,3.4,3,7,4.7,4.6,2.6,5.6,12.4,13.1,48.9,43.4,12.2,35.8,10.5,5.3,13.1,3.8,4,8.6,1.7,11694
86337,53.8,3.7,3.5,5.5,24.8,86.3,4.4,83.4,2.5,79.9,0.6,4.8,6.8,4.6,6.9,8.1,4.4,5.8,9.5,12.3,39.9,34.2,7.7,27.6,9.3,6.9,10.5,2.6,1,16.6,5,1215
86351,63.9,2.3,1.6,2.1,20.2,94.1,2.8,92.6,2.3,91.8,4.4,1.6,5.2,4.6,5.1,4.7,2.4,2.4,6.9,15.1,59.7,55.2,17.6,44.5,11.8,4.6,15.1,3.8,6.7,7.4,1.1,6734
86401,46.3,6.7,3.3,4.9,32.9,82.6,7.2,80.3,5.7,77.5,6.4,5.1,6.3,4.5,5.2,10.3,3.6,6.6,7.7,7.2,31.3,28.6,8,24,5.9,5,10.2,2.8,2.3,19.7,6.1,24893
86403,46.9,4.4,2.9,5,34.4,85.6,7.7,83.4,5.7,80.1,5.6,6.9,5.7,5.4,5.3,10.6,6.2,7.5,7.2,8.1,32,28.8,6,23.8,6.7,5.9,11.1,3.2,2,16.6,3,17185
86404,56.5,4.7,2.8,4.1,23.5,86.8,3.8,84.9,2.5,83.1,3.6,4.2,3.3,5.8,3.9,9.7,5,7.1,8.8,9.6,44.4,40.4,12.7,34.8,9.5,5.1,12.7,5,2.6,15.1,2.6,17042
86406,55.6,3.3,3.9,5.5,25.1,87.6,5.4,84.8,3.8,82.8,4,4.9,2.3,4.6,5.9,8.1,4.8,7.1,6.2,9,44.4,40.8,11.3,35.4,8.1,7.1,16.1,4.8,4.3,15.2,3.2,23095
86409,46.3,5.6,3.7,5.9,32,82.5,8.7,79.8,6.5,76.2,5.7,4,5.3,4.5,6,10.4,4.8,5.8,8.3,7.3,31.5,28.6,7.4,24.3,5.7,5.5,11.2,2.9,2.7,20.2,6.1,27752
86411,61.9,2.1,7.4,7.4,20.2,93.6,4.8,88.3,4.8,88.3,0,0,3.2,4.8,0,4.3,2.1,4.3,9.6,28.7,61.7,48.4,17,33,1.6,4.8,14.4,9.6,0,11.7,0,188
86413,52.6,3.4,3.5,5.6,30.7,92,5.8,89.4,3.8,86.7,6.2,3.4,5.4,6.3,7.5,5.6,2.2,8.5,8.9,8.7,37.5,34.8,9.5,28.8,9.3,4.7,9.9,3.1,2.2,10.6,1.4,13010
86426,50,6.1,2.3,4.4,28.9,84.9,4.5,83.1,2.4,80.6,6.8,5.1,5.2,5,6.5,10.9,4.8,6.2,8.3,6.9,35.5,32.9,11,28.6,6.5,5.3,11.1,3.2,2.6,16.9,3.7,14084
86429,58.3,3.7,3.2,4.9,23.1,87.3,4.9,85,3.2,82.5,4.3,4.3,3.5,3,5.3,6.8,3.1,6.1,6.8,10.9,46.8,42.8,10.5,35.9,10.8,7.4,14.6,3.1,4,15,5.1,7708
86432,54.5,9.6,3.9,3.9,24.9,82.7,7.5,81.5,7.5,79.8,0,4.2,6.3,3,4.4,11.6,2,7.5,12,5.2,36.6,32.5,11.1,31.4,11.2,7.7,9.1,1.4,0,18.5,3,3700
86434,31.4,11.6,4.9,6.6,41.9,71,8,67.2,6.3,64.2,5.2,13,6.9,3.9,2.2,19.5,7.9,5.2,6.8,5.7,16.1,13.1,3.2,10.4,2,2,5.2,1,2.2,32.8,8.4,1572
86438,61.4,5.8,0,5.7,12.5,91.1,7,91.1,1.3,85.4,2.5,0,3,0,4.6,7.9,2.1,12.7,6.4,14.1,55,44.4,15.7,40.9,12.9,10.5,12.4,1.9,0,8.9,1,1002
86440,54.6,3.7,2.9,4.8,26.7,86.6,8.3,84.3,6.4,81.6,3.4,4.2,4.7,3.1,5.2,7.5,3.7,5.9,11.4,9,38,35.6,8.8,29.1,7.9,4.3,12.4,4.4,3.7,15.7,5.4,7208
86441,56.7,6.6,0,0.7,19.5,82.8,3.3,82.8,2.6,81.2,4.6,0.8,2.3,8.4,6.4,14.5,7.9,2.5,9.7,5.3,44.7,44.1,18.6,39.4,6.9,3.1,14,7.3,3.6,17.2,2.8,2650
86442,50.1,5,3,4.5,29.4,83.8,7.3,81.7,5.8,78.7,5.7,4.9,3.5,4.9,5.1,9.9,4.9,6.5,8.4,7.4,35.2,32.4,8.5,27.8,8.1,6.3,11.2,3.2,1.7,18.3,5.4,33290
86502,30.4,13.8,3.9,5.9,29.1,70.2,7.2,68.4,5.3,65.8,10.6,3.1,1.9,2.4,4.6,19.8,6,9.5,9.9,4.3,19.2,17.9,2.9,14.9,3,2.3,9.1,4.7,2.2,31.6,7.9,1332
86503,25.9,10.5,6.9,10.8,41.1,67.8,11.5,63.2,7.7,57.5,7.2,5.1,4.8,5.6,5.2,21,10.5,5.4,5.9,3.8,12.4,10.7,3.1,8.6,2.2,1.4,3.3,0.7,1.1,36.8,8.9,11553
86504,34.2,8.6,5.3,7.8,43.3,76.2,10.4,72.4,8,68.6,6.5,6.9,9,5.2,5.9,14.9,6.3,5.7,5.6,5.1,17.2,14.9,5.7,12.2,2.9,1.4,3.5,1,1.1,27.6,7.4,7001
86505,33.8,8.4,5,7.9,38.6,74.8,10.6,71.4,7.7,67,6.9,5.3,5.5,5.3,5.8,16.4,8.1,7.3,6.1,4.7,18.6,16.5,3.8,13.9,3.6,2.8,6.5,1.6,2,28.6,7.2,7880
86506,39,6.8,5.7,8.9,40.5,77.7,12.4,74.6,9.3,69.7,6.5,4.2,1.9,9.8,6,14.2,7.4,8.4,6.4,7.2,19,15.4,4,11.8,4.5,1.7,3.4,0.9,0.8,25.4,5.5,1208
86507,28.6,8.1,4.4,9.5,43.4,71.8,14.7,69.4,9.6,62.2,6.4,8.2,5.4,4.2,4.4,17.3,9.2,7.1,5.5,4.4,13.5,12,3.1,9.1,2.6,1.7,3.5,0.5,1.3,30.6,8.8,2481
86508,39.4,5.1,4.9,7.8,41.7,83.5,17.5,80.5,14.6,75.4,5.8,5,3.3,5.2,6.4,11.1,6,8.8,8.2,5.7,20.3,16.9,3.8,14.6,3.4,3.6,7.4,1.8,1.9,19.5,3.5,822
86510,28.4,8.6,7.2,10.5,38.1,69.5,10,64.3,6.7,59.2,6.1,4.9,4.5,5.3,5,19.7,11.1,5.7,6.6,4.2,16.1,14.3,3.7,11.9,2.5,2.4,5.7,2.3,1.1,35.7,8.8,4741
86511,38,7.3,5.7,8.3,41.3,82.3,10.4,78.9,7.8,75.3,5.4,7.7,7.6,4.6,5.9,12.9,5.6,10.1,6.6,9,20.7,16,4,11.7,2.5,2.3,5.2,1.4,1.5,21.1,2.5,3640
86512,29.5,7.7,4,6.9,39.3,70.9,10.5,68.5,7.6,63.7,9.6,5.6,5.1,4.5,6.7,17.9,10.3,6,4.3,4.9,16.3,14.7,3,11.4,3.9,2.1,4.5,1.1,1.3,31.5,9.5,2634
86514,37.6,7.8,8.5,12.4,40.6,79.1,12.4,73.8,8.5,68,4.1,4.3,5.1,6,5.4,13.7,5.9,6.8,8,4.5,21.6,19.9,5.3,17.1,3.8,3.4,8,3.1,1.6,26.2,3.9,2734
86515,33.8,7.8,3.8,6.9,38.9,73.2,8.8,71.2,5.7,66.4,7.8,6.4,5.6,6.5,6.3,17.9,10.2,6.5,4.6,6.9,18.7,16.5,3.9,11.8,3.4,2,4.5,0.9,1.6,28.8,7.1,4933
86520,30.5,8.1,6.8,10.1,38.4,72.4,11.7,67.9,8.3,62.3,5.5,4.3,3.7,6.4,6.4,17.4,9.3,8.5,6.5,3.9,14.9,13.7,2.8,11.1,2.9,2.6,5.3,1.6,1.2,32.1,7.9,1882
86535,31,9,4.8,7.2,41,74.9,12.3,71.1,9.9,66.7,7.6,4.4,7.5,4.4,7.2,16,7.1,9.7,5.4,2.7,12.6,10.6,3.4,9.9,1.1,1.6,5.4,1.9,1.9,28.9,8,1260
86538,28.9,11.1,5.6,7.7,40.3,70.9,9.8,67.4,7.6,63.8,8.6,6.9,5.2,4.2,6.1,20.5,9.4,8,5.5,3.6,13.1,11.8,3.1,9.6,2.5,2.4,3.9,1,0.5,32.6,6.4,2080
86540,30.7,8.5,4.7,8.6,34.4,70.8,8.9,67.5,5,63,7.3,5.6,6,1.9,4.4,17.7,9.1,7.7,3.3,5.6,22.5,20.2,6,16.9,2.9,2.4,8,3,2.6,32.5,10.2,1042
86544,32,8.7,4.7,8,42.2,76.4,12.3,73.3,9,67.6,9.3,4.2,4.9,6.8,7.2,15.8,7.1,4.2,6.2,6,18.3,16.4,3.1,12.3,2.7,2.6,6.6,1.1,2.9,26.7,6.2,1129
86545,29,8.8,5.2,7.6,37.2,73,10.8,68.2,8.4,64.1,7.9,4.5,3.9,4.8,5.5,17.5,8.7,6.6,6.1,4.5,18,15.6,3.8,13.5,2.7,2.6,7,3.1,1.3,31.8,9.1,1436
86547,35.2,8.9,6.7,9.7,37.3,73.4,10.5,69.9,7.4,65.2,6.6,2.4,6.3,4.9,9.4,14,5.1,5.7,3.9,6.2,20.3,17.6,6,14,3,2.3,5,0.9,1.8,30.1,9.5,1185
86556,23.5,7.2,3.5,15.4,46.6,74.9,25,72.6,13.1,55.5,7.2,1.9,5.2,3.8,6.3,15.3,8.2,7.5,5.3,2.9,10.4,8.8,3.3,7.5,1.9,0.3,2.3,1.7,0.3,27.4,8.5,1956
87305,39,6.4,3.8,7.9,42.6,81.8,9.2,78.6,5.1,73.8,9.8,6.2,9.1,4.6,5.3,12.7,6.3,8.4,9.5,8.4,16.6,11.8,1.9,8.2,3,1,3.2,1.6,0.6,21.4,4.8,3553
87327,32.1,7.8,3.9,7,43.2,76,10.9,73.1,7.8,67.4,9,6.5,5.9,6.9,8.6,16.3,8.5,6.8,4.7,4.7,13.8,11.7,3.6,9.1,2.4,1,3.1,1.2,0.9,26.9,6.7,9505
87328,28.6,11.6,3.2,5.3,35.8,65.3,9.2,63.4,7.1,58.5,5.6,6.8,5.8,5.2,5,23.9,12.3,5.1,5.2,4.7,15.5,13.2,3.4,10.8,2.9,1.5,4.4,2.4,0.5,36.6,9.5,2674
