,Zip1,Similiarity1,Prediction1,Zip2,Similiarity2,Prediction2,Zip3,Similiarity3,Prediction3,Zip4,Similiarity4,Prediction4,Zip5,Similiarity5,Prediction5,Zip6,Similiarity6,Prediction6
84531,78072,0.9672733605603665,166374.50495049506,76629.0,0.9999693032774879,30188.612099644128,76044.0,0.9999997352658159,10061.437220321139,77977,0.9999943670840341,21376.171352074965,79563,0.9998740282853044,63560.83650190114,77419,0.9999999957401455,32182.6205023761
84536,78072,0.9937598456470478,303575.12376237626,75833.0,0.999977218643626,30849.696707105722,76821.0,0.9999999515175174,34478.12840043526,78389,0.9999989760325392,192534.56561922366,79355,0.9999688583347387,34704.07623080995,78850,0.9999999950347932,13943.33843797856
85003,79906,0.990260201883982,15267.512195121952,76249.0,0.9999790571734996,92902.06669798028,75076.0,0.9999999972924553,83891.57923799005,79410,0.9999998517043799,12429.072315558802,78756,0.9999990841594373,189509.89614420437,76067,0.9999999999957623,158966.45591167745
85004,78072,0.9482024992521206,990911.881188119,75692.0,0.9998287416187945,71402.91453328081,76444.0,0.9999998792704449,68479.26267281106,79121,0.9999999773764269,44250.379823761774,78017,0.9999898081458083,113026.5505984766,78146,0.9999999999993798,425330.94812164584
85006,77014,0.9861257105350496,63506.45134204708,76180.0,0.9999917551619033,397782.50790160784,76901.0,0.9999999999010748,417996.11265437264,78028,0.9999999993026668,753889.1535860293,75240,0.9999999735871513,259983.31479820627,77012,0.9999999999999758,248053.94822006472
85007,75219,0.9810063113742058,111789.19104695623,77389.0,0.9999869883986192,51003.29329109557,76126.0,0.9999999991764188,287704.44860688364,78654,0.999999997496619,286899.6916919082,75223,0.9999999348858986,282557.17371611734,76501,0.9999999999955114,190277.01895168176
85008,77083,0.9910657137193531,309087.81231110217,79907.0,0.9999141674039952,99266.42369871975,78040.0,0.9999999996826241,311789.5283999622,75040,0.9999999995989457,693678.0834015768,76137,0.9999999875487351,528023.8075418298,78572,0.9999999999999994,467675.8918369938
85009,75227,0.9938334605377852,139197.02107047712,77015.0,0.9999951780753451,643820.959516574,78237.0,0.9999999946553861,715977.3115068786,75227,0.9999999987134651,139197.02107047712,78744,0.9999999891137091,614110.5260984473,76119,0.9999999999999856,225066.71145101282
85012,77951,0.994114888290608,39491.01505585235,77358.0,0.999991073427104,92796.21225656602,76849.0,0.9999999862311554,478454.6858908342,78266,0.999999585803361,72320.18974206937,75860,0.9999986903906787,105099.29851909587,76501,0.9999999999965533,87057.19651698822
85013,75219,0.9880622243121504,158701.40052412252,77008.0,0.9999954116697284,227982.66214374764,78702.0,0.9999999999736815,340613.0879524392,77586,0.9999999995027272,281887.79190334503,78703,0.9999999252517513,82783.15614777755,75253,1.0,128763.20364420579
85014,78414,0.9860411304178391,295167.018751793,77598.0,0.9999774876691567,492822.6740653732,77041.0,0.9999999975358402,252580.8407780165,78628,0.9999999998670647,472095.26086669747,77380,0.9999999586001751,441018.4893784422,77447,0.9999999999999262,233360.75036075036
85015,77090,0.9911206462348067,238304.78220067255,75034.0,0.9999207231836009,634819.4247676986,77080.0,0.9999999998135819,354654.2100076646,77471,0.9999999998287509,1184781.5227746735,77074,0.9999999901761344,239587.52975072028,77598,0.9999999999999843,708308.9837579489
85016,75208,0.983207331066633,187351.94919858736,78238.0,0.9999603087294229,683175.1521739131,77530.0,0.9999999998926444,413548.197242842,78723,0.999999999438514,530986.3325293941,75214,0.9999999798748265,122012.35759261971,77705,0.9999999999999956,722878.1547808618
85017,78744,0.9896205858159407,535063.5447637925,75149.0,0.9999646723565784,527223.0980160224,78041.0,0.9999999998492998,661242.4760557949,78227,0.9999999991326596,521860.7595445143,77073,0.9999999869926541,222106.909770921,76308,0.9999999999998321,314447.82810805226
85018,78414,0.9800456521808991,407569.5485486269,75025.0,0.9999638995960692,155182.52394555535,76502.0,0.9999999999876117,762091.965466283,77004,0.9999999970064938,77270.57010785825,75081,0.9999999861214742,445930.4004214963,76531,0.9999999999999977,563797.9274611399
85019,77090,0.9870253281789035,157240.6271994995,77066.0,0.9999855997878976,120601.82270091135,75075.0,0.9999999995174179,211920.58275123147,77086,0.9999999996926187,294773.68670778826,77503,0.9999999625907586,414974.33036567195,75249,0.9999999999999918,19374.4099378882
85020,75208,0.9869076313526866,176610.81227927195,77037.0,0.9999793141292674,461936.72023156006,75604.0,0.9999999999287539,595275.6159005398,76021,0.9999999996444935,479598.54051193496,77351,0.9999999848858339,615392.8009879816,75051,0.9999999999999546,434428.1822176652
85021,77090,0.9910308571072112,249888.83240791428,77642.0,0.9999903142695024,370295.8424507659,77074.0,0.9999999999920073,251233.9346110485,76017,0.9999999986775654,586169.6553924697,78221,0.9999999923972056,742110.2511863648,78015,0.9999999999999865,44142.872562423545
85022,77090,0.9900096991162275,303919.5041839368,78415.0,0.9999955913907214,448314.5668708021,77450.0,0.9999999982535597,312703.95680079324,77469,0.9999999995299675,610495.8580133804,75023,0.9999999836909758,268985.22486532293,78133,0.9999999999999972,965610.817231549
85023,75208,0.9873389697050058,178286.96006519967,77091.0,0.9999746134880149,247665.26882145824,77053.0,0.9999999981710527,234940.15940755617,78626,0.9999999994407406,294436.9454947893,78217,0.999999978026756,983411.7681862557,78023,0.9999999999999996,304929.4322442421
85024,75219,0.9860371060999193,185671.20333376294,79110.0,0.9999834089315073,395201.73058933584,75218.0,0.9999999999622258,254056.32860222782,78752,0.9999999988898568,655296.4387745049,77505,0.9999999503596072,593834.0940982254,79606,0.9999999999999901,602331.8191315976
85027,75208,0.9896723531219119,188455.23634881826,77388.0,0.999984220806492,449799.4186426998,78413.0,0.9999999993550382,596420.8098327926,76180,0.999999997976249,510744.632403463,79720,0.9999999785615029,1296121.2355595923,76106,0.9999999999999983,431406.74690193275
85028,79512,0.9820383622483114,329307.61350701906,78065.0,0.9999788902582932,164962.53314998528,78374.0,0.9999999712336328,486333.4550704943,75078,0.9999999718363258,197945.93420988793,78734,0.999999852741625,237144.68806751416,75803,1.0,72177.16019735405
85029,77090,0.9949836898686512,270667.5334323922,77584.0,0.9999623896437887,500242.5362426969,77040.0,0.9999999999787434,389489.9633335405,77471,0.9999999998455051,1345679.6353992326,77388,0.9999999848517862,566474.5697083398,75042,0.9999999999999964,676451.5596956444
85031,77090,0.9945001876372102,191593.53640416046,76244.0,0.9999788117714582,134882.86747117477,77386.0,0.9999999998729057,208607.56664529996,77039,0.9999999994010884,190171.61268411268,78242,0.9999999727260642,248090.38803094614,78257,0.9999999999999983,1552791.2559358114
85032,75227,0.989586912132097,208469.447808186,78227.0,0.9999779879419944,897032.7435583315,77083.0,0.9999999999960043,364606.5012341326,75220,0.9999999999324561,1220333.9489235964,78130,0.9999999922912991,1580008.5297266433,75227,0.9999999999997968,208469.447808186
85033,75228,0.9934670766960717,213976.53240399438,75228.0,0.9999452224977577,213976.53240399438,77093.0,0.9999999991570383,764871.0160259296,78046,0.9999999962937433,86500.2087201854,78574,0.9999999904801894,135834.73170253765,78736,0.9999999999998116,282016.9776802049
85034,79906,0.9804019445727704,7867.317073170731,75141.0,0.9999645109210425,127928.46087704213,78343.0,0.9999999877984466,112256.05852766347,75076,0.9999997836195377,43229.155162893425,79782,0.9999953737897779,100926.34372926343,79357,0.99999999996223,97132.74336283185
85035,77083,0.9947466352481086,292334.94736046746,75243.0,0.9998359716274569,237317.9331306991,78155.0,0.9999999999092135,1178459.7105479366,78207,0.9999999999416164,486972.61933383887,79928,0.9999999917350315,90884.94485585127,76437,0.9999999999999981,1505139.0483243843
85037,75220,0.9917958207413766,889732.7458843394,75060.0,0.9999927698885124,950697.0389382746,78251.0,0.9999999999719356,1252448.9935408905,75149,0.9999999992760352,660737.5127695038,78640,0.9999999877112657,699206.658990959,77015,0.9999999999998995,703005.0866254497
85040,77090,0.9926863053395015,196753.42926409634,75041.0,0.9999942542799855,400373.3395387941,75056.0,0.9999999997179634,245219.21736846713,75041,0.9999999998973388,400373.3395387941,78242,0.99999998479585,254771.82335410456,78411,0.9999999999999863,1042925.3180278509
85041,75227,0.9945263343785128,183864.67840708577,75061.0,0.9999957121448043,623043.2986686579,78227.0,0.9999999999601696,791159.7533789891,78228,0.9999999993623143,863276.1251222523,78045,0.9999999969306407,413725.8758983077,75040,0.9999999999999353,721699.4781379964
85042,77090,0.9921408233068023,270250.1446781888,76542.0,0.9999893297036907,769205.9494475797,79904.0,0.9999999998825656,230140.75312335033,77074,0.9999999999923596,271704.84780157835,77080,0.9999999952623982,402196.50936165557,75041,0.9999999999999866,549931.7259188085
85043,77090,0.9950118343222042,230622.40947837647,75050.0,0.9999882674986488,533678.5212092805,75605.0,0.9999999998998271,705574.9731454054,79915,0.999999999630691,86530.9710291393,78573,0.9999999663769437,122948.65955231652,76086,0.9999999999999982,1151132.008874546
85044,75208,0.988220205865239,216907.31458842708,76131.0,0.9999885030127913,401230.43598816945,75238.0,0.9999999999776702,512633.62719258387,77406,0.9999999976055785,371455.38675380417,78413,0.9999999856768292,686465.5964562017,77406,0.9999999999999712,371455.38675380417
85045,78072,0.9744124942211347,1244808.0445544554,78118.0,0.9999476606346557,297268.5784567582,76640.0,0.9999999130929371,34471.235795454544,76571,0.9999990766137811,64299.166666666664,76060,0.9999985828122419,79724.25373134328,77026,0.9999999999996609,24972.970305715164
85048,75236,0.9802588657331265,205975.62291014992,76208.0,0.9999887437367982,96185.48352725567,79935.0,0.9999999998197855,61160.40955631399,76262,0.9999999996832801,444716.983324618,76065,0.9999999709666019,508786.5620716806,78213,0.9999999999999999,374211.7343411532
85050,75219,0.9819414653608959,230266.10817545216,75137.0,0.9999817105383029,504809.06313645624,76384.0,0.9999999918525211,429571.7723052079,77018,0.9999999973774135,364685.41303031385,78750,0.9999999626517684,562999.2489758761,77493,0.9999999999999325,240413.81403415155
85051,77090,0.9882184878052691,261527.32462657386,77845.0,0.9999707928572743,484595.3706815432,78745.0,0.9999999999784462,738806.6618450659,78210,0.9999999993606439,368108.3278220153,77901,0.9999999963930197,732381.411201179,77365,0.9999999999999638,491727.2113608864
85053,75208,0.9843535047904389,156921.38005976638,75081.0,0.9999585122459353,348562.80295047414,75038.0,0.999999999810719,215553.06767018346,76708,0.9999999982674297,287234.9337260677,77304,0.9999999571785204,409393.8101212882,76118,0.9999999999999343,187279.51954896434
85054,77951,0.998506133032627,40930.54881010199,76823.0,0.9999708609000412,111805.82437275986,78872.0,0.999999931315866,97767.98143851508,78266,0.9999999069518322,74956.41861844056,75860,0.9999963286210145,108930.39750584567,75051,0.9999999999999998,91632.30188955618
85083,79512,0.9911353833865748,325940.97635006957,75409.0,0.9999334041185631,155138.95431834407,78562.0,0.9999999888524373,33066.84557209075,77578,0.9999999949543694,268376.4166130071,77302,0.9999998569356817,126088.61529698099,78218,0.9999999999999932,313149.35422789963
85085,75219,0.9897003684952459,162120.74580057568,76118.0,0.9999983253654796,135965.03247947054,76520.0,0.9999999896520928,371978.65583456424,77054,0.9999999550647306,184905.1960740774,78747,0.9999998951126708,166051.1596831154,77521,0.9999999999999036,475147.8774617068
85086,78414,0.9789468695666002,449965.48261742695,79705.0,0.999942686858085,754780.7838163645,75160.0,0.9999999996680461,632263.2530120482,75703,0.9999999997402655,573690.0141920329,77339,0.9999999706240706,534839.5224983697,77373,0.9999999999997958,254633.50785340316
85087,79906,0.9796445874287848,14006.634146341463,78231.0,0.9999380084626933,174513.3325446587,77485.0,0.9999999946535475,107882.58367085908,76634,0.9999999981106771,310328.23995472555,75758,0.9999991238021164,244991.20987654323,77050,0.9999999999995817,59768.47545219638
85118,79906,0.9698184610227916,21844.09756097561,77331.0,0.9999481424923352,76253.1629059606,75791.0,0.9999999967862628,120002.41181790773,77808,0.9999999773160241,254535.71757765693,75862,0.9999942461182654,106002.02271114265,75161,0.9999999999994449,199436.30074502053
85119,75236,0.9645567196072752,129476.32402114119,79764.0,0.9999816193829425,763406.0167382945,76048.0,0.9999999967683219,325321.5973335583,75020,0.9999999961443163,230104.15239139373,78624,0.9999994647455087,366064.6354959192,75672,0.9999999999997775,68354.20255968497
85120,77014,0.9807155418778567,70276.86193288365,76513.0,0.9999978697002756,636652.3882593642,75042.0,0.9999999999286638,462925.98523724056,75119,0.9999999981019116,867468.8685759977,76049,0.999999894227988,619249.309763706,75501,0.9999999999999771,220829.46878852404
85121,78072,0.9861891773856023,355254.5792079208,77363.0,0.9999670059828007,54358.22550831793,75147.0,0.9999999460386789,29927.642517814726,78357,0.9999999599251438,49213.51304945054,78147,0.9999647907398312,84212.05936920222,79788,0.9999999937667623,499808.1023454158
85122,78744,0.9886642833560227,723137.3017839445,75149.0,0.9999959367139423,712540.9538147212,75227.0,0.9999999999927621,163909.51458326125,77521,0.9999999988961309,1245454.6608315099,75216,0.9999999842168619,327602.3140183382,77354,0.9999999999999828,754528.6764705882
85123,79512,0.981771582128284,186949.36132540787,78751.0,0.9999710071470447,130977.8446718844,78648.0,0.9999999994837279,206696.1879091259,78834,0.9999999969270847,150396.42114984992,76667,0.9999996362544459,155627.9904093775,76634,0.9999999999992614,432109.5076400679
85128,75219,0.9841668054015831,124289.04927610946,76306.0,0.9999882477081954,155783.0386118286,76135.0,0.9999999960047181,192005.50639547073,77575,0.9999999983414268,252485.12202293443,77575,0.9999998802079508,252485.12202293443,75852,0.9999999999999719,6735.9378195950085
85131,78414,0.9680921733661734,199671.17335628407,78006.0,0.9999768331750033,467628.66693998553,78382.0,0.9999999999442637,478508.780238659,76009,0.9999999998150935,285366.5684830633,75235,0.9999997176924812,160863.73842715763,75758,0.9999999999997855,569536.987654321
85132,77090,0.9746154753427988,215814.18237272228,77340.0,0.9994663204182539,426632.4866220736,75115.0,0.9999999998929706,327057.898505069,77053,0.9999999999234805,249374.03508221413,77320,0.9999999504027496,220293.22259601907,75252,1.0,309192.58672102063
85135,78072,0.9770736837802297,77352.47524752477,77660.0,0.9999745015524982,11011.167512690356,79742.0,0.9999909666791865,26299.595141700403,79788,0.9999266360211463,108827.2921108742,78340,0.999104563923581,26773.101952277655,76364,0.99999946579129,35692.30769230769
85137,78072,0.9842049307686642,416269.6782178218,78019.0,0.9999664404760131,73250.8637873754,77455.0,0.9999998549617064,46834.15597235933,79096,0.9999998635925434,40292.24562976244,79079,0.9999876473083332,63906.899109792284,76640,0.9999999999917283,11527.34375
85138,75208,0.9828115860098338,191266.49687584897,78626.0,0.9999955548844146,315872.3615850472,75024.0,0.9999999998233647,142008.08866878905,77365,0.9999999999324243,410121.46723556006,76522,0.999999973850888,586164.5211995298,78840,1.0,315311.95024525526
85139,75219,0.9792509393320934,138336.2933367702,77707.0,0.9999828429111449,737714.3199287066,76309.0,0.9999999998573071,92067.0067238581,75215,0.9999999987897678,250264.63866189992,77011,0.9999999499328217,93862.06850198946,79766,0.9999999999993588,556641.5094339623
85140,77090,0.987179276072627,275258.80972863064,79905.0,0.9999624391164244,88810.38601350182,77301.0,0.9999999998255433,581803.2892047421,77539,0.999999998289631,745352.6791372309,77093,0.9999999919403422,532849.9144683533,76131,0.9999999999999701,446472.2509770783
85141,78072,0.9737702257789284,71184.28217821782,78567.0,0.9999553007684457,6556.621880998081,76238.0,0.999993963096324,20282.5,79788,0.9999628239184736,100149.25373134328,76238,0.9975507894641972,20282.5,75550,0.9999994570320141,2038.1861575178996
85142,77090,0.990863657778926,364797.7711738484,76903.0,0.9999885347009208,1233997.1778338475,77090.0,0.9999999996455319,364797.7711738484,78251,0.9999999993654572,1446799.9043094905,77346,0.9999999915452014,684478.2977242896,78414,0.9999999999997818,649410.5156091073
85143,77014,0.9850620915872329,84375.38134288673,75154.0,0.9999979457850069,595170.0882535736,78759.0,0.999999999941638,249020.37899968933,75901,0.9999999998014586,959788.1884538819,78237,0.9999999676942365,550558.2489068998,77014,0.9999999999999871,84375.38134288673
85145,78072,0.9946922483012884,502791.08910891094,75424.0,0.9999608216771192,12816.99867197875,76554.0,0.9999999908921429,64675.71115973742,79084,0.9999995444663489,98677.85234899328,79013,0.9999474902024129,61019.69247369841,75109,0.9999999999750877,66969.04296875
85147,77951,0.99432399751913,22210.781932977174,78947.0,0.9999458733765552,25654.940282301846,76567.0,0.9999999917912521,34411.260716641016,78140,0.9999998173759472,75485.54603854391,78118,0.9999870525261431,151719.64008285862,79520,0.999999998264764,113179.3150067598
85172,78072,0.9981860533000316,272734.1584158416,77534.0,0.9999641986004411,22928.276999175596,75936.0,0.9999992651954119,3885.985748218527,78055,0.9999999364382756,10093.573264781491,79744,0.9998466365602312,82692.76944065484,78377,0.9999999999974238,52942.17506631299
85173,78072,0.9913227999918605,491288.2425742575,76511.0,0.999996607179396,33691.73928197978,79329.0,0.9999999735896316,13745.335820895523,76651,0.9999998400823643,110740.45482673266,76648,0.9999928803018584,45880.15930485156,75554,0.9999999999467412,21224.930747922437
85192,78072,0.9427154462558992,279235.7673267327,77650.0,0.9999528467236489,37898.04469273743,77968.0,0.9999999210356142,8199.492468893255,78558,0.999999207311203,21441.793041926852,76945,0.9999383436679017,29493.017607771704,79788,0.9999999994181762,392857.14285714284
85193,79906,0.980262020037714,7740.878048780488,78025.0,0.9999860145139625,126353.57063895644,78255.0,0.9999999934632201,25523.67822430551,78390,0.9999999368582981,45801.80873580912,76272,0.9999956158174853,63178.571428571435,78384,0.9999999998151504,64614.16149068323
85194,79906,0.9823264872957683,12622.829268292682,75140.0,0.9999708139675633,92830.8056872038,75692.0,0.9999999900421811,86346.59314690823,76634,0.9999999421248958,279668.9303904924,76634,0.9999974665222662,279668.9303904924,78559,0.999999999998025,26857.142857142855
85201,78744,0.9903268989446848,665579.6931780641,78043.0,0.9999671957645827,287666.424645905,77642.0,0.9999999969077873,464478.8106577423,77373,0.999999999925729,315767.4877692902,77099,0.9999999877942806,277279.10124265484,75254,0.9999999999999907,382754.69889481994
85202,77090,0.9931957634288952,234584.5780871197,76014.0,0.9999870185921349,372611.57939548744,78247.0,0.9999999999391628,1058136.3335539377,77065,0.999999999817908,651577.923750644,77705,0.9999999671035402,793669.9086209853,78737,0.9999999999998974,588574.8472825744
85203,77090,0.9861098204560758,228493.1219207007,79905.0,0.9999392259155248,73721.75437078068,77375.0,0.9999999995136037,608591.9970311726,78412,0.9999999999290451,595978.0596141119,79423,0.9999999953021484,631573.3166491044,77080,0.9999999999999559,340052.12526004604
85204,77081,0.9916747743437742,466855.79404390627,78228.0,0.9999899422687915,914387.5615269917,77093.0,0.9999999966164238,783290.7794634014,75061,0.9999999997960435,659931.424044293,77346,0.9999999890133717,759218.6152799962,78041,0.9999999999999956,1061819.9170791283
85205,77090,0.9856321148481895,252163.2986627043,75080.0,0.9999738880781427,544854.031086433,77479.0,0.9999999933488986,174148.42499689627,79925,0.9999999998638449,421984.24534279556,78028,0.9999999633206359,1135724.1609044566,77904,0.9999999999999971,1042301.200580341
85206,77014,0.9833432768195809,83491.78538442162,77009.0,0.9999778700890224,230940.30224364917,76051.0,0.9999999995476152,382266.3229176744,77365,0.9999999992488972,413761.02655543527,78028,0.9999999132463709,991136.3347297229,76126,0.9999999999999963,706711.6904706158
85207,77090,0.9845238989044939,292807.2847423164,77459.0,0.9999373338177158,504311.70759350207,75901.0,0.999999999411526,1263696.7485069674,75104,0.9999999999361423,488455.16595289076,75093,0.9999999873067729,468415.9742612607,79924,0.9999999999999997,410273.1342406901
85208,77090,0.9861947454836933,224772.91780714787,77066.0,0.9999825821756386,172398.3429991715,77535.0,0.9999999997400926,523649.54412837344,79701,0.9999999995897234,3062508.7429643525,78028,0.9999999479426327,1012359.9858678645,78737,0.999999999999931,563957.3020971094
85209,77014,0.9868589900660397,94216.57477119427,76180.0,0.9999902618060927,590140.1291741102,78801.0,0.999999998677958,956910.335800686,78028,0.9999999994344239,1118450.9968202694,78209,0.999999934319899,582549.7019915686,75204,0.9999999999999994,154097.06947645702
85210,77090,0.9933901004377858,240222.3508250567,78640.0,0.9999954521698398,531881.9048338083,77035.0,0.9999999997042114,474328.56695543265,76112,0.9999999999690887,235744.4894807952,77074,0.9999999878636615,241515.42026806963,79934,0.999999999999994,52240.501431556135
85212,78414,0.9824184680010106,339145.935372819,75134.0,0.9999883486044037,135059.76657920927,76450.0,0.9999999978520515,523066.82188591384,76401,0.9999999988322227,505401.88276002445,77530,0.999999983767221,368740.6054179119,76016,0.9999999999998016,393419.43326408725
85213,77014,0.9739734919317945,80666.57337177084,78503.0,0.9998971850316237,400613.76054552605,77038.0,0.9999999995669864,233914.853358562,78626,0.9999999987561689,307892.11472839623,75904,0.9999999671775178,504667.9124778238,77521,0.9999999999999819,777562.9759299782
85215,79512,0.9844493784804881,273875.93271784496,77372.0,0.9999963963354486,128041.77799368472,78119.0,0.9999999982151785,746005.7838053451,78721,0.9999999992851046,88885.67526311561,75156,0.9999986171332805,69344.1475826972,78237,0.9999999999999996,243650.92780206888
85224,77014,0.9894898360848531,100982.3952531557,76108.0,0.999988935656565,601550.050702593,75232.0,0.9999999994757506,532343.5566842481,78216,0.9999999992006318,1252341.5038253497,78213,0.9999999817071501,474231.4605705858,77040,0.9999999999999952,383004.9924388374
85225,75227,0.9911323561665287,205511.40193059543,78130.0,0.9999728948942608,1557589.2363143244,75227.0,0.9999999954173384,205511.40193059543,75243,0.9999999993593185,291788.2066869301,77095,0.9999999891251099,696704.0017480334,77583,0.9999999999999994,214411.91089837995
85226,78414,0.9899808161699659,406848.05309965316,75206.0,0.9999966252979035,414585.1181569578,77011.0,0.9999999996377869,193496.08828906334,78232,0.999999999150163,592965.3190203395,77009,0.9999999839511858,239840.44528621758,75204,0.9999999999999969,141818.7026671057
85233,78414,0.9858070013668983,382887.9430404507,76021.0,0.999971755796661,512151.78118820157,77504.0,0.9999999993080471,467789.96013203583,76021,0.9999999991074968,512151.78118820157,77041,0.9999999929975344,327645.54449847335,75234,0.9999999999999998,648297.7446377613
85234,77090,0.9871492370179993,306726.29232814576,77498.0,0.999994612243661,496608.22736446105,76110.0,0.9999999999596558,450549.8103991259,75231,0.9999999998501945,425870.7517793594,77375,0.9999999906671156,816966.2404750123,75165,0.999999999999993,1112509.995719178
85248,75219,0.9675910816577998,246419.30661167676,77541.0,0.9999919958422785,1117189.2955465587,77357.0,0.9999999998443603,683803.1642968686,78006,0.9999999969780154,823331.1110410293,76049,0.9999995532668401,660200.9394384882,77080,0.9999999999999928,293896.21373042814
85249,75236,0.9796929690256634,228910.58138280662,78621.0,0.9999864511763733,707291.554736984,77493.0,0.9999999980726096,304091.2419957311,78232,0.9999999976282319,605599.6347295948,76248,0.9999999682946907,591249.0250696379,77373,0.9999999999998186,235139.12968843878
85250,79512,0.9852072699844354,298132.55343366635,75082.0,0.9999898704640215,72760.39691568703,75428.0,0.9999999965386585,116247.9077948528,77384,0.9999999693765323,551855.9221709567,79903,0.9999997148058237,68664.3498029706,76208,0.999999999999989,49065.12381195925
85251,75208,0.9847373188756204,215464.55446889432,77339.0,0.9999866236338648,519940.5586551699,77459.0,0.999999999722612,423213.425765017,77063,0.9999999986975202,425711.3354396239,78759,0.999999953137494,275145.7081750185,76108,0.9999999999999901,555353.7411270463
85253,79906,0.970012678001424,32503.60975609756,78562.0,0.9999642276222644,31608.44108319102,79731.0,0.9999999347047199,349640.329347598,78735,0.9999999953699371,284932.6217980914,78133,0.9999997736439211,355728.0883750396,78109,0.9999999999999004,419202.78976379917
85254,78414,0.9758210236982122,495064.33247268084,75229.0,0.9999693534335649,302961.9280642174,77868.0,0.9999999994053047,1353242.9435602278,78230,0.9999999979119755,692642.6070858461,75093,0.9999999697572225,444881.4706066096,76137,0.9999999999999779,399914.9671189545
85255,75219,0.9713068061601473,304955.7803840701,78633.0,0.9999755957411706,99666.80147207507,75143.0,0.9999999982291168,888862.006648748,77382,0.99999999637905,145178.9498347556,77024,0.9999999464432653,223843.37837837837,78758,1.0,435486.3464756103
85256,79906,0.9864696490837062,9447.80487804878,78026.0,0.9999747156690778,103424.18772563177,75021.0,0.9999999984710396,54393.382352941175,76458,0.9999999938451768,80613.56333502452,78384,0.9999972056060761,78862.11180124224,77977,0.9999999996274695,115234.27041499331
85257,78414,0.9815821429285518,340384.3230837441,75025.0,0.9999910428328074,129601.68038985044,75071.0,0.9999999999472614,128190.01223769208,76182,0.9999999988071813,120708.78566625035,76107,0.9999999505573196,325643.03553636663,78731,0.9999999999999999,152016.17663132583
85258,75219,0.977738625108628,185301.3403789148,78834.0,0.9999761569151451,332440.27938120527,77954.0,0.9999999995441052,756039.4949412533,75094,0.9999999974680075,139235.35524094038,78624,0.9999997830574252,411753.52745884634,77840,0.9999999999999947,86598.0342868634
85259,79512,0.9708779243286156,387887.10003794107,76692.0,0.9999896606677594,283653.07743216417,77318.0,0.9999999994948319,457590.96003109415,77054,0.999999993631456,198378.3607940667,75020,0.9999998462886062,242945.703713855,78589,0.9999999999999964,111255.53685917119
85260,75236,0.9781231647139327,227433.39445583,78410.0,0.9999359549686959,1086547.602170783,79706.0,0.9999999993634059,1417594.6792140151,77096,0.9999999990906044,273055.86352742143,77381,0.9999999753797967,152490.27465532653,75218,0.999999999999992,395957.29204096296
85262,78072,0.9793331248550483,1802946.1633663368,75454.0,0.9999899426504785,112730.44169410696,76443.0,0.9999999619075799,131918.7176165803,77441,0.999999803985586,194079.0402258292,75862,0.9999970314545503,92162.70404542229,79766,0.9999999999967407,328481.3621721123
85263,78072,0.9948966021278777,421937.7475247525,76530.0,0.99998996173004,134235.45662100456,76941.0,0.9999981813215729,168143.35664335667,75251,0.9999919637707123,48097.55067567568,78609,0.9997221992276841,90949.69199178644,76270,1.0,9859.20979410128
85264,78072,0.9922027058036137,219220.91584158418,79563.0,0.999983358943016,83750.0,76853.0,0.9999997637508331,9184.126984126984,78830,0.999999822468762,30334.486735870818,75435,0.9999234555269789,1914.1193595342068,79788,0.9999999929190282,308422.17484008527
85266,79906,0.9738386204483169,21984.585365853658,78606.0,0.9999568528099064,261113.1484149856,77830.0,0.9999997711178001,247725.7950530035,75244,0.9999997272710864,229908.91060016162,78676,0.9999965582160767,216109.10739928955,75094,0.999999999999986,71004.41615794259
85268,75219,0.9703816972249305,183331.25402758087,75935.0,0.9999881476326707,525181.2253672519,75010.0,0.9999999991588349,159711.36510675005,78633,0.9999999979851586,59917.01379059328,78624,0.9999996900601755,407375.8472817817,78516,0.9999999999999993,133393.3395792522
85281,77083,0.9740484462023912,318895.11258311506,78586.0,0.9978261686969284,240014.59722568913,78245.0,0.9999999993551173,431069.84241183224,78745,0.9999999997876603,1070187.9540340726,77840,0.9999999082350477,220916.88033113803,75087,0.9999999999999486,881416.9737239504
85282,77076,0.9894500828752537,362670.11723195994,76106.0,0.9999778226410513,641105.7116630118,78210.0,0.9999999984365668,449547.8466178143,78758,0.9999999996623973,569125.605989103,75080,0.9999999583766892,690105.7426314008,75229,0.999999999999995,347945.24698981165
85283,77090,0.9912199557103889,305697.9432235864,77075.0,0.9999650347669412,375953.2418666544,77520.0,0.9999999957512454,1053235.0247996948,77386,0.9999999998035412,332844.7569850307,77040,0.9999999799188372,439898.6431338429,78230,0.9999999999999808,761390.0940049663
85284,79512,0.9771266443881956,312962.5901100291,75022.0,0.9999488184413117,215931.45177664974,78735.0,0.9999999880260445,286210.34655951784,78735,0.999999989501077,286210.34655951784,76082,0.9999999267209283,278570.6489184692,78737,0.9999999999999705,282175.9556647144
85286,78414,0.9808335127259933,450202.3915708213,75238.0,0.9999728182368407,524091.5083765034,77532.0,0.9999999996683127,633821.8732344633,77063,0.9999999979848512,438140.71048778604,78253,0.999999992766148,456915.14640186465,77373,0.9999999999998259,254767.57359883274
85295,75208,0.982407554564599,230868.14045096442,78238.0,0.9999762535940269,841856.0770750989,77407.0,0.9999999996132563,282216.1108457753,78253,0.9999999954449591,475691.43318442267,75126,0.9999999920509961,421866.8501968922,78758,0.9999999999999996,469160.24925994256
85296,75208,0.9857610218477522,225463.094267862,76134.0,0.9999959662891833,452468.7822128588,77041.0,0.9999999998003235,391689.2089788533,77477,0.9999999998311855,460025.1326762699,75126,0.9999999908305428,411990.1742554647,75227,0.9999999999997586,123754.62408746497
85297,75236,0.9796908008404863,195119.18886851473,75235.0,0.9999880793438559,285341.83782058104,76450.0,0.9999999990449802,546252.2312766783,75032,0.9999999994909483,366305.7103729418,76002,0.9999999289450714,237260.5758976182,77089,0.9999999999999852,250330.72733827966
85298,75219,0.9823509438999853,219751.43274476953,77505.0,0.9999852847570829,702833.2377218325,77372.0,0.9999999851369716,229113.7235851348,78729,0.9999999957118919,252565.21539715974,78260,0.9999999311358609,277495.18042068294,79907,0.9999999999999886,47610.27006821792
85301,75211,0.9935971817694778,341241.2487113402,78520.0,0.999959988682355,443353.068275906,78046.0,0.9999999905414825,89424.24896719494,78207,0.9999999998153603,572780.2315474099,78045,0.9999999910565937,442381.1359245808,78610,0.9999999999999998,899430.9525266121
85302,77090,0.9952316134024801,239829.15852037224,78216.0,0.9999910819314026,1128445.0818673554,78230.0,0.9999999999919217,597333.248714083,77014,0.9999999998340764,90992.02328640601,78413,0.9999999930380422,665549.1527327178,78209,0.9999999999999997,562612.0051364055
85303,77014,0.9876265977318679,73063.05802009572,75023.0,0.9999703730610806,170437.9728829974,75071.0,0.9999999970879901,129106.55318380611,76705,0.9999999984561954,938968.8748117593,77530,0.9999999830268712,372733.1292779331,77657,0.9999999999999011,474471.7995986372
85304,78414,0.9812820555995164,294682.4322562137,76541.0,0.9999636757113143,475887.24453840737,75254.0,0.9999999801958037,202136.02360724757,76033,0.9999999958683223,601780.1409289401,78411,0.9999999759814081,877441.1648475725,75041,0.9999999999999978,336844.875990872
85305,79512,0.990553956767241,203227.0519792589,75409.0,0.9999714912481347,96730.4960742327,75442.0,0.9999999815694742,110334.07798537775,76022,0.9999999910319312,92588.32605865686,78721,0.9999995583704908,65956.7767333494,78738,0.9999999999999543,130459.85964689445
85306,78414,0.9795226664194113,263862.7311373654,76107.0,0.9999865417013613,252435.42344735967,78610.0,0.9999999997680672,326374.3836412578,75964,0.999999997573372,206053.20653882425,79606,0.9999999260910347,600005.5518408625,75088,0.9999999999997848,510455.4620385419
85307,79512,0.9894965188133371,157827.94991779435,77461.0,0.9999521043677351,152298.9583333333,76043.0,0.9999999979058191,363352.7766679984,78648,0.9999999942802971,174498.7806443332,79102,0.9999996761924863,173758.23075318174,79835,0.9999999999992074,4753.358681875792
85308,77076,0.9891042661270896,455372.5529251081,78240.0,0.9999520975179281,664180.0685484563,75034.0,0.9999999999922169,1068291.756948206,78664,0.9999999984970954,1403667.867212073,78228,0.9999999820190563,906240.3520867069,78665,0.9999999999999939,326018.59181504697
85310,75219,0.9852317017006916,145318.40013747476,76234.0,0.9999746056906977,309467.6487843035,75948.0,0.9999999678063358,462405.1681298658,76308,0.9999999999850243,145327.1938432932,76574,0.9999999266030289,499063.8048471408,78589,0.9999999999999543,92951.94183104474
85321,78072,0.9610085417019331,796197.0297029704,79323.0,0.9999921198555145,63759.95656305145,76230.0,0.9999999898281592,94388.34137135667,75851,0.9999999316782071,32406.45428216798,77360,0.999995070149055,49225.491738788354,79563,0.9999999965196666,304174.9049429658
85322,78072,0.9818573830104687,127364.85148514852,79508.0,0.9999738660033635,4356.379187455453,76621.0,0.9999999560094845,10950.385887541344,75936,0.9999851418380361,1814.7268408551067,77977,0.9996885851046955,16364.123159303883,75550,0.9999998904329194,3646.778042959427
85323,77090,0.9943016309046399,255423.7702353953,75050.0,0.9999662681288197,591070.8343098195,75056.0,0.9999999999738651,318341.6790685459,79915,0.9999999997165336,95836.59676604345,75220,0.9999999892602395,719643.0455888561,78132,0.9999999999999988,670912.8649973995
85324,78072,0.9790953293200877,482119.3069306931,75778.0,0.9999648435543212,33832.83864856331,77831.0,0.9999998454045304,13926.163723916532,75938,0.9999993068876399,19380.49143708116,75938,0.9999854692349649,19380.49143708116,76648,0.9999999999859119,45023.89572773353
85325,78072,0.934692326345374,181211.50990099012,76649.0,0.9999536297108635,20158.345221112693,76366.0,0.9999998723236658,49127.021883920075,76690,0.9999995837047112,62966.46341463415,78672,0.9988820540974173,4354.967948717948,76270,1.0,4234.279354479688
85326,75220,0.9925683729178745,993201.1397214015,78201.0,0.9999818166490111,1497877.2294736842,78045.0,0.9999999993598774,381781.87775287847,78223,0.9999999998266605,1257674.2630739035,77373,0.999999994570608,355127.9718479101,78757,0.9999999999999993,1105497.5851032878
85331,75219,0.9782049426654951,220891.21450358722,77445.0,0.9999841102832804,846392.0607473123,77316.0,0.9999999997007325,79790.89883414817,78729,0.9999999981280584,253875.19195488212,78628,0.9999999110349055,504027.57074071636,76013,0.999999999999983,273724.14001025056
85332,78072,0.9957390377069796,258063.86138613863,79057.0,0.9999923015807155,5823.19749216301,79227.0,0.9999988320192311,20228.335625859698,76578,0.9999996817444368,25037.974683544307,76453,0.9997394064005591,22815.03316138541,75661,0.9999999996760729,1526.1255340124878
85333,78072,0.9931298415964431,99024.50495049506,76475.0,0.9999893342277273,1960.3960396039604,76035.0,0.9999997577210089,17422.919508867668,77978,0.9999971215837351,50651.16279069767,76875,0.9995793553108622,12936.479128856625,77660,0.9999999991234082,14096.192893401016
85334,78072,0.9777530709692958,140701.48514851485,77660.0,0.999988814601745,20028.934010152283,77538.0,0.9999882171520762,47463.355408388525,75101,0.9999988531999136,16642.25352112676,75550,0.9995009640104892,4028.6396181384243,75550,0.999999882755191,4028.6396181384243
85335,77014,0.9908030757940782,78949.87265246718,75703.0,0.9999855823336381,472297.15180581383,75154.0,0.9999999998597742,556899.4406463642,78617,0.999999999840333,283152.688172043,78539,0.9999999856011468,830432.9684776085,75119,0.999999999999999,974524.9691066366
85336,78072,0.9876699782844525,83687.37623762377,79046.0,0.9999521575447192,28059.905660377357,76875.0,0.9998830573951184,10932.84936479129,77420,0.9999999423196912,21835.32293986637,79788,0.9990454796264399,117739.87206823028,78830,0.9999999575255032,11580.161476355248
85337,75571,0.9977354366188275,4093.7597993101285,78701.0,0.9999839861024775,33503.68888888889,79329.0,0.9999999900555081,12178.171641791045,76856,0.9999998864122546,16301.031487513572,79752,0.9999848602146288,63348.160129397496,78935,0.9999999998785755,42305.46719681908
85338,77090,0.9958211273976055,287865.15992805193,77045.0,0.9999494754338036,299737.48552522744,79605.0,0.9999999996771629,1202690.792666487,78213,0.9999999998818315,512902.88058256905,75104,0.9999999932907178,480210.8137044968,77346,0.9999999999999662,540127.9015703825
85339,77090,0.9914469803811179,272452.0215844217,77038.0,0.9999763639613454,299747.49616677,76014.0,0.999999999976444,432759.81268624944,78213,0.9999999978731202,485440.56782043603,77093,0.9999999856185278,527416.4941028181,77642,0.9999999999998562,403730.93062170164
85340,78414,0.9868409919502382,349289.94601361395,77598.0,0.9999740660153676,583188.4806999068,79934.0,0.9999999994339583,42669.039696664855,77493,0.9999999992630922,255623.89274279616,75087,0.999999972777842,456513.9232860163,77042,1.0,268707.6583210604
85342,78072,0.9879412928320841,214052.9702970297,77853.0,0.9999928404555214,9976.689976689977,76486.0,0.9999999841478462,22902.115384615383,76556,0.9999987450694011,8670.257611241217,76453,0.9998992653961628,18924.0972733972,77865,0.9999999998600203,58278.29021372328
85344,75219,0.9758844232419872,79535.63173948532,79316.0,0.9999883629955685,82529.1529105126,76036.0,0.9999999991080306,217098.3933012123,75706,0.9999999995618309,187703.42591647094,76645,0.9999996992563883,325302.34322802327,75831,0.9999999999999777,241694.50052210235
85345,75220,0.9897579593314084,962472.5094976784,77074.0,0.9999928169615461,343450.3507453338,78041.0,0.9999999999344665,896445.802532622,78201,0.9999999996050665,1451534.4357894738,78207,0.9999999873704757,479024.64259954507,76933,0.9999999999999979,1302576.636904762
85347,78072,0.9818675295038631,156372.02970297032,79543.0,0.9999627296857739,1517.7993527508092,75058.0,0.999999804952795,8347.052280311456,77597,0.9999974904178344,26357.02479338843,79789,0.9998766856466178,56817.18061674009,78672,0.9999999956015084,3758.0128205128203
85349,77090,0.9777808493900076,181303.9962461875,77705.0,0.9997438331115708,613405.7375241921,78641.0,0.9999999999181219,305102.84859067097,77521,0.9999999984720813,663056.7177242889,77086,0.999999974031926,339884.47095506,76301,0.9999999999998911,93950.10235414535
85350,75208,0.9826585332346115,120359.08041293127,75234.0,0.9999847952486497,413728.3193715671,79045.0,0.9999999986227482,383519.078464282,78332,0.9999999989623545,638835.5102824622,76111,0.9999999396719242,286972.03420021373,77651,0.9999999999999898,535730.2686915888
85351,77090,0.9495274033920146,174547.13771799483,77004.0,0.9998874352396357,58910.43913713405,75043.0,0.9999999989092787,256273.36908475257,76240,0.9999999999802671,397616.64454521996,78633,0.9999991142810813,71183.52408298622,78801,0.9999999999999858,672601.7670157069
85353,77090,0.995210484119065,238335.02776257135,75098.0,0.9999735621223691,376992.7018007115,78109.0,0.9999999999854655,892354.5257276832,75041,0.9999999996606558,484987.6891664665,77034,0.9999999837426257,275965.7068909738,76706,0.9999999999999802,738750.0
85354,79906,0.9895134067414637,12306.731707317073,77003.0,0.9999956300066135,249922.45490358697,76470.0,0.9999999954904694,51367.53926701571,78384,0.9999999974897384,102725.96273291926,79104,0.9999993523091165,28127.843020663,78832,0.9999999999886571,25090.60864775544
85355,79906,0.9876318098060214,19965.073170731706,78255.0,0.9999969493723612,65830.01309712553,75161.0,0.9999999954039446,182280.83472707923,78642,0.9999999940206328,375616.9116983855,79022,0.9999996964398674,134591.22562674095,75236,0.9999999999999984,67446.33804336101
85356,79906,0.9850107592606682,8775.219512195123,78101.0,0.9999878579956432,183654.75329185356,79411.0,0.9999999718166585,49248.365847479094,76834,0.9999999630783715,196881.2394840157,76531,0.9999950086902827,74437.1761658031,76834,0.9999999999994671,196881.2394840157
85361,79906,0.9832481211973167,10144.975609756098,75172.0,0.9999834420603808,135954.22243854954,78657.0,0.9999999995579414,116416.19802317656,79731,0.9999999961440459,109129.19026641492,75491,0.9999976302122828,30696.068012752392,76448,0.9999999999999731,189046.35336906585
85362,78072,0.9585808788240238,111527.599009901,79547.0,0.9999375856327172,2603.112840466926,78663.0,0.9999764241900214,12456.736035049289,79742,0.999989386465486,37919.02834008097,78932,0.9980451983482639,28687.821612349915,76649,0.9999997184582549,12406.562054208272
85363,79906,0.9814711400777781,11634.146341463415,75141.0,0.9999271236304081,189179.9226139295,75161.0,0.9999999807279023,106219.59099893569,78017,0.9999999967700748,125975.92491838954,76825,0.9999984683345642,164206.93658395007,79821,0.9999999999940231,75327.58976475445
85364,77083,0.9891723766549,378334.68479246425,78501.0,0.9999875858155275,1075164.5003108487,78046.0,0.9999999968101015,98393.68945315311,75228,0.9999999985828388,243397.56852757858,75228,0.9999999914060007,243397.56852757858,78736,0.9999999999999405,320793.340651299
85365,77090,0.9881013332446531,296243.1805740205,78242.0,0.9999634568794864,383598.9825100093,78526.0,0.999999999998184,114105.79098143236,78155,0.9999999980581811,1005272.7295708779,78155,0.9999999803817353,1005272.7295708779,78737,0.9999999999993461,743276.8436299515
85367,75219,0.9774936268419234,158648.5629591442,79336.0,0.9999870674577531,194760.21243252655,77338.0,0.99999999675791,460796.26626998885,78076,0.9999999972679039,90745.79609150128,78633,0.9999993027495013,51850.12334694868,76273,0.9999999999999937,120492.59058950785
85373,75219,0.9772714975381331,141257.45585771362,77302.0,0.9999893830320526,121862.4359173528,75771.0,0.9999999999447036,217522.06091659548,78374,0.9999999991694152,465227.43332767114,78633,0.9999972033951241,46166.29595179359,75009,1.0,51407.21795964763
85374,77090,0.9910184668614576,280648.5688589974,76903.0,0.9999902561608562,949346.6498458089,77502.0,0.9999999999922861,230073.56557377047,78552,0.9999999982117665,206135.48185231542,78028,0.9999998674164774,1264019.633573916,75840,0.9999999999999738,852800.179856115
85375,78414,0.9363286186577541,302952.708447435,76205.0,0.9981271743393002,356420.1290967988,77506.0,0.9999999996730982,235696.62788848844,77904,0.9999999981019732,703427.042074719,78633,0.9999987649866235,69402.39414405306,77303,0.9999999999999996,567159.5658796648
85379,77090,0.9932905813986591,280194.88543051534,76117.0,0.999998099376638,365033.8040769378,75044.0,0.999999999996453,489481.4127302037,77539,0.9999999988176704,758718.7081934892,78665,0.9999999935667128,227787.63365069724,76531,1.0,690000.0
85381,75236,0.9859492825108167,148122.1011757092,75215.0,0.9999843524495017,340950.9193054137,78132.0,0.9999999996538793,396716.4573891077,77551,0.9999999990958667,423159.49629769375,75092,0.9999999382991587,174432.98782494242,77351,0.9999999999999458,461470.6708033375
85382,75208,0.9836496462243358,215491.07579462102,75766.0,0.9999842131029446,543411.4018971917,79705.0,0.999999999950105,733845.2584258376,75703,0.9999999980033085,557777.4444553195,78209,0.9999999828299131,576504.5355429569,77082,0.999999999999982,301318.5254497625
85383,78414,0.9813930732372961,496625.7778473255,76710.0,0.9999933015647908,1134863.5838623797,79706.0,0.9999999965078368,1705314.22427399,79424,0.9999999988061219,472290.9571689736,78258,0.9999999905626021,252130.9968237393,75227,0.9999999999997957,134270.82655779677
85387,79512,0.9882021063954378,182286.56886303273,75657.0,0.9999922476996072,97260.09337756482,75758.0,0.9999999994107386,332624.09876543214,77418,0.99999999330733,220049.29478138222,75862,0.9999932958813121,92282.0085166785,75158,0.9999999999828154,31404.956498813604
85388,78414,0.9873297014631416,306280.20238374674,76104.0,0.9999752829177931,100880.87807022364,78750.0,0.9999999984824456,524907.3834449574,76033,0.9999999982211095,625464.3072647876,76227,0.9999999625089955,316390.3599405727,75216,0.9999999999999999,165506.1461385764
85390,79906,0.9580089905009488,15671.414634146342,75956.0,0.9998357186349459,101810.78167115903,75791.0,0.9999999530534153,86092.25203497136,79401,0.9999999558085599,160110.70931849792,78639,0.9999975795556418,204522.19736515038,77521,0.9999999999999994,197421.53172866523
85392,77014,0.9902329461403002,86546.50284082958,75703.0,0.9999804684270631,517742.02309875697,75602.0,0.9999999999008268,615482.0459479016,78218,0.9999999987540964,609867.3835631924,77092,0.9999999884404976,327595.57906227256,77092,0.9999999999999956,327595.57906227256
85395,75236,0.9812939904114051,168268.79516772734,76208.0,0.9999944224699361,78577.33452670161,77801.0,0.9999999965688399,289242.0550152157,76227,0.9999999947095772,315522.68368449487,75230,0.9999999321323103,135012.68122524617,76180,0.9999999999999998,407744.68050020613
85396,79512,0.9818867161393106,298940.54635133425,76905.0,0.9999693565469824,67159.29240612384,77484.0,0.9999999791066724,459147.2549019608,76015,0.9999999917618585,466680.71853741497,77401,0.9999997665942434,118132.47298289792,77012,0.9999999999999987,159198.80258899677
85501,79512,0.9553803483881146,213057.63247755152,79007.0,0.9995556829144128,556635.8064516129,75013.0,0.9999999992187851,87421.79345734445,76384,0.9999999997744904,178230.18167137666,75169,0.9999997680319952,123014.2734173253,76569,0.9999999999999991,180010.66666666666
85530,78072,0.981606822620111,323746.78217821784,79734.0,0.9999513244288513,28049.08407703147,75851.0,0.9999999747109326,13176.996276375672,77420,0.9999999409526562,84470.51224944321,78359,0.9999616947749432,32398.15175097276,78567,0.9999999776127254,29819.57773512476
85533,78072,0.9879931549163006,523629.5792079208,76932.0,0.9999794168091967,259359.01442307694,79731.0,0.9999999935717091,59334.3926998112,78409,0.9999998252980341,25284.30296377607,76936,0.99999494025635,36219.090326713645,76701,0.9999999999923616,137356.9517313746
85534,78072,0.9916904826501345,460280.5693069307,76577.0,0.999996756101568,39192.691029900336,78756.0,0.9999999376544441,60183.66957144562,75423,0.9999999138901282,13056.747908330302,76252,0.9999919915191882,46332.57055682685,76701,0.9999999999952619,120739.42812172088
85536,78072,0.985225149163345,96190.47029702971,78932.0,0.9999884125638098,24742.710120068612,79505.0,0.9998872087924549,9187.898089171975,76875,0.9999678424266983,12566.243194192377,79034,0.9989872459971975,27075.31545741325,75668,0.999999975845466,5841.945137157107
85539,79906,0.9830972691329516,8971.90243902439,77360.0,0.9999779138686563,52657.67112509835,78017.0,0.9999999986180467,97148.83025027203,75114,0.9999999967353315,14646.374367622258,76834,0.9999987275713097,201294.0269209198,76511,0.9999999999781487,58408.92296967585
85540,78072,0.9946211683115548,569307.5495049505,75760.0,0.9999778483929108,30930.424042815972,76531.0,0.999999940034153,50871.113989637306,79346,0.9999999998987125,50064.41581519325,78140,0.9999819910013122,67641.86295503212,79508,0.9999999999998848,19472.55880256593
85541,78414,0.9774818131140804,232020.01408340505,77551.0,0.9999883875673651,365163.1891713437,75126.0,0.9999999992446298,208834.9949303214,77523,0.9999999983094348,684619.4608256108,78624,0.9999996384860077,361385.046341126,75001,0.9999999999997817,262083.79284394882
85542,78072,0.9666085815725753,573475.2475247525,78657.0,0.9999482575406484,69321.74505794139,78957.0,0.9999999910723303,61262.29860365198,78407,0.9999986373943998,56736.11111111112,79013,0.9999942531324739,69598.05772862153,79034,0.9999999978508893,161419.55835962144
85543,78072,0.971097592388393,607483.6633663367,79252.0,0.9999370538495903,187125.96795727639,76454.0,0.9999999559282049,18687.17948717949,76936,0.9999998310552953,42019.21844971173,76689,0.9999942357538741,14713.324360699866,76951,0.9999999999875634,127971.90517998244
85544,78072,0.9832238612552855,384261.75742574263,79322.0,0.999968112854308,21530.87701089777,75859.0,0.9999999925864245,11128.545564272783,79545,0.9999961146783987,63257.97177208573,75630,0.9999037027135309,11071.827524575514,76245,0.9999999983974507,3699.8394863563403
85546,75236,0.9747715481634213,122173.44407291555,78219.0,0.9999714570458198,663998.0459208598,77043.0,0.9999999957117579,161839.6044585494,79714,0.9999999991019407,508142.33373158105,76067,0.9999999412254341,376553.3923447303,77030,0.9999999999997929,78086.93239618978
85550,79906,0.978825899667959,9179.121951219513,75225.0,0.9999401908917169,28839.623516320473,76367.0,0.9999999956164425,5239.925148700127,78208,0.9999999689303263,160399.11777210885,76559,0.9999956145186946,62338.63389953018,79563,0.9999999998082063,332898.288973384
85551,78072,0.9976328716432799,70684.1584158416,76035.0,0.9999741673780891,12436.56207366985,78340.0,0.9999957951295803,24465.075921908894,78340,0.9999055470027399,24465.075921908894,78340,0.9974556749578218,24465.075921908894,75550,0.9999999771390079,2023.8663484486872
85552,79906,0.9628961668093869,11512.975609756098,77554.0,0.9999613055222665,185219.51751727483,75225.0,0.9999999916583948,36172.29228486647,78934,0.9999999455644504,358068.1628727156,79745,0.999996838046214,295125.40192926046,76537,0.9999999999998229,412997.35826051614
85553,75571,0.9992247743903409,2638.758231420508,78597.0,0.999940878107162,35710.71428571428,79322.0,0.9999999754925156,15720.809548521018,77872,0.9999999002533624,78066.86746987951,76453,0.9997253068535672,24804.716285924835,79563,0.9999999999206862,107187.26235741444
85554,78072,0.974540432102259,82187.00495049506,78567.0,0.9999247616196009,7570.057581573897,78340.0,0.9999637079712981,28446.42082429501,76678,0.9999808003069928,46303.867403314915,78340,0.9964053508362032,28446.42082429501,76364,0.999996004285654,37923.07692307692
85602,79906,0.9731277904101308,15832.975609756098,76657.0,0.9999533569249746,161789.7547345545,78945.0,0.9999999904916982,324485.0103888394,79347,0.9999999876667119,47630.282861896834,78003,0.999998571124825,253933.5565974548,78076,0.9999999999998537,38926.829268292684
85603,79906,0.9867941615498865,11897.560975609756,75758.0,0.9999938141863925,208101.23456790124,78562.0,0.9999999920134623,11569.895096364966,75076,0.9999997717102271,65374.44781888459,76634,0.9999986706678113,263600.0282965478,79339,0.9999999999980512,72618.50845410628
85605,78072,0.9809317087979411,78019.30693069307,76678.0,0.9999483969356965,43955.80110497238,77538.0,0.999999633283014,26318.543046357616,79742,0.9999796722919626,26526.315789473683,76238,0.9984350847965427,22230.0,78944,0.9999999999996639,11677.543186180423
85606,78072,0.9746832938970599,197215.4702970297,76690.0,0.9999891212578076,68527.43902439025,76941.0,0.999995051199564,78590.9090909091,77597,0.9999913014667635,33241.32231404959,78672,0.9998169474331535,4739.583333333333,79227,0.9999999997810106,15458.734525447044
85607,75236,0.9412441035107347,85593.78707798512,79015.0,0.9994240890861578,45472.00593251761,78258.0,0.9999999992006541,78879.09324283166,79549,0.9999999911104225,119700.14781966002,77703,0.9999997923191121,188529.3673012318,78202,0.9999999999937943,56631.499425192975
85608,75219,0.9755206215402898,46723.50388795807,,,,,,,75949,0.9999996436426327,58954.37906724512,76155,0.999988304347174,33881.7356778219,76270,1.0,24112.40957150807
85610,78072,0.9789001338872209,145702.72277227725,77660.0,0.9999766519213699,20740.862944162436,76636.0,0.9999990383172366,5257.142857142857,79547,0.9999999870368711,3400.7782101167313,78205,0.9992880635462699,51214.21709894332,79788,0.9999999916108393,204989.33901918976
85613,79906,0.9925620511798359,9674.341463414634,77098.0,0.9998826373021896,47062.52975304968,78655.0,0.9999990207408906,65575.65153733529,75709,0.9999999768133501,113542.60800634164,79906,0.9999842461723677,9674.341463414634,79511,0.9999999999954665,68970.26604068857
85614,75236,0.9729322476184415,137805.52259734657,78219.0,0.9999449069598512,748956.5217391305,79106.0,0.9999999992385306,459781.4116128106,76205,0.999999993963494,294290.8036394817,78633,0.9999989188496954,57304.52541755975,75757,0.9999999999999993,133176.29048167024
85615,79906,0.9695188359381323,17436.29268292683,75948.0,0.9999342563770803,238480.20540003313,76085.0,0.9999999977054853,31412.115008839675,75207,0.9999999858554552,185519.43198804185,78063,0.9999992241934327,26980.978260869568,79201,0.999999999996598,91477.20067930938
85616,78072,0.9679050098128421,895888.3663366337,76877.0,0.9999858499590437,102679.72295199426,78208.0,0.9999999918961235,164910.05527210885,76559,0.9999999952454243,64091.79616913624,76834,0.999999133170377,211734.99719573752,78147,0.9999999999935544,212367.71799628943
85617,78072,0.9903354233066366,215553.34158415842,76627.0,0.9999972511598129,17646.401985111665,75859.0,0.9999996947951744,6242.607121303561,78672,0.9999989842610716,5180.288461538462,76556,0.9998675576108982,8731.030444964872,76578,0.999999999808339,20913.502109704645
85618,78072,0.9804121953215327,296906.8069306931,79096.0,0.9999858363726286,28738.68220528911,76537.0,0.9999999483891424,112194.6758788864,77420,0.9999980641969263,77467.55011135858,79019,0.9999639099441836,56797.266514806375,76875,0.9999999999360328,38787.65880217786
85620,78072,0.9979157744024899,111694.30693069308,79511.0,0.9999889352701038,8388.10641627543,76649.0,0.9999933726592352,12425.106990014265,75936,0.999978210210298,1591.4489311163895,79034,0.9994743322661759,31439.274447949527,76270,1.0,2609.9053978853644
85621,75208,0.9795360950792991,118232.07008964955,76708.0,0.9999962608854766,216416.53166421206,75232.0,0.9999999994797868,269680.4063293612,79601,0.9999999985012124,289823.25879961485,78801,0.9999999270820841,519573.50153457304,75152,0.9999999999999889,396034.51214316144
85622,78072,0.9038960209941195,1055261.1386138615,75207.0,0.9997505223925806,118273.54260089685,77480.0,0.9999999815912011,174837.2275159901,78657,0.9999994092415613,127560.07157464213,78657,0.999922291347783,127560.07157464213,76449,0.9999999999996474,127799.75278121137
85623,79906,0.9776640004115436,8745.365853658537,75225.0,0.9999890607060005,27476.817507418396,78140.0,0.9999999856115529,98640.25695931478,75640,0.9999999208106539,11904.382470119523,76531,0.9999933621325291,74183.93782383419,75946,0.9999999999987069,26382.050483016515
85624,78072,0.9430408681527105,231724.00990099012,77650.0,0.9999614439180358,31449.72067039106,75859.0,0.9999980768815387,6710.923355461678,76035,0.99998578520332,40770.80491132333,76556,0.9999395479403821,9386.026541764246,76701,0.9999999998466366,60785.152151101785
85625,78072,0.9695506120126278,342251.36138613865,77983.0,0.999998167135301,39296.04423649511,79096.0,0.9999998380467432,33127.74540564769,78152,0.9999998307782012,51444.08352668214,78873,0.9999465698934965,195730.0260416667,75968,0.9999999997943606,5451.407328730749
85626,78072,0.9045759811758813,195381.68316831684,75859.0,0.9992996302440451,5658.418829209415,77872.0,0.9999998263731655,54363.85542168674,76635,0.9999934228017509,37352.09187858901,79372,0.9999027656908857,16728.79932829555,75550,0.9999993288864605,5594.272076372315
85627,78072,0.9958288896497596,197882.30198019804,76064.0,0.99995143373229,17241.340782122905,75560.0,0.99999892045887,40922.44755244755,76483,0.9999988257920737,28087.448559670782,79543,0.9999559171762218,1920.7119741100325,76044,0.9999999999999645,11966.859699921033
85629,75236,0.988131252670621,151278.1792686873,78727.0,0.9999808529163731,278443.2221800752,76262.0,0.9999999993441286,326621.05630120274,75048,0.9999999973855563,146448.78734041235,75189,0.9999999467056777,140170.18779342723,78006,0.9999999999999938,643109.2118956763
85630,78072,0.9665594527878124,403099.75247524754,79843.0,0.9999679347203536,21044.386422976502,77482.0,0.9999999082333255,100909.49868073878,79040,0.9999997487886295,21845.285149632975,76665,0.9999851930134879,55183.618174239265,76365,0.9999999999851581,12158.77133105802
85631,78072,0.9905914681268297,619986.7574257426,77485.0,0.9999849195084299,50302.82455766361,76457.0,0.9999998361191422,45648.866406630914,75969,0.9999999186615978,34934.245840042946,77984,0.9999955019018751,201093.12089023774,78151,0.9999999994246276,26755.395683453236
85632,78072,0.9530392868041352,126531.31188118813,76681.0,0.9999932292004386,4491.12426035503,77853.0,0.9999965897211179,5897.4358974358975,76637,0.9999868824293484,6757.392686804451,76649,0.9996104204520321,14075.606276747503,76071,0.9999999999848501,1119.193905136397
85634,79906,0.9871048122582317,11254.829268292682,75789.0,0.9999406378275623,23923.74350086655,75103.0,0.9999999968474726,137384.8786425145,78069,0.999999903274408,54553.96663261832,78595,0.9999983250650738,5062.401263823065,79241,0.9999999999934089,35459.63114754098
85635,75208,0.9790291426799358,178085.3979896767,77503.0,0.9999851359276732,535983.2333498911,77073.0,0.9999999993841683,179014.24497428705,76018,0.9999999999867064,596703.6828367711,79915,0.9999999625997213,76201.72646117567,75009,0.9999999999999948,92227.52675949606
85637,78072,0.9873058133229887,218887.50000000003,76578.0,0.9999773430115907,21236.990154711675,79508.0,0.9999968577134822,7486.813970064149,78205,0.9998989223949855,76938.52065321806,76453,0.9999194995819757,19351.5106853353,78375,0.9999999999392916,30085.106382978724
85638,78072,0.9651657802054412,331915.4702970297,79843.0,0.9999844087793454,17328.11140121845,76225.0,0.999999819045242,28245.39692121944,75479,0.9999995636282181,17136.094674556214,75630,0.9999346619782732,9563.561215370868,76701,0.999999999867398,87067.07764952781
85641,75219,0.9823110745784435,193664.77209262364,77505.0,0.9999791192401181,619400.0061906727,75230.0,0.9999999986347011,122127.35729079612,75048,0.9999999964296831,147350.4524232533,75189,0.9999999664527507,141033.19640062598,77578,0.9999999999999631,355612.9587894398
85643,79906,0.9770573696420802,14468.487804878048,78593.0,0.999930117849286,9298.184494602552,76052.0,0.9999999986215753,27755.42615140286,75021,0.9999999762409176,83298.71323529411,77957,0.9999994521119168,304670.3437720744,79830,0.9999999999927898,121652.49935913867
85645,78072,0.9699502833023583,372592.2029702971,77983.0,0.9999526530931488,42779.66822628668,76252.0,0.9999997063533232,37505.72082379863,79096,0.9999999448659098,36064.5450470641,76471,0.9999877119344478,9824.175824175825,79227,0.9999999999452743,29205.639614855572
85648,75236,0.9793380239112431,112669.61492827095,75235.0,0.9999949095966579,164767.77695009045,78750.0,0.9999999993023047,350504.2200403147,77523,0.9999999975889441,603466.6666666667,75146,0.9999999528171222,231536.88846940378,77047,0.9999999999996462,246133.99523971436
85650,79512,0.9789596182262577,254787.10003794104,76426.0,0.9999574182965105,240962.98080783745,76645.0,0.9999999894302238,467284.4516560084,76207,0.9999999933725107,193976.23233246605,75156,0.9999994703110042,64510.94147582697,77026,0.9999999999999568,50621.51848765297
85653,75219,0.9785515360284833,123828.60763844139,78559.0,0.9999787716104194,61295.4129899038,78408.0,0.9999999983796487,554836.724575599,76103,0.9999999999205382,75080.22865074148,78064,0.9999998824176204,649634.3010146561,75773,0.9999999999998638,109772.76243521312
85658,79906,0.9824048964705817,18760.39024390244,77611.0,0.9999804566017704,346411.5135135135,79567.0,0.9999999838206327,142764.00341199886,78669,0.9999996562471091,51982.77362637362,75862,0.9999990704923831,91037.83331643516,77954,0.9999999999998475,329006.0664164491
85701,77951,0.9878263170851072,30807.187955318113,75459.0,0.9999971272341571,48728.25043211062,76305.0,0.9999999845726784,19834.89681050657,76155,0.9999994294767557,28933.57912648894,76537,0.9999968940739412,332993.2940459256,76457,0.9999999999999847,64883.00828863969
85704,78414,0.9721007579411854,342387.2805988055,75662.0,0.9999141024790906,726569.9661655581,76180.0,0.9999999999511641,457066.77889240073,78006,0.9999999989845443,801868.9173420796,78628,0.9999998554506973,547620.1685245037,75042,0.9999999999999651,480674.42933340074
85705,77081,0.9846051522589241,387095.7663221835,78586.0,0.9999391250959262,212562.34800128374,78228.0,0.9999999990507096,758168.9214538808,78043,0.9999999998878956,307907.4996648943,77089,0.9999999767039435,422137.21892256016,75407,0.9999999999999999,467641.84028838517
85706,77081,0.9902295222562355,388687.0584398377,79938.0,0.9999111459718016,141586.6790558416,75216.0,0.9999999973474236,324070.13517345686,75216,0.9999999994804057,324070.13517345686,77015,0.9999999953414168,749948.40109679,77535,0.9999999999999536,784826.0606613178
85708,78072,0.9878303751320693,698006.0643564357,76633.0,0.9999457118328878,29565.89038533483,76351.0,0.9999998736225199,31634.106853750673,76936,0.9999999755342736,48280.58936579116,79906,0.9999813770165008,7352.780487804878,78011,0.9999999999608623,199346.5763546798
85710,78744,0.9881611849659027,721467.4760488933,75149.0,0.999989121846386,710895.5965374482,77840.0,0.999999999873557,198135.9073617884,78251,0.9999999988992389,1347525.2383718942,79907,0.9999999432009212,91854.96682553033,78133,0.9999999999999851,1079503.7694013303
85711,77090,0.9851774940656761,238643.53249393913,77845.0,0.9999332439780855,442192.99553031323,77450.0,0.9999999972869575,245541.2563144002,77065,0.9999999998243334,662852.002833591,79925,0.9999999859145232,399359.50830059557,78239,0.9999999999999996,301517.2646530152
85712,77090,0.9862649531748477,201066.44639086572,75701.0,0.9999870455903568,644937.243376534,77076.0,0.9999999995727717,228314.77919417256,78229,0.9999999988012043,186865.30397674564,77351,0.9999999603588632,614339.2993764873,76548,0.9999999999999698,502263.2471701301
85713,78744,0.9839566825068746,591773.3956888007,78582.0,0.9999518660599934,289159.15838101495,75227.0,0.9999999995141359,134133.98782133343,77075,0.9999999999606617,342736.69871059514,78155,0.9999999909446431,945703.1409972825,76708,0.9999999999999848,447309.3777614138
85714,75236,0.9648007317583165,87106.568870672,76308.0,0.9999802447125121,110837.27338463922,78729.0,0.9999999991932009,127380.03839097642,76541,0.9999999964749403,255342.67902639997,75801,0.9999998059394171,390606.35286583414,75831,0.9999999999900058,336794.1872607031
85715,75219,0.967679153330061,128817.98341710703,76302.0,0.9999953063544673,299292.25500910747,77058.0,0.9999999994511215,381781.2346271522,77058,0.999999994944133,381781.2346271522,75156,0.9999997607398761,72736.76844783715,77520,0.9999999999995294,355677.31781762687
85716,77014,0.9697339752352371,71454.22485935794,78102.0,0.9999890471866241,449110.77562133485,75701.0,0.9999999990855197,604093.8697098291,75087,0.9999999987238827,438189.1875566294,76107,0.9999999544478995,320749.4785785453,79045,0.9999999999999618,526221.1003881254
85718,75219,0.9687995763789906,198231.44735146282,76302.0,0.9999817826364881,460565.6393442623,78729.0,0.9999999998086782,227831.81694638854,75219,0.9999999945605591,198231.44735146282,77356,0.9999999423965231,455740.24644622987,75104,0.999999999999843,265010.0107066381
85719,77081,0.9496913271545591,331540.12923214905,79912.0,0.989544104209487,122329.34116980247,75149.0,0.9999999990371401,601226.2057099844,75023,0.9999999995885638,254321.18818473458,76706,0.9999997241303434,890681.25,78238,0.999999999999999,918798.1442687748
85730,77090,0.9881164281279592,236248.0839915539,78552.0,0.9999351089898519,173523.46683354196,79072.0,0.9999999985210548,858863.5431808863,77023,0.9999999994730912,242314.04234436344,75081,0.9999999806873867,460151.4423076923,77355,0.9999999999999752,686480.6662755307
85735,79512,0.9763957542636453,186983.02769697734,78073.0,0.9999913183172318,141411.58701046498,77547.0,0.9999999996510905,75012.34494393173,75862,0.9999999925233816,94659.57619385583,75835,0.9999994712886859,180032.16770413768,79501,0.9999999999994991,162734.6400811085
85736,78072,0.940864129653976,833206.1881188119,75925.0,0.9995908302550782,121932.1785801415,78160.0,0.9999999950686126,289780.06329113926,79731,0.9999999882085706,94413.65638766519,77360,0.9999961100488842,51513.61132966168,78935,0.9999999999174649,80981.51093439363
85737,75219,0.9671882947440111,160724.32444043478,77591.0,0.9999924833216224,85562.3641014709,77510.0,0.9999999997828352,291816.7168674699,77054,0.9999999459933657,183312.52165030868,78382,0.9999999381944188,549503.1527139341,75232,0.9999999999999207,257617.985283584
85739,75219,0.9641264375734422,139445.8822013146,75474.0,0.9999873026953929,229651.20622050908,76065.0,0.9999999977134798,270717.8268350296,77578,0.9999999947546623,256054.6361880232,78633,0.9999964461146379,45574.230598131595,76306,0.9999999999990165,174780.5086429565
85741,77014,0.9818570101489527,80668.8684262084,77539.0,0.9999951434625256,575738.4256108151,79764.0,0.9999999989828506,1229459.7059488802,78363,0.9999999993859658,935941.9834462504,79720,0.9999999881205082,1282258.5861883,78238,0.9999999999998547,679848.3458498024
85742,75236,0.9776279712336791,159393.808650631,77587.0,0.9999754758128151,420244.70741376246,76086.0,0.9999999989248558,811242.3557886244,75503,0.9999999988557251,414434.4420435252,77062,0.9999999896588704,158481.0743708385,77043,0.9999999999994205,211144.33779704312
85743,75236,0.9781975282226143,175316.57857836265,78410.0,0.9999236880861705,837563.0523867537,75771.0,0.9999999990358469,343497.4855299364,76548,0.9999999987689643,446550.241594864,77016,0.99999997214584,95105.17957901138,77642,0.99999999999989,264899.12215214316
85745,77090,0.9760233444776286,229896.5159928052,77340.0,0.9998296482838236,454471.1622073579,78801.0,0.9999999997920361,885885.6404585666,75703,0.9999999997873531,521792.24576685915,78232,0.9999999712011616,596480.9546959584,76006,0.9999999999998193,405148.10395975754
85746,77076,0.985548850219479,301358.4737081721,78240.0,0.9998980602318341,439544.04023571045,77320.0,0.9999999999824419,270900.70787776844,77520,0.9999999996840789,914369.5631438383,77901,0.9999999873722435,743206.0335298453,78570,0.9999999999997775,96099.13483796296
85747,75219,0.9807526248909778,189286.80242299265,75137.0,0.999972507329637,414970.7230142566,77568.0,0.9999999987405498,248845.9335038363,75235,0.9999999997099576,217559.05342130468,75189,0.9999999724192,137845.01173708923,78642,0.9999999999999959,828511.3285830251
85748,75219,0.9827172950498659,133807.35919577265,79549.0,0.9999769295353069,147069.9002217295,77523.0,0.9999999955076369,563271.5669755687,76310,0.9999999581378795,72978.8177200903,77069,0.9999998351668362,305348.01239170966,75208,0.9999999999996955,94028.70823145885
85749,79512,0.9704469323485502,321867.3453901606,76692.0,0.9999844614876416,235374.32164129717,76520.0,0.9999999981447073,331157.64401772525,78734,0.9999999732292628,231786.71883345797,78133,0.9999998367975315,367490.23598352866,77053,1.0,133651.3979540605
85750,75219,0.9738185815815458,182719.8479185462,75601.0,0.99999789771005,447925.9717964439,77031.0,0.9999999981530179,232790.56060270328,75022,0.9999999923642581,281145.2588832487,78624,0.9999998255220267,406017.25688200304,79714,0.9999999999999941,597290.5444615121
85755,79906,0.9679146897819914,28348.682926829268,75948.0,0.9999832967365218,387731.48915024014,77461.0,0.9999999971197953,262218.65234375,76008,0.9999999771019822,45313.857597649076,75156,0.9999981693187653,68802.86259541984,78070,0.9999999999999979,282261.2732180731
85756,77090,0.9856973864905743,247801.88863689682,77055.0,0.9999859605465972,429603.17645490303,77845.0,0.9999999999689447,459162.9125218443,78210,0.9999999995906219,348789.3243564985,76112,0.9999999822020114,243182.74102489866,76031,0.9999999999999883,606645.1246537396
85757,75236,0.9809382224885901,114283.24884047029,77303.0,0.9999947299585606,388361.0662604722,77954.0,0.9999999992840845,593276.501305483,78076,0.9999999998834044,83172.8525980912,77037,0.9999999284718388,267261.8025751073,77859,0.9999999999999962,558663.8171243068
85901,75219,0.9654083873634096,137973.9786054904,79764.0,0.999984726329615,639372.2144311242,79934.0,0.9999999995729071,24045.732415073897,79835,0.9999999936336331,9266.920152091256,78654,0.9999998767203246,354101.24675465166,75647,0.9999999999998688,160650.97519865158
85911,78072,0.9803621270766428,382261.26237623766,75778.0,0.9999847493222123,26825.276286706663,75125.0,0.9999999785367997,46606.43842206543,75846,0.9999991514609814,54234.43478260869,79752,0.9999381836594212,55632.83461382936,75550,0.9999999770509779,10945.107398568018
85920,78072,0.9979722974407317,51512.74752475248,79742.0,0.9999718149083191,17514.17004048583,78938.0,0.9992858065376582,20401.3353115727,78402,0.9997025108216359,61345.58823529412,78402,0.994780661952537,61345.58823529412,76475,0.9999999530601508,1019.8019801980198
85924,78072,0.9952247748990903,444776.73267326737,78940.0,0.9999759692904377,22354.41977377461,75567.0,0.9999999736632296,1541.8994413407822,75792,0.999999615017811,16870.257611241217,77871,0.9999812144081252,35323.98753894081,79843,0.9999999998179224,23220.191470844213
85925,77951,0.9880946733780182,28767.3627974745,75459.0,0.9999935831132037,45501.82446706357,75491.0,0.9999999919188242,26227.417640807653,79014,0.9999999273728566,34392.61956785627,78361,0.999995152642435,74634.31024827328,77871,0.9999999999966521,65352.024922118384
85929,79906,0.9662012910201329,12441.951219512195,78069.0,0.9999477854120028,60308.13755532857,77611.0,0.999999998629184,229741.2312312312,76258,0.9999999592437898,45709.67741935483,76634,0.9999987662708181,275661.43180531973,76861,0.9999999999962014,33611.069277108436
85930,78072,0.9827453704171561,223388.61386138617,78935.0,0.9999773471659437,21711.7296222664,78850.0,0.999998869196281,10260.336906584993,75435,0.9999896064901795,1950.509461426492,77419,0.9998359264697263,43211.133740665304,78548,0.9999996495444411,6194.1448382126355
85933,78072,0.9789111493582192,448444.3069306931,76449.0,0.9999963340269876,54309.84754841368,78701.0,0.9999994144456047,34517.39682539683,79086,0.9999998062564519,22387.209811651333,77871,0.9999779673733535,35615.26479750779,76228,0.9999999981555153,28812.07400194742
85935,78072,0.9861096113297295,827371.4108910891,75974.0,0.9999928790402954,33341.57164869029,76457.0,0.9999999874289233,60918.34470989762,79906,0.999999987589112,8715.512195121952,77360,0.9999970327956023,51152.87175452399,76259,0.9999999999999536,8119.427402862986
85936,77951,0.9895092428870841,26342.884895580377,75756.0,0.9999954570217129,79770.16211779192,79311.0,0.9999999992405428,8752.420470262794,78022,0.9999999778345036,245668.22211852542,78343,0.9999946926664277,113258.3447645176,75702,0.9999999999999687,111233.25079589672
85937,79906,0.9528787511011987,13744.975609756098,78017.0,0.9999028542903715,148832.23612622416,76226.0,0.9999999954569697,31730.658625234653,75789,0.9999999645658986,29216.904412744967,77957,0.999998606607066,289434.97763126914,79225,0.9999999999997372,43685.58139534884
85938,78072,0.9975272125317033,340417.5742574258,77534.0,0.9999839584058522,28618.301731244846,75554.0,0.9999997316704561,14706.925207756232,79322,0.999999959671022,19074.20861442657,77430,0.9999843839773074,17921.014139444174,75681,0.9999999999056179,54935.9286646368
85939,78072,0.9886087521174592,702673.8861386139,75640.0,0.9999900508001106,10075.697211155379,78390.0,0.9999999675474539,43796.42101212238,76272,0.9999999536948747,60412.3590225564,75472,0.9999958325251022,32167.3874332231,76640,0.9999999998672569,19458.451704545452
85940,78072,0.9935343445922108,161873.39108910892,76228.0,0.999998313727411,10400.194741966894,75550.0,0.9999990224446383,4634.844868735083,75936,0.9999922299873607,2306.413301662708,78205,0.9997907677655813,56898.174831892415,79245,0.9999999999730107,11807.863802188893
85941,75219,0.9758697642638801,82788.91609743524,77024.0,0.999937674884534,60768.64864864865,77075.0,0.9999999986968783,81594.41104941953,77372,0.9999999784311185,86316.05538013116,77306,0.9999994658132892,203070.32218632672,76487,0.9999999999189497,95726.62721893493
86001,77090,0.9647923071600973,271115.16774849454,76706.0,0.9994130074132839,840356.25,78217.0,0.9999999976042705,1311303.464189569,78230,0.9999999981911102,675256.1069971621,78412,0.9999999061267538,707149.0390978975,77040,0.9999999999999998,390134.10809355124
86004,77014,0.9878611002004214,83048.83987797028,78665.0,0.9999939399538486,177951.71224706672,75081.0,0.9999999989948137,426348.48524762905,77377,0.9999999985116593,546461.9565808803,77489,0.9999999858823864,376359.58244984504,78934,0.9999999999999998,1976365.8544405259
86011,77090,0.8906842122706985,51242.03096895284,76201.0,0.9925779464280771,69126.35708681076,75948.0,0.9999999502771072,203461.15620341228,76258,0.9999998275107259,54651.6129032258,79401,0.9999251002669044,151983.17107093186,76640,0.9999999998997362,39106.17897727273
86018,78072,0.981978856382569,146536.26237623763,78548.0,0.9999412780859366,4063.174114021572,77990.0,0.99999478523005,38659.72222222222,79046,0.9999857200130943,49132.78301886792,78205,0.9993521753221573,51507.20461095101,77660,0.9999999918570135,20859.51776649746
86020,78072,0.9823745694889799,368924.62871287134,76380.0,0.9999857659702975,33502.61491879989,79347.0,0.9999999586991617,11690.973377703827,75980,0.9999983020875043,38948.8,79346,0.9999849546415012,32442.914260328744,75661,0.9999999995816249,2181.7285573447257
86021,79906,0.9849327639573794,11107.317073170732,75021.0,0.9999387782428794,63947.61029411764,75656.0,0.999999986369088,20620.51727885242,78387,0.99999999940252,58931.49970184854,78372,0.9999798204797574,35516.60516605166,75969,0.999999999927952,59413.58024691359
86022,78072,0.9859062593904595,368257.797029703,78659.0,0.9999783064460983,18913.153698979593,76225.0,0.9999999424869446,31338.06217929369,78656,0.9999999091596405,23733.784321528055,76554,0.999988788656528,47370.24070021882,78375,0.9999999999978173,50615.38461538462
86023,78072,0.9960622526380368,305075.49504950497,75568.0,0.999988294466966,9669.749009247027,78701.0,0.999999893243174,23482.09523809524,79248,0.9999994790936264,25381.41470180305,78039,0.9997867583403648,38085.07853403142,76682,0.9999999999850918,29122.871946706146
86024,78072,0.999525004161313,97524.13366336634,78944.0,0.9999979146969463,14596.928982725529,76875.0,0.9999904256574882,12740.471869328494,78944,0.9999640270608462,14596.928982725529,78932,0.9959531083441733,25085.763293310465,76270,1.0,2278.797996661102
86025,79906,0.9588259413987879,9749.853658536585,77486.0,0.9999627583785429,234403.84072295963,75975.0,0.9999999933979097,43200.429299704854,77485,0.9999999666906213,75095.80046898316,78384,0.9999988321168717,81383.35403726708,78016,0.999999999999628,142123.70994940976
86030,78072,0.9873569071527543,286237.5,79083.0,0.9999847041667251,26292.807424593968,75656.0,0.9999999167731279,5597.696153010214,76454,0.9999992636522924,8805.128205128205,79343,0.99995985530561,3116.152450090744,76228,0.9999999983074176,18390.4576436222
86031,78072,0.9794020094078831,305075.49504950497,76366.0,0.9999394913537357,82706.9457659372,78017.0,0.9999999404246724,34797.878128400436,77951,0.9999976090547342,10665.371539582322,79545,0.9999814957730387,50222.16414009409,76475,0.9999999902160763,6039.60396039604
86032,78072,0.9733597425924513,232724.2574257426,75944.0,0.9999770173555848,36658.62313697658,76453.0,0.9999999191660082,20574.797347089167,79511,0.9999999679682974,17477.308294209703,76372,0.9999547603253802,36163.236337828246,75855,0.9999999999162527,6234.673162809582
86033,79906,0.9874240125177977,12520.975609756098,77612.0,0.9999902808551322,89768.99496387124,76450.0,0.9999999984613918,118418.31587116802,75783,0.9999999805045132,108379.01838867576,78616,0.9999984298873652,37935.62117584464,76443,0.9999999999991602,86969.99136442141
86034,78072,0.987581475567653,349419.80198019807,75631.0,0.9999837251893026,10690.468600573797,79731.0,0.9999999410640277,39594.04237465911,75792,0.9999999526611344,13253.395784543325,78147,0.9999911008235484,82828.94248608535,77597,0.9999999522381503,58895.867768595046
86035,78072,0.9885401776277987,343585.02475247526,76656.0,0.9999731500011988,22426.045081967215,75426.0,0.9999999490661563,12920.260448213205,78656,0.9999999885900781,22143.65300437724,79241,0.9999833281926893,11403.073770491803,76578,0.9999999999681285,33335.443037974685
86036,78072,0.9788087260407133,66516.4603960396,,,,,,,78072,0.9998954035847549,66516.4603960396,76238,0.9973652339972334,18952.5,77990,0.9999999995624902,17548.61111111111
86039,78072,0.9841048871699203,203050.24752475249,79005.0,0.9999723110055558,11052.631578947368,76656.0,0.9999995774337531,13253.237704918032,78830,0.9999975801568978,28096.885813148787,79372,0.9999273229065793,17385.390428211587,79046,0.999999999989202,68081.60377358491
86040,79512,0.9727579802360007,180990.4135576072,79070.0,0.9999820487831725,170260.23765098694,75757.0,0.9999999712922039,61643.26812428079,76692,0.9999999947000138,132354.2025148908,77547,0.9999993451298205,72608.27627270021,79036,0.9999999999995971,79007.65276984581
86042,78072,0.9599124328513785,360255.8168316832,77871.0,0.9999448749258765,28611.370716510904,75756.0,0.9999998954176015,38137.90272932486,76366,0.9999999415029849,97666.50808753568,76554,0.9999809625682229,46340.91903719912,78417,0.9999999999974449,19379.65756704981
86043,78072,0.9918658412969195,460447.2772277228,78160.0,0.9999800893503421,160138.5623869801,78361.0,0.999999980801825,41762.55366809782,75980,0.9999990965181661,48611.200000000004,79359,0.9999880696634111,25715.1724137931,78417,0.9999999999345142,24769.372605363984
86044,78072,0.9706624377003277,617986.2623762377,75966.0,0.9999869176152338,74883.22299981085,77612.0,0.9999999860399404,46672.323188088456,75851,0.9999999627428751,25152.999586263966,79014,0.999993710628663,25829.30322893906,78019,0.999999996140474,108746.87707641195
86045,79512,0.9821030482750769,200062.4130517263,76450.0,0.9999656302379522,197391.54055102833,75071.0,0.9999999983392899,48199.50948922682,77336,0.9999999861413259,343885.5771557635,78202,0.9999997729703952,46649.942519297096,77372,0.9999999999996884,93532.66941948021
86046,79906,0.9879954423191579,9720.0,76060.0,0.9999909986176999,59096.52395915161,76559.0,0.9999999986901703,66011.9262739429,75640,0.9999998465834143,13231.075697211156,78606,0.9999970110535473,115445.42507204611,75570,0.9999999999977321,41200.90710183244
86047,75219,0.9565191211568252,115623.68861966749,78061.0,0.9998089437386669,223111.321953156,78076.0,0.9999999992043447,66135.88850174216,77575,0.9999999959172923,234882.00529256102,77531,0.9999997986705609,619131.8758552058,77872,0.9999999999980093,710533.734939759
86053,78072,0.9881657052583335,406934.0346534654,76932.0,0.9999823625538045,201558.53365384616,75692.0,0.9999999764200722,29322.76486805829,75846,0.999999468493283,57734.95652173913,79752,0.9999825581559372,59223.61504245855,78872,0.9999999708800436,33981.43851508121
86054,78072,0.976391987567241,274567.9455445545,75449.0,0.9999561670809964,12208.22102425876,78643.0,0.9999999439934315,24798.500254194205,76270,0.9999994883482907,6415.692821368948,78650,0.9999865965548813,29562.80817799158,77597,0.9999995046230552,46279.33884297521
86301,78414,0.961954989989667,238491.9359465874,78380.0,0.9999120993280488,277227.6382326121,75254.0,0.9999999792266467,163592.41786331855,77801,0.9999999979715714,225844.16134614235,78624,0.9999998003487649,371465.45165306405,76022,0.9999999999995755,169846.240140899
86303,75219,0.9576179804480872,131565.53679597887,78061.0,0.9996975777962621,253873.24335053592,77078.0,0.9999999985449224,24238.938053097347,77058,0.9999999768378033,389924.23060771497,75156,0.999998688270631,74288.16793893129,76084,0.9999999999999923,210248.34437086093
86305,75219,0.9526443705495757,135535.90239292005,78076.0,0.9998469854134188,77525.52643538857,76310.0,0.9999999993537434,73921.56884875847,76310,0.9999999792599871,73921.56884875847,75156,0.9999983127685553,76530.02544529262,76522,0.999999999999972,291887.466170963
86314,77090,0.987129487887494,229848.1230937671,78552.0,0.9998607635672059,168822.7158948686,77630.0,0.9999999975061736,674466.5814196243,77023,0.9999999996197534,235749.75462703308,77024,0.9999999718825016,210523.9189189189,76687,0.9999999999999877,19646.845915201655
86315,79906,0.9860150101852001,13400.780487804877,78560.0,0.9999648620423872,72436.23607098639,77659.0,0.9999999090647843,248387.27234222787,75495,0.9999999847551675,63616.13441067077,76442,0.9999991286772237,96710.91248665955,78123,0.9999999999999283,96633.16185199842
86320,78072,0.9966851561124749,344085.1485148515,75433.0,0.9999889430334723,9750.0,79095.0,0.9999999385151281,11470.915153760652,78019,0.9999997190493786,60548.57142857143,78393,0.9999738755417219,40698.59154929577,76640,0.9999999991923548,9528.40909090909
86321,78072,0.9925818874099812,348586.26237623766,79529.0,0.9999901308076621,25796.081277213354,78655.0,0.999998814141283,24889.941434846267,76878,0.9999997800428476,35939.0625,76554,0.9999669183851811,44839.824945295404,78613,0.9999999999999681,21328.312912225665
86322,75219,0.9553949061485383,88487.82489152382,79007.0,0.9998745289415357,515559.89247311826,78119.0,0.9999999983810949,537518.4882329478,77461,0.9999999983275273,190422.42838541666,76054,0.9999997476806656,167534.50368262472,76449,0.9999999999998874,236681.9118252987
86323,75219,0.9770358396961729,116506.830777162,77378.0,0.9999775459703302,170788.51393188853,75773.0,0.9999999655737852,103282.08401021118,79331,0.9999999974650984,335119.50635692984,75143,0.9999992039021345,339585.2843400764,77659,0.9999999999997639,502405.6543837357
86324,79906,0.9990974692064,7579.317073170731,79906.0,0.9996025482634628,7579.317073170731,77094.0,0.9999997683977981,33836.63523678356,79311,0.9999999688583683,8357.399723374827,78636,0.9999755421357577,78882.07109737248,78935,0.9999999999498909,69931.21272365804
86325,78072,0.9320848197371839,880217.8217821782,75925.0,0.9992991412504556,128811.90534276652,75454.0,0.9999999670374794,55036.221187691604,75640,0.999999989045201,12621.513944223108,76531,0.9999923720631763,78652.84974093264,78417,0.999999999996588,47350.574712643676
86326,75208,0.9817993526483236,131800.3803314317,78232.0,0.999979118974311,389984.4431597204,79045.0,0.9999999887536526,419976.29287737334,78621,0.9999999972089044,455470.39216567087,77356,0.9999999205733097,431202.2558714462,78242,0.9999999999999838,194631.07257894578
86327,79512,0.9773113686880577,161110.42114582015,78368.0,0.9999476729023737,330607.4116424116,78014.0,0.9999999983611478,380641.5331196581,79347,0.9999999941610872,50562.271214642264,78003,0.9999959574296604,269565.0033489618,75954,0.9999999999988394,133664.5014615135
86329,78072,0.994481094774847,187546.41089108912,76472.0,0.9999553424306415,54010.45122760451,76035.0,0.9999962848842769,32997.95361527967,76228,0.9999986707391553,12049.659201557937,79092,0.9997897592107342,42258.88324873097,76270,1.0,4382.303839732888
86331,78072,0.9676188221216098,86854.82673267327,79505.0,0.999913530004852,8296.178343949045,78938.0,0.999944370054154,34398.367952522254,78340,0.9999887000330053,30062.039045553145,78944,0.9986746680072679,13000.0,75556,0.9999999173320759,1996.168582375479
86332,78072,0.9495026450366082,280569.43069306936,75931.0,0.9999119641816291,10763.819095477387,79227.0,0.9999990930062844,21992.434662998625,76693,0.9999999716491312,9443.266832917705,75859,0.9998949490216333,8125.528062764031,79005,0.9999999999797609,15272.232304900182
86333,79906,0.9081268355828976,11869.463414634147,75207.0,0.9995736829383154,126289.23766816143,75140.0,0.9999999953557374,87290.4028436019,75161,0.9999999906971888,108368.03253763114,79121,0.9999952684438289,50317.68459434822,76642,0.9999999999991254,78077.27402135232
86334,78072,0.974326473179173,808033.292079208,79536.0,0.9999231876975456,59941.12780317875,79226.0,0.9999999260894556,159933.02999662957,78071,0.999999985518009,127408.39246119733,75692,0.9999961581007166,58225.08861756597,75751,0.9999999999999843,76800.9542327251
86335,79906,0.945853872769744,9031.609756097561,78017.0,0.9997970139703456,97795.34820457018,75144.0,0.9999999875306688,204075.21468759252,79081,0.9999999947256762,59463.9606396064,75426,0.9999926748233975,32241.096305269533,79040,0.9999999999969217,46464.14455110107
86336,79512,0.9728739097688149,196847.2745668395,76226.0,0.9999797780530614,47407.47693413748,78934.0,0.9999999926474672,638689.6120551459,77003,0.9999999962686522,417036.6991499067,75862,0.9999977149017221,99653.32049072291,75707,0.9999999999999156,65997.03398558187
86337,78072,0.9982903625875018,202550.12376237626,75556.0,0.9999809800549688,4655.172413793103,76265.0,0.9999969451408539,3464.700996677741,77597,0.9999980965583631,34140.49586776859,76453,0.9998738157115774,17907.14812085483,77977,0.9999999999921338,26024.09638554217
86351,79906,0.9743328484533365,11825.560975609756,78605.0,0.9999699659784095,75029.5382031906,78657.0,0.999999924652886,135701.34628493525,79121,0.99999984429697,50131.5709510787,75948,0.9999942689975592,161740.93092595658,77418,0.9999999999958831,136837.37658674188
86401,78414,0.9686317614263444,268062.48076571996,77504.0,0.9999057743042415,327502.9665194839,75803.0,0.9999999997318167,91842.05125966031,76104,0.9999999966728157,88292.9364250783,76048,0.9999999490377726,371052.9448991646,76105,0.9999999999999861,104692.87198190295
86403,75236,0.9763970820779402,101949.62787185848,75670.0,0.9999828483786792,169821.5487255517,75142.0,0.9999999996820845,301348.55897764943,75474,0.9999999981129504,213627.58357147605,79903,0.9999997821503612,66625.08335859352,75020,0.999999999999999,181183.9568772555
86404,75219,0.9789511674574555,128636.82605146711,77445.0,0.999992536379322,492899.58649725583,78132.0,0.9999999983706795,270780.27342298836,78219,0.9999999953608157,549473.3756717147,75156,0.9999988056793899,72634.47837150127,78220,0.9999999999972037,167453.6208637795
86406,78414,0.9777990720464679,248700.55812012625,78418.0,0.9999315501723115,562829.3059125964,76065.0,0.9999999958217629,338433.9185208947,79360,0.9999999979832239,763082.5705690328,78624,0.999999808858623,387365.99114676996,77043,0.9999999999995505,181493.91400263176
86409,75208,0.9687898056999151,147203.96631350176,78332.0,0.9999506108643872,781321.3644774973,75224.0,0.9999999997910594,60346.978172644514,77357,0.9999999984138507,581293.4330566287,76049,0.9999999616917656,561229.4453010147,79782,0.9999999999997786,625202.6542800266
86411,78072,0.9719927916931831,31341.08910891089,79789.0,0.9999311819650265,11387.665198237884,78938.0,0.9981783520105877,12412.462908011868,78938,0.9823643648101398,12412.462908011868,76364,0.9826298730446229,14461.538461538461,76364,0.9999961101745478,14461.538461538461
86413,75219,0.9690225888960563,98202.38862396358,78633.0,0.9999904729281337,32094.876046426984,76111.0,0.9999999969508556,164536.87210545066,77422,0.9999999887668278,237725.7063836149,78676,0.9999987027057798,224584.9897966896,79087,0.9999999999998052,160698.81556683587
86426,75219,0.9846787324587103,106309.18073634918,77328.0,0.9999672172804228,189645.23734476455,76015.0,0.9999999979604571,370107.0578231293,79556,0.9999999996251044,249618.86178861788,78676,0.9999995007843817,243124.90363540172,79081,0.9999999999999122,162840.8364083641
86429,79906,0.979664139457728,13536.0,79356.0,0.9999959037997473,74152.6051475204,75783.0,0.9999999834178889,117164.8630771266,79339,0.9999999987309659,82618.961352657,75765,0.9999974633874013,18645.98116372081,78013,0.9999999999985731,305435.655613021
86432,79906,0.9988901067994177,6497.5609756097565,79906.0,0.9996454886763964,6497.5609756097565,75860.0,0.9999999931737853,57388.93219017927,78407,0.9999997284485928,61024.30555555556,78636,0.9999905732474219,67623.64760432766,79005,0.9999999999225934,33575.31760435572
86434,78072,0.9900263576472071,262064.85148514854,79068.0,0.999963938710796,17047.650345054222,77962.0,0.9999999620779337,68608.0553807426,76629,0.9999999775743437,47551.60142348754,79343,0.99995607059945,2852.994555353902,75556,0.9999999200397091,6022.9885057471265
86438,78072,0.9487686588441683,167041.3366336634,76681.0,0.9998902082878496,5928.994082840237,75449.0,0.9999996817400968,7427.22371967655,77538,0.9999978709751706,56348.675496688746,78205,0.9994876761335765,58714.697406340056,78567,0.9999998747602953,15385.796545105566
86440,79906,0.971212425284975,12657.951219512195,77331.0,0.9999656443921614,44186.25277161862,79119.0,0.9999999564430493,52072.39989926971,78562,0.9999999663605471,12309.34374237619,76634,0.9999992733016272,280447.08545557444,75948,0.9999999999990463,173125.72469769753
86441,78072,0.8886641877372401,441775.99009900994,78830.0,0.9983265112836238,61130.33448673587,75975.0,0.9999999833106925,20619.801448886505,75954,0.9999997605759294,37008.769080870414,75938,0.9999546897977252,17758.74906924795,78580,0.9999999999997208,12892.658769992639
86442,77090,0.9870797195271119,201374.9511222335,79904.0,0.9999590661954383,171487.726552877,77040.0,0.9999999999616634,289778.09541565675,75180,0.9999999987540517,468451.2690776377,78628,0.999999851699886,573369.2533474045,76117,0.9999999999998911,262348.3449421688
86502,78072,0.9548283597638618,222054.95049504953,75931.0,0.9999326442231885,8518.958428506166,76844.0,0.9999998905076294,14326.431836515192,78558,0.9999993758321994,17051.02586975914,77622,0.9999351462616155,10008.196721311475,76228,0.9999999999998693,14266.796494644597
86503,75219,0.9887154645661193,87204.62688490785,77316.0,0.9998818649837146,31500.282060925158,78584.0,0.9999999996943575,53185.56005757851,75979,0.9999999916154372,104251.27180232559,79835,0.9999996645840964,5857.0342205323195,77434,0.9999999999980135,240194.14348462666
86504,79906,0.9893962209188235,12294.439024390244,77562.0,0.999962097889074,87701.22831692452,77037.0,0.9999999975010307,97129.35422696876,75860,0.9999999743288986,108589.16601714732,79745,0.9999994630120982,315157.55627009645,77562,0.9999999999832161,87701.22831692452
86505,79512,0.9937636469581519,132645.5039838118,76008.0,0.9998820195541489,22119.382882331334,75701.0,0.9999999947738313,152895.85961692853,78119,0.9999999985287317,361310.7299561229,77611,0.9999991489073173,255520.24024024024,79562,0.9999999999998831,28993.429697766096
86506,78072,0.9846172500954494,201383.1683168317,76639.0,0.9999492517073406,11710.663683818046,76557.0,0.9999998595267078,3030.733849048714,75435,0.9999846048584996,1758.3697234352255,79372,0.9999698017283747,17242.653232577668,75101,0.999999998407965,23819.718309859152
86507,78072,0.9951372615354064,413602.35148514854,75750.0,0.9999498476565692,14771.853856562922,78361.0,0.9999999561455811,37513.72036587642,75631,0.9999988061631851,12654.128147912017,78409,0.9999825728958573,19971.45993413831,78872,0.9999999392977486,34538.28306264501
86508,78072,0.9980220312617584,137033.91089108912,75556.0,0.9999846109050179,3149.425287356322,75631.0,0.9999994467966203,4192.540643927319,76486,0.9999866547915521,14661.634615384613,77977,0.9996957517814216,17606.425702811244,78872,0.9999999442162926,11443.155452436195
86510,78072,0.9757154014747227,790362.2524752476,79536.0,0.9999300910928491,58630.26344437187,78355.0,0.9999999957319197,64865.23464222191,76073,0.9999999754191673,9243.216896831844,79731,0.9999973589589568,89558.85252779526,76427,0.9999999998786963,167165.52399608228
86511,77951,0.993557429420393,21214.181641573578,75975.0,0.9999640022736334,28323.04802790448,78578.0,0.9999999752266294,31815.46857678861,78377,0.999999964733493,117793.10344827586,78407,0.9999932216079541,60034.722222222226,78384,0.9999999999831709,53356.52173913043
86512,78072,0.9939981328951552,439108.66336633667,75833.0,0.9999825686517112,44622.79029462739,78063.0,0.9999999771538339,7157.608695652174,78409,0.9999998446235943,21203.073545554336,78409,0.9999927747889086,21203.073545554336,78650,0.9999999999686241,47278.9536981359
86514,78072,0.9900955740060259,455779.4554455446,77659.0,0.9999676079606434,88991.06310885218,75057.0,0.9999999572212304,19901.387172091745,76511,0.9999999646879264,31256.605088881144,76487,0.9999901437384557,23861.834319526628,76639,0.9999999998130318,26504.101416853096
86515,79906,0.9957124180974503,8662.829268292682,75440.0,0.9999839252630469,91723.09304950816,77964.0,0.9999999892481228,139327.86914983674,76448,0.9999999941784865,161427.32580398163,79035,0.999999306280208,6050.286181520851,75435,0.9999999999974188,7180.494905385735
86520,78072,0.9785626881634235,313744.3069306931,75691.0,0.9999606553054743,25231.07119095143,76255.0,0.9999999449022511,34299.44123672937,77951,0.999998671164658,10968.431277319087,79355,0.9999763379092629,35866.596082583375,77597,0.9999997461166847,52882.64462809917
86535,78072,0.9950814967233166,210051.98019801982,76472.0,0.9999597690423554,60491.70537491706,79013.0,0.9999997400459614,25492.31184246021,76635,0.9999813559139573,40156.68580803938,79372,0.9999111218881394,17984.886649874057,76649,0.9999999983792509,23366.619115549212
86538,78072,0.995255170307396,346752.4752475248,78940.0,0.9999533826629492,17427.733556765812,78362.0,0.99999994402633,37235.08630261431,76471,0.9999999354314164,9142.857142857143,76554,0.9999835640190419,44603.93873085339,78872,0.9999999943509457,28955.916473317866
86540,78072,0.9918830991190597,173709.65346534655,76556.0,0.9999525177384448,7036.143637782982,78164.0,0.9999998018074894,88200.7874015748,75435,0.9999981764706126,1516.7394468704513,75489,0.9998936133461985,3928.369462770971,75668,0.9999999984535638,10549.925187032419
86544,78072,0.9861462846700412,188213.24257425743,76639.0,0.9999537408260601,10944.817300521998,75452.0,0.9999998151310755,5925.545750116117,78548,0.999996856412956,5218.798151001542,76635,0.9999368853141107,35981.66529942576,79505,0.9999980375527537,17977.707006369426
86545,78072,0.9972869719023334,239392.57425742576,77430.0,0.9999666360340946,12602.632862018529,75147.0,0.9999998490581308,20167.102137767222,76629,0.9999992132111317,43437.722419928825,76670,0.9999749778878725,2779.6587926509187,75936,0.9999999781185095,3410.9263657957245
86547,78072,0.9923387755770694,197548.8861386139,79529.0,0.9999785203616062,14619.013062409289,76374.0,0.9999997962563696,19361.756446259893,75435,0.9999865144405363,1724.8908296943232,79372,0.9999404543446921,16914.357682619648,76649,0.9999999960661556,21975.748930099857
86556,78072,0.9615775178729549,326080.69306930696,76430.0,0.9999540876758313,12084.019769357496,78832.0,0.9999999819795424,7003.0294684659875,76554,0.9999996954655851,41944.85776805251,78359,0.9999321212798575,32631.712062256807,77597,0.9999997856312994,54961.98347107438
87305,79906,0.9901769368475318,6239.414634146341,79036.0,0.9999747139617057,26108.090614886733,77006.0,0.999999970463415,15704.761904761903,78407,0.9999992619547646,58599.8263888889,76233,0.9999894152527502,40722.06303724928,75681,0.9999999998821616,95586.36363636363
87327,75219,0.9649367432204412,71745.86501696955,75474.0,0.9998098587108328,118157.124343723,79106.0,0.9999999976882006,188136.48100993436,77562,0.9999999471876956,119068.72948898266,79102,0.999999755296264,176148.8890047987,79529,0.9999999999997313,117260.52249637156
87328,78072,0.9827621316318922,445776.9801980198,76380.0,0.9999848295840534,40481.69556840077,77050.0,0.9999999710531012,20037.726098191215,79245,0.9999994258880603,32517.227401702472,79359,0.9999873226473088,24895.862068965514,77977,0.9999999997893517,57274.43105756359
