Zip Code,Asian percent,Hispanic or Latino percent,White percent,Total population,Fy 2017,Fy 2018,FY 2019 Through 7/31/2019
75001,12.4,23.3,55.3,14617,189000,177800,166750
75002,9.4,14.2,74.4,69688,295000,376600,513100
75006,7.3,51.3,75.1,50788,444850,541600,519400
75007,15.6,26.7,69.8,53744,456400,686450,769300
75009,0.7,20.5,90,10557,29000,26900,33000
75010,25.1,14.1,57.6,27822,164000,182950,194800
75013,24.8,6.2,65.5,38975,125000,269200,318850
75019,23.1,12.1,68.7,41947,167600,259050,380150
75020,1.2,8.4,85.6,21891,159000,230800,326150
75021,0.6,11.2,88.6,8704,88000,234600,64000
75022,12.4,8.4,80.9,24625,171000,299500,286000
75023,13.6,13.9,73.1,49563,221950,265350,321800
75024,34.8,6.9,54.6,42405,106500,167000,256000
75025,29,7.1,58.8,53559,176000,219600,270400
75028,8.3,9.6,82,47056,271100,415300,495000
75032,3.2,18.3,87.8,31399,279350,349700,513950
75034,13.4,14.8,72.4,95996,597000,1546900,1572900
75035,21.1,10.8,64.5,65264,147000,191450,311750
75038,27.6,22.8,34.2,29762,136000,216850,286700
75039,39,11.6,40.7,18010,89250,124750,92900
75040,10.9,46.6,60.4,62277,480550,711700,819700
75041,2.1,60.9,67.9,33304,261150,409950,415700
75042,13.1,55,57.5,39559,472000,598050,646650
75043,8.4,29.9,57.8,59951,471000,532450,603950
75044,20,20.5,57.3,40942,253000,432650,557150
75048,13.6,16.6,67,24203,139000,135450,162800
75050,2.5,53.7,71.8,42670,392450,674350,597300
75051,1.9,62.5,73.9,40962,382150,611600,534450
75052,10.5,36.6,52.3,94133,412150,640950,844350
75056,12.7,18.8,70.2,57115,363400,430600,545450
75057,3,45.5,75.5,14562,79000,106000,114050
75058,0,18.4,94.7,2697,6900,24000,27000
75060,5.4,61.6,67.3,47922,603650,872700,910400
75061,3.8,65.2,65,54907,443200,541700,709700
75062,8.6,45.8,58.9,48553,610400,750500,794150
75063,47.5,10.4,33.2,38383,235750,314200,391950
75065,3.2,18.4,89.3,12457,54000,93600,137750
75067,10.3,32.4,64.5,66896,397950,729250,564050
75068,4.6,22.1,68.3,55848,163000,323000,630000
75069,1.9,35.1,81.6,36879,324350,532250,614500
75070,8.4,10.6,77.6,93299,390100,842700,655100
75071,4.5,17.4,77,49846,201000,202150,240000
75074,9.2,38,72,48977,494150,901600,899600
75075,9.8,15.2,76.9,35933,219000,292950,313300
75076,0.4,4.1,95.2,7244,42000,97500,69900
75077,4.7,10.8,83.6,36181,256550,301000,350800
75078,3.3,11.2,86.2,20611,96000,208550,279500
75080,9.9,23.7,76.9,50247,429750,656750,704150
75081,19.6,13.4,56.5,37960,313950,447250,541450
75082,22.9,6.8,63.4,23733,51000,97500,99000
75087,2.6,11.8,88.7,33110,273000,466000,566750
75088,4.4,19.6,75,25842,448000,538350,587950
75089,8.3,22.2,67.7,33117,95000,152350,164000
75090,0.7,31.2,77.7,23936,197000,354550,456000
75092,3.3,7.7,84.8,24312,130000,249700,169850
75093,16.7,6.6,71.6,48021,282350,464700,523500
75094,30.6,6.1,52.4,23097,44750,131000,202000
75098,5.2,20.4,76.1,54534,438000,521800,618450
75101,0,50,71,710,14000,23500,12000
75103,1.6,5.3,91.4,13967,203000,299400,412850
75104,2.8,22.1,36.5,48568,347150,492150,490100
75109,0.3,5.8,86.4,4096,73550,90950,146400
75110,0.9,32.3,70.4,28847,352350,805500,886200
75114,0.2,17.5,89.3,5930,14000,17000,25000
75115,0.5,16.1,26.1,52377,333600,480150,481450
75116,0.7,45.9,68.5,19996,268000,479100,525050
75117,0,6,92.6,4007,37000,70000,59800
75119,0.4,39.7,78.2,27514,379450,779450,887200
75124,0,4.4,95.8,4229,65000,110100,75500
75125,0.1,40.4,83.1,6236,126750,114750,134000
75126,1.8,18.3,80.4,42409,364400,411050,444850
75132,0,12.4,82.7,1864,15000,36750,32000
75134,0.6,22.2,24,22106,51850,100500,94800
75135,0.3,12.1,91.1,7113,59000,84750,96300
75137,0.7,29,45.6,19640,177500,325000,360950
75140,0.2,16.3,96.6,6752,66000,97450,87200
75141,0,38.9,58.7,5815,111300,166050,219200
75142,0,29,88.2,18702,202000,327950,384800
75143,0.1,12.7,93.5,14138,216100,353500,311050
75144,0,9.4,69.4,3377,152000,134000,101450
75146,0.1,16.1,30.6,19071,142400,232500,366400
75147,0.9,12,91.8,6736,82050,119400,94600
75148,0,10.8,77,5774,71650,73800,127300
75149,2,40.3,68.8,55797,444650,706200,764300
75150,3.3,42.5,66.9,62297,665800,825750,820250
75152,0.1,33.6,85.7,4694,43000,83400,92000
75154,0.9,26.7,65.3,40225,438900,651200,696350
75155,0,41.7,82.4,2946,33000,48000,37000
75156,0.5,5.3,95.1,15720,44700,67000,96400
75158,0.2,6.1,91.1,3793,4000,11000,13700
75159,0.6,37,82.4,19440,178400,343900,632950
75160,1.5,26.1,73.1,25315,272450,383050,452750
75161,0,13.6,82.5,6577,68000,105450,106250
75165,0.8,25.5,78,42048,637650,922550,1066350
75166,3.5,12.2,79.5,4057,32000,51550,75000
75167,0.1,18.1,89.4,10616,19000,23000,29000
75169,0.2,8.1,93,12779,84800,124200,131600
75172,0.4,60.2,71.6,4109,47000,106000,96700
75173,0.4,15,92.6,4166,24000,20750,49000
75180,0.9,59.9,73.1,24112,192850,339300,386800
75181,3.2,29.9,53.9,27588,76000,33000,32650
75189,0.9,20.5,84.3,25560,98000,166100,140500
75201,3.9,12.7,74.5,15185,39000,101150,96000
75202,4,15,73.1,2029,35000,28000,23050
75203,0.6,54.7,57.6,16351,157450,232000,215600
75204,8,23.4,68.8,30370,102000,114000,157300
75205,5.7,7.2,90.7,24211,32000,34500,35000
75206,6.9,23.3,78.2,38762,466750,384900,425350
75207,1.3,23.6,49.4,8028,82000,150000,160050
75208,0.7,67.8,83.9,29448,124000,159400,156200
75209,3,16.8,76.4,13898,356000,472800,660450
75210,0,36.4,33.8,8243,44000,52100,70450
75211,0.6,84.6,81.6,77600,186050,392150,589300
75212,1.4,55.2,61.1,26120,107000,132550,181750
75214,2.7,17.6,88.6,34145,105000,117950,143300
75215,0.2,21.1,26.5,15664,115000,226750,213900
75216,0,40,37.7,52895,201950,307800,354450
75217,0.2,68.2,69.6,85249,280900,387350,458350
75218,1.4,24.3,87.8,22264,146650,229950,247600
75219,9.1,24.6,75.6,23277,130800,181000,175700
75220,0.8,57.7,89.6,42642,603700,726750,822900
75223,0.8,70.6,81.1,14351,217250,273800,307100
75224,1.4,64.3,66.1,36468,50000,79300,80900
75225,3.7,4.3,94.2,21568,84000,119000,148600
75226,1,35.4,73.5,4790,37000,64000,102000
75227,0.7,63.3,66.4,57806,118050,168300,182050
75228,2.2,54.1,55.4,74605,182600,244400,296800
75229,2.7,33.9,90.1,32390,124900,213450,318200
75230,4,11.2,82.9,27521,131000,171300,121900
75231,8.5,35.6,53.8,40464,263750,365150,339850
75232,0.2,29.4,32.1,30714,270750,371600,411600
75233,0.2,58.1,56.1,16318,13000,30000,37000
75234,5.8,50.3,71.4,32589,352650,594200,799500
75235,6.9,48.1,69.3,18794,124000,163050,228000
75236,4.2,42.6,43.4,18542,56450,116800,110000
75237,1.1,17,13.6,20295,82600,95900,123450
75238,5.9,26.9,69.8,33009,145000,413800,429300
75240,5.2,59.5,27.9,27875,164000,261900,275150
75241,0,19.1,18.1,29398,110000,172800,177900
75243,6.3,24.4,42.8,67445,239200,278800,356750
75244,6,23,68.5,13613,269000,250000,184000
75246,1.8,36.8,66.4,2276,33700,46100,62350
75248,5.6,18.7,66.5,35464,160250,200400,213000
75249,3.7,37.4,35.9,16100,6000,12000,12650
75251,9.7,12.5,75.1,2368,42000,45000,64900
75252,19.1,15.7,54.7,26493,163650,229600,255850
75253,0,66.9,75.4,22721,71000,139150,145550
75254,4.4,42.2,38,26602,135000,196500,294700
75287,6.7,19.1,51,53903,312150,421100,351000
75401,0.7,31.5,56,18830,82800,132500,141200
75402,0.9,10.8,85.7,16931,276000,347450,328000
75407,1.2,26.3,87.7,16367,96350,138000,186000
75409,3.5,12.3,86.7,14010,99000,136950,112250
75414,1.7,6.7,91,3184,12000,29000,39000
75418,0.8,13.6,83.7,14318,137000,233250,226300
75422,1.3,12,88.7,2946,6000,14000,8000
75423,0.3,10.2,91.9,2749,9000,13000,18000
75424,0.6,9.6,96.4,3765,8000,16000,19000
75426,0,8.2,63.4,4953,11000,31050,63000
75428,6,11.4,64.5,10802,54650,99600,70900
75432,0.7,5.8,85.1,3519,14000,110000,100000
75433,0.1,6.8,97,2752,18000,13000,12000
75435,0,11.3,93.5,1374,2250,2000,2000
75440,0,8.5,91.5,6201,68650,137550,115300
75442,0.6,17.8,89,9848,66500,139900,90000
75446,0.4,10.8,81.2,3553,5000,4000,7000
75449,1.7,12.3,69.1,1484,2000,17000,11000
75452,0,7.8,93.4,4306,13000,22600,26250
75453,0,8.4,88.9,3102,6000,15000,17450
75454,4.8,15.7,84.4,8807,60500,91800,100950
75455,0.9,43.1,72.4,28560,274700,602250,513750
75457,0.1,6.8,86.1,6131,58900,77800,85150
75459,3.7,9.6,91.1,5207,45000,66400,48000
75460,1.3,8.8,69.5,22226,188400,406350,394100
75462,1.3,3.4,89,11691,124550,145650,134000
75472,0.2,7.8,88.2,3931,30000,30850,18100
75473,0,13.3,93.7,3879,6000,1000,9000
75474,0.5,11.6,87.8,15047,127000,187050,273000
75479,0,3.3,93.8,1859,6000,22000,16000
75482,0.9,15.9,81.8,24802,219500,456000,477600
75489,0.6,4.8,93.7,1061,2750,4000,6000
75490,1.2,11.1,88.9,2399,16000,21000,30000
75491,0.1,4.9,86.4,5646,30000,30500,30000
75494,0.1,12.8,89.4,9931,50000,74100,65900
75495,0.2,8.9,93.3,7797,45000,65000,77000
75496,0.3,3.4,89.3,3436,30000,29000,35000
75497,0.3,16.7,98.6,3585,28000,28000,27450
75501,0.3,7.8,56.3,35692,109450,257400,271000
75503,2.2,5,74.9,25916,299000,490300,399750
75550,0.1,17.8,66.6,838,3000,4000,4000
75551,0,4.2,78.9,10867,103000,165850,169600
75554,0,3.9,94.5,1805,13000,17600,11000
75556,1.2,1.7,90.7,1044,4000,3000,5000
75559,1.1,9.3,82.7,5316,44000,53850,39000
75560,0,0,78,715,22000,24650,32000
75561,0.2,6.2,85.7,5108,18000,30050,36750
75563,2.4,4.8,81.8,4410,55000,123400,102000
75567,0.3,0.8,91.4,5191,3000,2000,4750
75568,0,2.5,79.3,2271,11000,12000,18300
75569,0,23.2,77.4,3229,6000,27000,26000
75570,1.4,11,66.5,10969,58450,81650,110000
75571,0,2.5,80.6,3189,4000,8000,5000
75572,0.2,0.6,71.8,4285,22300,85850,104850
75601,1,19,75.9,16310,212000,301800,303300
75602,0.6,29.3,56.8,22112,245300,360900,375600
75603,0.1,14,70.9,5913,78000,121350,173750
75604,1.4,20.3,76.1,30565,337600,546450,846550
75605,1.2,8.5,81.4,30721,364100,568550,674300
75630,0,3.5,87,2238,9000,31850,10750
75631,0.2,13,88.9,3137,16000,16000,19000
75633,1,9,76.9,13779,130000,182600,191550
75638,0.1,13.8,57,5908,52000,84050,56950
75640,0,1.5,96.4,5020,12000,15000,6050
75644,0.2,12.5,78.8,12579,105000,154650,193850
75647,0.6,5.2,79,12459,72100,109500,292300
75650,0.3,2.4,94.7,8858,25000,32050,125000
75651,0,1.2,83.4,2192,8000,6000,9750
75652,0.7,17,74.1,17061,77000,84000,173700
75654,0.8,18.7,81.5,12299,76000,106000,177700
75656,0,9,79.5,4601,6000,24450,15000
75657,0,5.2,69.7,8139,125300,73100,52350
75661,0,12,64.1,3043,1000,3000,4000
75662,2.4,18.7,81.5,26009,338400,618250,594350
75668,0.4,9.3,70.1,2005,14150,20950,20300
75670,0.2,22.8,51.6,17537,124250,173300,227050
75672,2.1,10.1,74.3,16252,40000,66000,50900
75681,0.1,3.5,80.4,2299,22000,61850,78000
75683,0,9.3,84.5,3811,34000,66000,47450
75684,0.2,15.7,81.1,7750,35900,44000,73250
75686,0.4,23.8,71.1,13047,54050,79000,129100
75691,0,28.3,81.3,3006,28000,40300,70850
75692,0,14.6,75.6,5078,49100,61000,65000
75693,0.3,7.3,93.5,6973,35000,66450,107350
75701,1.7,18.4,72.4,34876,301850,676700,801050
75702,0.2,48.6,52.2,28270,434300,695700,931050
75703,3.9,8.5,77.1,40868,362700,561100,695150
75704,0.5,38.6,80.4,9974,89000,159350,171250
75706,0.4,28.7,70.5,9793,174450,125600,186350
75707,2.3,13.5,88.6,14565,42000,82200,147000
75708,0.1,48,83.5,7709,100000,166350,173100
75709,4.8,10.9,62.4,5046,56000,127550,104000
75750,0,2.3,85.4,3695,22000,17000,27000
75751,2,21.6,82.1,16715,245100,331150,264850
75754,0,16,96.8,6506,38900,40850,46000
75755,0,2.5,88.1,5150,17000,13000,18800
75756,0,19.2,92.7,4873,21000,113900,86000
75757,0,7.1,89.8,12166,53100,69750,91000
75758,0.7,3.7,92,8100,171000,248800,278250
75760,0,3,86.7,2429,6000,22000,25000
75762,0.9,6.2,85.4,12986,91850,88800,80000
75763,0.5,8.2,87.3,6286,32000,58000,48700
75765,0.3,7.2,86.3,7751,12000,18750,33000
75766,0.4,32.1,79,26671,224000,356750,394200
75770,0.2,3.7,79.7,3364,5400,2000,1000
75771,1.1,5.8,91.3,21078,174000,245000,317750
75773,0,11.9,86.5,12927,60750,86500,143150
75778,0,4.8,97.3,3167,11000,41000,37050
75783,0,6.5,93,7559,95200,114900,138700
75785,1,15.1,80.7,10909,90000,138050,136500
75789,0,9.6,87.7,7501,28000,23700,28950
75790,0,16.5,92.9,4600,60000,103850,174600
75791,1.4,10.3,92.2,13268,86900,128000,146300
75792,0,16.8,75.4,2562,12000,16200,21650
75801,1.3,19.4,70.6,15615,363700,534100,415400
75803,0.2,17.3,73,22903,43000,89550,84500
75831,1.1,22.5,91.4,5746,85000,131800,138350
75833,0,5.7,89.9,3462,55000,58650,68850
75835,0.3,13.1,59.5,10924,142700,200700,177050
75839,0,12,89.2,5192,42000,46500,116650
75840,0.8,13.2,76.6,6950,86600,127750,181100
75844,0.7,5.1,83.2,6340,41000,56350,35450
75845,0,7.5,89.1,3208,10000,15000,27100
75846,0.3,21.5,96.1,2875,44000,68000,68000
75847,0,2.1,78.6,1783,7000,5000,10000
75851,0.2,13.5,69.8,4834,32800,37000,14900
75852,0.7,30,53.8,4889,4000,1000,2000
75855,0,12.3,74.7,2463,7000,11000,13000
75859,0,4,86.1,1657,7950,8000,14000
75860,0.6,20.8,83.3,6415,78250,100400,99500
75862,0.5,10.5,85.8,9863,104000,84050,82650
75901,2.1,29.7,76.5,31647,620450,826200,1029900
75904,0.7,16.5,75.1,33820,351000,485600,634950
75925,2,9.5,77.7,4099,30200,100000,146650
75929,0,4.6,97.5,1860,11000,32950,39750
75931,0,0.5,91.8,2189,6000,14000,15000
75935,0.9,23.2,80.1,13955,199000,301750,333150
75936,0.1,5.3,98.6,842,1000,10000,2000
75938,0.5,1.2,96.2,2686,14150,20850,18000
75939,0.3,28.5,78.7,4939,26850,33300,49200
75941,0.2,38.4,75.5,8974,52000,52800,48050
75944,0,2,95.5,1409,37000,54200,37000
75946,2.3,10.5,67.7,3209,28000,17000,14750
75948,0.2,5.8,90.4,6037,145000,151450,104650
75949,0,3.3,93.7,7376,75000,70250,58600
75951,1,9.2,62,16072,203550,311700,362250
75954,0,6.4,91,3079,40000,43000,62100
75956,0.2,7.4,88.5,8533,29000,97350,172200
75961,0.9,14.9,68.7,15484,228400,377550,351350
75964,1.7,36.8,76.8,19086,95000,160500,251200
75965,2.9,9.4,79,18811,135000,246400,285400
75966,0.2,3,64.8,5287,97000,135600,106800
75968,0,3.8,84,1883,5000,5000,5000
75969,0,3.1,90.6,3726,26000,38000,35000
75972,0,8.2,62.7,6040,58850,134850,165900
75974,0,23.1,73.9,3245,13000,21800,45250
75975,0.2,7.8,73.1,3727,17000,29000,33400
75976,0,10.8,79.9,806,19000,22000,15000
75979,0.5,10.1,77.8,12384,73000,122000,111750
75980,0,5.5,85.8,2500,44000,29000,49000
76001,5,19.1,64,31829,39000,43700,78750
76002,9.5,24.3,41.7,36569,141000,263800,289750
76006,5.3,20.2,61,23259,181000,247950,321300
76008,0.4,8.3,92.8,16334,44000,56400,45850
76009,0.9,30.6,89.8,21049,154700,323950,415200
76010,5.9,61.6,72.5,57813,321400,504300,574700
76011,2.4,36.4,61.4,22953,188700,296050,367100
76012,3.2,21.3,77.3,26571,185000,302200,399600
76013,5.9,15.2,74.5,33169,192400,310250,369300
76014,10.2,40.6,52.2,35235,191250,338550,444000
76015,4.8,24.7,69.9,16464,250200,432650,587900
76016,6.9,11.8,81.9,30808,265000,384850,407250
76017,6.8,15.6,64.8,47010,477150,667050,867700
76018,13.5,29,37.5,31416,320800,558350,567100
76020,0.4,8,95.7,27714,238000,430850,437100
76021,5,12.7,77.2,35903,648750,517150,494550
76022,2.4,13.6,80.6,13059,50650,100150,112750
76023,0.6,8.9,95.8,5930,67000,102000,94600
76028,1.1,12.2,92.8,67388,548300,1050300,1203400
76031,0.3,27.9,91.7,18050,209750,267300,324000
76033,0.9,22.5,92.8,25190,353400,553950,769200
76034,6.8,4.4,88.1,25557,145000,154000,136000
76035,1.9,16,92.6,1466,43000,39000,56000
76036,1.1,22,78.4,25736,294500,530250,657900
76039,12.9,20.3,68.5,33750,366050,490550,565050
76040,9.8,20.8,59.3,32301,217850,258100,303450
76043,0,20.3,93.9,7509,291000,234600,431200
76044,0,13.5,97.7,3799,38300,37950,46350
76048,0,15.4,93.7,23702,270000,353300,436950
76049,1.6,11.6,95.6,27889,370100,564000,704600
76050,0.4,13.2,95,5747,36000,29000,25000
76051,7.3,21.4,79.2,51685,423250,543100,725900
76052,1.8,13,85,20779,70000,67000,99000
76053,4.4,27.3,75.8,30567,157050,275150,461650
76054,1.6,10.5,92.6,11948,132000,170750,186050
76055,0,22.7,88.3,2643,30000,82000,103450
76058,0.4,17.3,90.3,18068,132850,175150,208800
76060,5.7,20.5,80.8,7638,60000,81550,96050
76063,4.3,16.9,71.4,69146,448000,877150,1300400
76064,2.7,6.6,91.4,1790,13000,33000,26000
76065,1.1,11.9,90.4,34291,344100,502500,750550
76066,0,3.7,98.2,3193,13400,15000,23000
76067,0.8,23.8,89.8,20561,223900,375950,532700
76071,0,21.3,92.1,4069,6000,2550,10000
76073,0.1,14.5,96.7,6155,12000,17000,7000
76078,0.7,24.2,92.1,10366,118200,159000,168750
76082,0.2,10.1,95.8,18030,157400,270150,402850
76084,1.1,30.8,86,8456,71550,107000,102000
76085,0.1,13,95.2,10747,17000,34000,44700
76086,0.4,16.8,90.8,22311,556400,709050,673650
76087,0.6,9.5,93.6,26889,193800,217200,217600
76088,0.2,7.7,95.7,11854,47000,55300,97500
76092,10.2,5.9,83.7,30138,248600,299450,278950
76093,0,7.8,99.4,1680,63950,31000,28000
76102,2.2,24.6,63.8,9803,93000,93000,149000
76103,3.4,45,58.5,13689,46000,62650,147800
76104,2,42.7,39,18199,64550,57000,84600
76105,0.5,58.3,40.7,21661,46950,98850,91100
76106,0.6,82.8,63.9,39218,271200,476200,636800
76107,1.5,24.3,72.5,30110,182500,310200,360000
76108,2.5,24.1,83.6,41418,426500,566350,566250
76109,2.1,10.6,87.3,22448,84000,108000,216250
76110,1.2,65.8,75.5,31118,223000,276500,293300
76111,3.2,71,68.2,22456,200350,284000,332700
76112,2,27,45.4,41448,233500,246050,410050
76114,0.8,51.2,74.7,25647,176400,323000,416450
76115,2.6,76,59.5,20485,170400,247250,231450
76116,2.7,26.3,69.4,49789,365000,553650,654150
76117,9.6,47.6,72.1,31298,167950,256000,246650
76118,6.1,25.1,72.7,16318,64850,113350,103300
76119,4,38,31.6,48380,169450,227750,331300
76120,4,21.6,44.9,19041,89100,99400,109000
76123,6.9,22.6,51,32131,21000,43150,64000
76126,1.7,13.7,92.5,21355,271350,414850,439800
76131,8.2,26.5,68.1,37868,232500,371550,468500
76132,6,17.2,68.7,26405,102300,177600,232650
76133,2.5,35.6,69,51022,338150,543850,606650
76134,1.2,42.3,58.1,26581,200000,331150,282950
76135,2.4,25.6,86.2,23845,210650,278050,351150
76137,7.6,23.8,71.7,60065,365000,522500,660850
76140,1.2,35.9,55.2,30643,411150,403700,401600
76148,4.7,21.8,82.9,23819,345900,381050,516200
76155,17.3,20.2,40.2,5289,29000,28950,24000
76164,0.5,94.3,65.6,16091,101850,149500,272300
76177,1.4,11.8,79.3,7907,93000,122000,144400
76179,4.3,25.8,79.7,57204,281100,441600,676550
76180,4.6,19.8,79.2,36385,406450,523050,561000
76182,3.8,13.4,85.8,31227,52000,119250,213500
76201,8.3,21.3,73.9,28038,167650,228800,286300
76205,5.3,21.7,75.2,20992,208000,265950,332050
76207,2.6,22.8,85.1,14221,139050,182250,222750
76208,2.3,30.4,84.6,23463,44000,68000,65000
76209,1.1,29.3,83,24667,72000,96550,99000
76210,3.4,18.4,82.1,44044,94000,124000,168200
76225,0,6.8,98.3,3313,44000,54000,47000
76226,3.1,8.1,91.4,25037,85000,134450,101500
76227,1,13.2,82.5,29616,239600,329450,441400
76228,0,2.8,92.8,1027,11000,26750,10000
76230,0,11.7,95.8,9538,188500,241000,170900
76233,0.4,7.7,96.4,3490,30000,46000,40000
76234,1,17.9,93.2,15341,153550,246600,261700
76238,0,8.3,99,400,46000,19000,11000
76240,1.1,21.3,89.5,27123,169100,373750,495350
76244,7.3,16.9,74.9,74414,230000,316900,368000
76245,2.8,3.2,95.7,1869,3000,4000,2000
76247,0.3,14.8,91,14009,41650,71000,78000
76248,5.7,8.8,86.4,39131,500850,599600,610700
76249,0.3,20.2,94.2,8516,91000,121700,86000
76252,0,7,96.1,2622,44000,54000,19600
76255,0.1,11,94.3,5369,97850,111000,34800
76258,0,25.8,92,6820,33000,44000,71350
76259,2.2,15.9,89.8,4890,8000,8000,21000
76262,3.8,12,86.6,34422,330000,494350,440900
76265,1.1,3.9,96.5,1806,8900,5150,4000
76266,0.2,14.3,92.8,15439,96000,156000,274950
76270,0,13.6,94.1,1797,6000,9000,7000
76271,0.4,16.5,98.7,1626,27000,25750,22000
76272,0.3,7.2,97.9,4256,52000,61000,77250
76273,0.2,12.5,96,9245,31000,53000,63000
76301,0.9,31.5,62.7,15632,30400,64800,49000
76302,1.1,16.5,80.7,13725,150100,241750,240700
76305,1.5,8.5,90.3,4264,9000,16000,30000
76306,1.5,23.3,68.2,15099,94450,142850,259000
76308,3.6,11.1,82.1,19361,70000,146150,170950
76309,0.7,31.3,81.1,12939,65000,62000,72000
76310,4.7,11,89,17720,72950,66000,80000
76351,0.2,8.9,95.1,1853,12000,14000,37000
76354,1.1,9.2,85.5,12085,67000,73450,99250
76360,0,7.4,89.6,3561,34400,19550,24750
76364,0.7,7,93,143,8000,11000,14000
76365,0.1,3.6,95.3,4395,22100,20350,33100
76366,1.5,8.6,94,2102,7000,95000,113000
76367,0.1,18.4,81.8,14963,12700,15000,46000
76371,0,40.1,83.3,1557,10000,11000,8850
76372,0,9.9,99.7,1409,36500,31000,40000
76374,0.1,18.9,94.3,3917,39000,64000,69000
76380,0,10,91.5,3633,37000,55000,73000
76384,1,29.7,80.5,12385,82850,174400,274400
76401,1,17.8,91.7,29478,228600,481550,473050
76424,0.4,24.3,90.4,8794,78200,116350,95700
76426,0.2,29,92.6,12453,144000,198250,217500
76427,0.5,9.1,97.2,1021,18950,36000,38000
76430,0.2,13.8,96.6,2428,15000,5000,43150
76431,0.1,15.1,90.8,2931,13000,18100,26000
76437,0.1,9.3,87.7,5401,117850,141600,181400
76442,0.3,29.7,95.7,7496,52000,95000,115000
76443,0,7.6,99.1,2316,44000,24450,28250
76444,0.3,18.2,93.9,3472,40000,42000,23000
76446,0.6,35.2,91,8105,63900,128700,150000
76448,0.6,16.8,91.6,5224,101000,176000,170950
76449,0.4,9.6,93.9,2427,49000,53000,45300
76450,0.6,17.4,94.7,12885,149550,214000,215800
76453,0,3.7,96.3,1357,20000,27350,13000
76454,0,28.1,96.9,1560,14000,8000,5000
76457,0.2,19.8,95.2,4102,46000,83000,50350
76458,0.1,20.6,89.6,5913,66000,100500,88600
76470,0.2,21.4,93.1,3820,20100,28000,39200
76471,0.6,7.2,95.6,2275,10000,5000,10000
76472,0,6.5,98.4,1507,41250,72350,73000
76475,0,29.5,96.9,909,3000,3000,3000
76476,0.3,7.4,98.7,2718,31000,40000,48000
76483,0.5,19.2,98.3,972,23000,25500,16000
76486,0.3,6.3,93.2,1040,10000,18550,22650
76487,0,12.1,96.6,2704,27600,23600,16000
76501,0.2,30.7,76.1,17571,177200,256150,225750
76502,2.5,20,80.1,38571,432000,784750,776650
76504,1.6,31,71.2,23368,298800,436050,528100
76511,0,36.5,75.1,2869,18000,33000,32800
76513,1.6,24.9,85.1,38124,513200,792650,837700
76520,0.1,23.1,80.8,8124,76000,156900,140700
76522,2.2,16.4,69.6,36581,355100,594650,679350
76527,0,27.9,95.9,3886,48000,88000,106550
76528,0.4,14.7,88.9,16708,221450,512750,383350
76530,0,20.2,94,2190,62000,116150,185000
76531,0.2,8.2,95.6,4632,69000,76450,63400
76534,0,20.9,91.6,2927,17000,33600,26000
76537,0.5,32.4,90.6,4921,310000,311100,157850
76539,1.2,11.2,84.8,8530,14000,42000,40000
76541,2.7,30,55.1,18447,183250,340600,320800
76542,4.2,25.2,46.7,50324,510050,866450,936100
76543,3,22.7,42.7,29256,200150,303350,292950
76548,4.5,20,67.7,29595,281050,447200,538900
76549,4.9,24,42.5,48970,353950,568600,556700
76550,1.6,21.6,91.1,12517,172350,184700,281250
76554,1.1,30.8,92.2,2285,28850,49000,50500
76556,0,3,93.8,1281,5000,11000,8650
76557,1.3,19.2,90,4783,11000,12000,22000
76559,1.6,23.4,76.2,5534,30000,66000,119950
76567,0.7,33.5,81.6,9098,68000,82150,89800
76569,0,21.7,90.6,2250,27000,32000,54200
76570,0,24.8,86.2,2909,16700,14200,16250
76571,0.9,11.2,95.8,7200,62000,62000,56000
76574,0.6,40.3,79.3,18939,292700,490950,633950
76577,0,15.4,94.4,3311,41000,47000,64000
76578,0,29.4,87.8,1422,22000,23000,32000
76579,0,14.7,97.3,4672,15000,40000,63000
76621,0,5.3,97.2,907,16000,13000,13000
76627,0,7.1,95.1,1612,22000,25300,15000
76629,0.6,5.2,80,1686,51000,51000,21350
76633,0,8.4,92.4,5346,26000,37750,64000
76634,0.4,11.5,92.8,7068,149500,281850,275000
76635,0,45.2,72.2,1219,17950,38850,60250
76636,0.5,5.6,95.3,1330,8000,4000,12000
76637,0,21.1,93.8,629,5000,5600,11000
76638,0,8.9,92.4,3081,7000,4000,16000
76639,0,14.1,91.4,1341,13000,13000,14850
76640,0.9,7.4,94.2,2816,6000,13000,17000
76642,1.3,13.5,83.3,7025,65300,94450,81150
76643,2.4,17.9,88.9,14253,119650,265900,279700
76645,0.6,34.4,79.8,10477,212500,323450,328700
76648,0,7,89.3,2762,43000,57500,37000
76649,0,10.8,98.3,701,1000,15000,13000
76651,0,22.2,82.7,3232,87000,121450,124000
76653,0.3,16.4,90,902,53000,37000,34000
76655,0.1,9.3,90.9,8530,44000,82000,54000
76656,0.2,13.3,88.5,2440,24000,38350,26550
76657,1.8,24.4,88.8,9663,155000,217200,173400
76661,0.3,25.9,54.4,8108,108800,149850,150750
76664,0,13.5,73.2,3494,18000,25650,25250
76665,1.3,21.1,94.9,2399,36000,54750,79900
76667,0.5,24.9,66.3,11261,75500,157800,161150
76670,0,29.7,81.7,1524,2950,3000,1450
76671,0,18.8,96.3,1792,36000,71650,14100
76673,0,44,90.4,1620,249000,257000,135000
76678,0,19.1,100,362,29000,34000,38000
76681,3.6,24.7,91.9,676,3000,4000,6850
76682,0,18.5,89.8,2702,32000,43000,63000
76687,0.2,9.5,94.5,1934,1000,1000,3000
76689,0,16.4,96.5,3715,2000,15000,20000
76690,0,39.3,91.5,984,28000,57000,71000
76691,0.1,9.1,95.8,6524,60000,140700,141000
76692,0.2,12.1,91.4,10577,85250,130200,136300
76693,0,9.6,77.3,1604,4000,9000,10000
76701,1.2,23.5,77.2,1906,28000,97150,83350
76704,0,15.8,23.4,7825,34000,37550,29350
76705,0.8,28.8,74.7,30546,487000,900950,1166150
76706,3,27.2,74,36680,316850,715900,687750
76707,0.5,49.5,60.3,16256,44000,72550,66400
76708,2.1,35.7,77.9,27160,138750,263700,414200
76710,1.1,23.9,72.8,24415,404850,600800,638000
76711,1.1,62.8,75.2,9671,140050,185950,186600
76712,2.8,13.8,83.7,25350,323550,409450,463800
76801,0.9,25.4,90.6,24918,489650,694200,796550
76802,0.3,12.9,93.1,5010,120000,185050,189000
76821,0.2,30.6,88.4,4595,87000,139250,76000
76823,0,19.5,91.7,3348,55000,53300,41000
76825,0,33.1,84.7,6891,69300,170800,183000
76834,1.2,20.1,92.9,5349,132100,210750,238000
76837,1.3,66.7,96.4,2901,24000,35000,31000
76844,0.1,20.3,97.8,3719,15000,40000,72000
76849,0,26.6,89.5,3884,127800,274250,312300
76853,0.6,28.1,96.1,1575,17000,10000,11000
76856,2.6,24,86.3,3684,26000,23000,20000
76859,0,40.3,79.8,1967,37000,44000,36000
76861,0,30.4,97.1,1992,6000,17100,9450
76875,0,15.4,93.5,551,20900,8000,12000
76877,0,37.9,84.9,4187,55000,80000,80700
76878,0.3,16.3,86.8,1920,22000,33000,37150
76901,1.3,35.5,85.5,29879,306300,451350,503800
76903,0.5,58.7,82.7,32103,418800,656900,766550
76904,1.3,26,85.4,34828,266000,443500,687000
76905,2,44.1,86.3,13129,24000,49650,87800
76932,0,70,46.6,3744,177000,309150,371000
76933,0.4,28.2,83.9,1344,15600,31350,31000
76935,2.3,8.4,93.3,1736,6000,11000,16000
76936,0.1,51.8,63.7,3122,23000,36000,63000
76941,0,25.5,80.4,1430,63250,121450,95000
76943,0,68.7,38,3693,42000,69700,127000
76945,0,17.2,93.9,1647,29000,22000,46000
76950,0,59.4,69.5,3915,67000,105200,180000
76951,0,40.8,91.6,1139,36000,55050,40000
77002,1.9,26.5,57.1,12370,280400,338750,259900
77003,5.3,50.1,57.6,9646,344000,404100,236850
77004,9,14.3,38.5,37642,42000,78600,76850
77005,12.6,8.8,79.1,28233,87000,114000,118000
77006,7.1,14.2,81.1,21945,97000,92000,106100
77007,7.8,21.8,76,35822,265000,360500,451400
77008,5.8,27.9,83.5,34491,242000,374000,380300
77009,1.1,64.5,85.3,37751,156700,249200,239650
77010,8.7,2.6,84.3,915,17000,13550,10250
77011,0.6,94.3,89.5,18598,60050,107150,95250
77012,1.1,94.1,71,20085,110000,216850,180050
77013,0.5,70.5,64.3,20790,68000,210550,232500
77014,9.4,39.3,31.1,35729,62000,82000,102750
77015,1.1,66.7,69.7,57258,427900,771050,810250
77016,0.1,31.2,27.6,29597,62000,107650,95250
77017,2.5,86,70.9,32556,123000,221750,219150
77018,2,36.2,81.9,28073,231050,490050,335600
77019,9.4,11.9,78.2,21572,125000,152750,191450
77020,0.3,73.4,67.9,25898,99000,173550,216600
77021,3,13.8,19.9,26654,105150,165100,126050
77022,0.3,74.8,72.3,27364,177000,301850,258400
77023,0.9,85.9,87.7,28528,177000,260600,157050
77024,14.7,10.6,80.4,38110,140000,211150,277450
77025,17.2,18.3,61.4,28922,172800,229250,211100
77026,0,44.2,42.8,22799,50450,81650,76250
77027,8.8,15.4,82.2,16012,214000,293500,295850
77028,0,26,23.4,15725,112650,144300,155100
77029,0.2,73,72.9,17894,184000,372450,283850
77030,26.9,9.2,61.4,10813,32000,63000,41000
77031,7.8,46.8,40.4,18052,113000,173600,246750
77032,1.3,49.6,45.2,14443,147750,211600,254600
77033,0.2,26.6,20.9,29692,38000,70800,58150
77034,4.9,73.1,76.1,40183,281450,382050,251450
77035,5.7,40.4,49.1,38324,308000,457750,508400
77036,15.3,61.8,49.1,76605,182100,278450,224200
77037,0.2,90.9,93.3,20038,223000,327150,278000
77038,6.2,72.8,68.2,30653,126700,204000,325900
77039,0.6,85.9,86,27972,93250,195200,167950
77040,6.8,50.8,64.7,48273,311000,420200,494000
77041,16.6,44.4,60.4,35372,218650,325950,411550
77042,8.5,26.7,54.8,42098,218000,348750,397550
77043,8.2,46,76.6,25838,213000,203050,191150
77044,1.8,45,64,42665,130000,262450,385650
77045,0.6,53.6,47.9,36270,118550,228450,230200
77046,10.4,7.2,81.8,1029,44000,42000,51000
77047,2.3,27.5,28.4,29410,261600,382250,381150
77048,1,25.3,25.5,17143,34950,82300,150250
77049,3.8,63.7,64.3,33749,215000,386800,471250
77050,0.1,58.9,46.6,5031,13000,37700,47400
77051,0.7,10.3,8.2,16661,98150,146400,105950
77053,0.4,55.6,41,31868,143000,222750,265000
77054,24.1,8.3,35.4,22517,156000,193850,210400
77055,4.5,57.6,52.5,45003,279700,505050,471950
77056,16,14.1,74.7,21732,122900,212000,210000
77057,7.2,38.1,74,40130,298000,619600,526650
77058,6.3,24.4,78.5,16669,223000,372900,441550
77059,16.9,13.8,76,17374,82000,138000,135000
77060,1.4,74.3,73.3,44549,72000,150850,190050
77061,6.1,65.2,50.5,26276,108000,263050,268500
77062,11.7,21,72.7,26583,90000,156800,186700
77063,10.6,33.2,64.1,38931,177700,408000,515600
77064,16.7,39.8,59.8,49578,130800,228850,259350
77065,8.9,27.3,62.2,38820,557400,694400,652250
77066,15.3,39.9,51.3,33796,92000,158550,156800
77067,5.2,47.2,41,33489,156200,212000,215000
77068,12.2,32.5,53.3,10897,99000,88300,89350
77069,5.1,12.3,66.2,18238,207600,421150,314150
77070,9.7,25.1,68.8,51080,586200,783900,764300
77071,7.1,26.7,29.2,27981,82000,190850,213400
77072,21.9,51.4,36.8,62162,252650,404150,553650
77073,2.8,50.4,40.4,42780,112000,228100,229750
77074,5.8,59.5,74.6,39915,107000,242750,259800
77075,6.7,63.9,53.8,43586,232650,398250,324250
77076,0.3,87.3,85.2,35144,147600,241400,242100
77077,13.2,23.4,61.2,57757,325100,552150,545400
77078,0,35.3,32.5,15820,9150,22000,22000
77079,9.8,15.2,73.7,33577,181350,285900,314850
77080,3.4,69.4,46.3,45665,198000,421100,411100
77081,5.6,70.7,75.1,49059,183900,342400,382850
77082,13.6,29.2,42.9,56641,338000,420100,460500
77083,25.4,34.9,34.1,79408,220300,404350,413500
77084,10.5,42.9,57.6,104582,520600,811500,1042700
77085,1.9,58.5,52.1,17981,36000,63600,58600
77086,7.5,61.4,58.8,29506,143000,334600,351200
77087,0.8,79.9,77.6,37200,162400,408850,311950
77088,4.1,48.9,44.6,56716,132150,192750,211800
77089,13.1,47.4,56.6,52699,262000,401100,437700
77090,2.4,31.6,35.9,38361,159250,289800,232050
77091,0.5,36.7,43,25277,177600,233700,186250
77092,1.2,66.3,55.5,38476,256150,361900,334250
77093,0.2,82.6,79.3,44428,262000,547000,520250
77094,17.7,10.3,77.1,9439,43000,74000,117000
77095,12.3,23.6,65.3,72081,401600,711450,833700
77096,10.1,22.5,51.1,35465,165000,276000,252600
77098,11.1,8.8,80.7,13444,93000,114850,123000
77099,13.2,48.5,37.5,51905,180900,277750,305700
77301,0.4,53.3,84.1,31801,273400,406600,449400
77302,2.2,25.3,91,19311,80000,125750,186050
77303,0.6,26,89,19695,234550,426650,397050
77304,3.1,17.1,86,28692,251850,397050,484300
77306,0.6,41.3,91.7,11453,128000,212050,240000
77316,0.7,14.3,90.7,21272,20000,58000,81950
77318,1.1,11.6,92.3,15437,155000,306550,452600
77320,0.7,21.6,73.5,35670,121000,220250,280000
77327,0.1,23.3,82.3,22430,162000,191600,210150
77328,0.3,20.8,91.6,15863,133350,234200,213600
77331,0,9.8,83,7667,29000,47000,60000
77335,0,28.4,81.9,2519,20000,15550,18000
77336,0.1,13.7,93.5,12397,222000,358700,433100
77338,3,39.6,45.7,40335,524750,1008700,884300
77339,4.4,17.3,86.4,41403,334050,647850,529950
77340,2,15.1,73.1,29900,229000,357550,367650
77345,4.6,10.1,91,29090,93000,156600,221700
77346,3.1,24.9,72,63233,447400,717700,857650
77351,0.8,13.5,84.7,33199,461450,613600,647600
77354,1.9,20.8,86.9,35904,359650,481200,648200
77355,0.3,16.5,91.2,27271,336750,533850,479350
77356,1.1,6.1,91,25888,222600,449250,527250
77357,0.4,45.2,84.4,24334,223850,509700,527150
77358,0.3,5.4,74.7,5597,59050,76650,136100
77360,0.1,4.2,95.3,5084,36150,52400,52750
77362,0,21.9,92.3,5546,165250,301200,367650
77363,0,9.1,87.2,2705,68000,69000,76550
77364,0,23.2,88.1,1822,20150,30150,39000
77365,2,31.5,84.7,31406,249500,435400,357200
77371,0,13.5,87.9,8025,52000,90650,80100
77372,0.8,22.5,88.3,12351,78000,97200,115950
77373,2.9,30.2,60.6,58255,255600,390250,355000
77375,5.3,30,73.9,50525,568700,926150,814050
77377,7.1,22.6,80.6,36758,417500,555100,604550
77378,0.7,36.6,85.1,16150,111000,178700,353450
77379,11.1,17.2,72.8,78226,675250,1173050,993950
77380,4.5,20.1,82,26691,350000,429450,444650
77381,4.4,11.6,88.3,36919,132800,162500,146850
77382,5.7,19.8,88.1,40546,91000,145700,173000
77384,6.8,11.9,85.5,16472,317000,513250,567350
77385,5.1,26.8,79.9,23578,228750,326100,392000
77386,4.4,18.1,79.3,53042,306450,385700,349350
77388,8.4,22.5,73.1,45841,361700,690050,580350
77389,4.2,25.9,84.1,31883,89000,109800,130100
77396,3.4,41.3,49.5,54352,291650,423100,448200
77401,22.5,9,72.4,19062,95550,148350,126800
77406,5.5,23.4,79.1,41008,144000,372500,407000
77407,28.1,15.3,42.4,48157,179000,312250,321550
77414,0.5,42.5,71.8,23369,888100,1121450,1218150
77417,0,45.1,66.3,2760,48000,100000,81750
77418,0,13.9,84.8,9926,185000,246800,201700
77419,0,54.9,88.3,1473,48000,47500,25000
77420,0,41.4,81.2,2245,91700,97650,99000
77422,0.7,19.8,81,13378,164000,248350,244450
77423,1,38.7,65.7,11551,204000,274950,297800
77426,0,20.9,70,2350,36900,42050,42000
77429,8.9,18.7,78.9,86399,675500,1075450,1065700
77430,0,15,95.1,2051,15000,18000,21000
77433,9.9,28.6,67.4,75008,381050,612350,695500
77434,0,47.8,45.6,4781,56000,99400,170200
77435,0,29.6,96.4,4303,72000,156000,112000
77437,0.1,50.7,87.5,16875,337950,468050,696000
77441,9.7,13.3,77.8,9919,183000,117000,178000
77442,0,37.2,86.7,922,10000,33800,50000
77445,0.4,30.1,54.1,13301,185250,406650,384700
77447,2.2,31.4,80.3,15246,88800,129800,191600
77449,5.6,46.6,60.3,119204,454900,565900,699250
77450,13.3,22.9,74.8,74631,380300,464500,532600
77455,0,24.1,92.9,2026,24150,38000,65000
77459,23.2,11.4,45.9,66175,500000,689450,844050
77461,0.7,36.9,89.5,10752,92200,179300,174650
77465,8.5,41.4,75.3,7269,81000,115650,91750
77466,0,52.7,89.8,353,11000,10800,19000
77469,9.7,37,63.1,46934,240950,570300,637300
77471,1.6,60.9,74.5,38837,637600,1168000,1567150
77474,0.1,35.1,75.7,12993,206000,362650,451900
77477,22.7,26.8,37.4,36932,350000,465450,399700
77478,33.3,9.6,55.4,25846,307000,458250,578850
77479,42.2,8.7,47,88603,221000,370150,413350
77480,0,13.1,83.8,7661,168000,211600,221400
77482,0.1,22.4,88.1,2274,79000,94900,161000
77484,1.2,33.9,86.3,10710,163350,276900,340550
77485,0.7,34.1,80.5,4691,55200,63450,72000
77486,0.1,21.2,76.5,7082,299000,291950,442950
77488,0.1,33.1,70.9,14738,171350,238950,232750
77489,3,19.5,13.9,36786,239000,411700,382600
77493,3.9,32.9,77.1,29984,196200,236300,324900
77494,18.1,21,68.4,105854,483000,782450,922800
77498,28.9,24.2,43.1,51037,221100,499850,521200
77502,1,79.7,86.7,39040,105000,193600,314600
77503,0.4,65.8,87.9,26171,268000,417800,535400
77504,2.9,61.2,82.7,23327,171850,307550,306900
77505,3,41.7,85.9,24230,320450,584950,642900
77506,0.5,86.9,83.9,37736,274550,316150,341700
77510,0.2,14.3,96.2,14608,119000,202950,200200
77511,1.1,38.6,93.9,46121,469150,751900,806950
77514,5.7,26.5,78.8,4443,64000,170950,144000
77515,0.7,30.6,77.1,31627,419000,609350,689200
77517,0,16,97.1,5688,82000,68400,52300
77518,2.7,41.8,83.5,10984,121000,182600,240700
77520,0.8,52.7,67,36694,486200,767750,764750
77521,3.6,39.8,72.3,57125,769400,1263750,1608250
77523,1.1,24.8,87.6,21366,447000,678900,1012050
77530,0.2,64,77.4,31119,198000,369700,364350
77531,0.3,48,83,16078,485000,649850,708000
77532,1,26,77.8,28320,341000,445000,429350
77534,0.6,23,96.2,2426,27000,34000,78450
77535,0.9,22.8,81.6,32904,302000,463700,590000
77536,1.7,31.9,89.8,32392,539950,902150,1042200
77538,0,26.4,84.2,906,2000,65350,50950
77539,4,27.9,77.5,42607,375000,769250,697900
77541,0.5,52.3,79.7,18525,298000,633950,937100
77545,1.9,33.4,15.9,25036,59000,124800,123650
77546,8.4,16.8,81.9,52261,316050,529600,729800
77547,0,86.2,78.6,10077,29000,68050,79500
77550,4,26.1,65.4,22070,139400,273850,152650
77551,2.2,35.2,73.1,21203,258000,359350,383700
77554,3.2,15,90.3,8249,165700,233050,296400
77562,0.3,37,90.9,10665,66300,151300,133600
77563,0.3,28.3,76.3,10067,106000,148500,142450
77565,2.6,11.4,89.7,7233,114000,167850,144150
77566,2.8,27.8,83.5,29441,360500,638650,724000
77568,2.3,28.2,59.2,15640,111850,155200,180200
77571,1.2,32.4,82.5,37374,757900,1258850,1161700
77573,5.3,19,81.3,85108,663350,976150,998650
77575,0.4,16.6,76.5,17005,140000,305100,260750
77578,10.4,21.8,65.5,18636,145000,258300,355000
77581,6.4,27.3,78.6,47625,659550,1016900,879400
77583,4.4,42.3,61.1,35308,61800,142900,107250
77584,17.1,19.5,53.8,87121,542850,978700,974000
77586,2.3,15.9,89.7,22182,290000,465150,297400
77587,1,89.8,71.6,16901,145700,324250,264350
77590,0.4,36.7,75.3,31084,510750,683750,597350
77591,1,15.7,43.5,14073,31500,71250,56550
77597,0,2.7,75.4,1210,25000,34000,35850
77598,7.6,33.1,67.5,24689,204950,443900,501850
77611,0.5,2.1,95,8325,144000,312200,269950
77612,0,2.9,95.5,9134,59000,115000,164750
77613,0,7.1,78.1,1048,30000,28000,21000
77619,2.2,26,90.3,15775,344000,612150,560050
77622,0,11.7,100,1464,7650,11000,13000
77625,0.6,6.5,89.9,9691,95000,151450,86350
77627,2.8,15.2,92.6,21198,348350,685550,846550
77629,0,34.4,90.7,634,4600,14400,19000
77630,0.8,10,75.6,28740,301400,510150,611650
77632,2.5,3.5,90.5,23475,186000,340650,463000
77640,2.8,12.6,31.2,15964,246000,541350,484250
77642,8.1,39.3,57.1,38845,188600,458150,348200
77650,0,22.2,100,1611,21000,39100,36450
77651,4.7,12.7,87.7,12840,134200,303150,321000
77656,0.9,6.4,83.5,16362,238000,410900,458300
77657,0.1,4.7,98.4,21427,156000,319350,323350
77659,0.9,5.3,89.2,4722,69000,153700,181400
77660,0,0,99,1182,24000,28050,49000
77662,0.4,8.2,97.4,26394,368300,520250,580550
77665,0.3,13.4,88.1,6252,190200,247550,247350
77701,2.4,26.6,39,13216,268450,473850,376550
77702,1.6,25.2,55.7,3091,23000,50000,46000
77703,0.1,19,25.8,14288,137000,237650,186700
77705,2.2,17.5,49.5,40819,524300,922300,835400
77706,6,8.7,64.9,29249,372000,655650,565000
77707,3.1,18,58.3,17954,399800,733700,722700
77708,0.9,8.4,29,12288,101000,270050,202750
77713,3,13,60.9,14402,260000,350000,352150
77801,6.1,40.5,60.6,16759,162000,226000,170900
77802,3.1,22.3,81.8,26185,479550,733950,683500
77803,0.1,58,57.3,30609,464550,766050,1033400
77807,0.7,35,74.7,10288,132150,240100,271600
77808,0.1,21,85.2,10849,121000,243100,222000
77830,0,13.4,85.3,2830,56000,46850,95850
77831,0,6.3,88.7,3115,4000,32000,15000
77833,2.1,17.7,80,29060,986500,1208800,1113000
77836,0.5,20.7,80.2,12022,168050,249600,357100
77840,10.6,18.1,74.4,59673,128000,245750,210500
77845,7.8,11.1,83.3,59512,519800,667050,804050
77853,8,23.6,61.6,1287,10000,9100,19500
77856,0.7,5.1,87.5,5037,45000,57000,95000
77859,0,36,73,7393,144950,214400,323800
77864,1.8,20.5,78.5,6935,74000,117450,123000
77865,2.8,11.3,95.2,1778,80700,104500,66750
77868,0.1,31.3,69.5,17027,269000,501200,717700
77871,0,10.2,93.5,2568,27000,34000,65000
77872,0,10.3,98.5,1577,46000,73150,80900
77879,0,19.2,76.2,5251,19000,23000,32000
77901,0.9,62.9,84.2,43424,482950,735600,804750
77904,2.1,28.7,89,27570,531650,745100,689350
77905,0,27.4,91.8,14326,170000,249800,217700
77951,0,74.9,88.4,2059,13000,1000,12000
77954,0,34.5,66,12256,248850,377450,443100
77957,0.4,30.3,83.4,8494,319000,199000,314100
77962,0.3,37.4,89.1,3178,71000,138700,160500
77963,0.2,38.4,70.8,5991,115000,146450,109300
77964,0.4,10.5,84.2,8269,192750,245600,233550
77968,0,17.4,98.7,3054,13000,25000,14950
77975,1.9,20.1,81.3,1942,26000,46900,32000
77977,0,90.4,93.3,747,8000,16000,21600
77978,0.9,42.1,86,774,58000,66000,107000
77979,5.9,52.9,85.4,17526,376150,590050,895550
77983,2.8,26.3,92.2,2351,45000,55000,45000
77984,0.1,6.6,88.3,3954,125000,218800,213800
77990,0.6,45.7,91,864,27000,51750,38000
77995,0,36.9,60.4,9847,185000,254900,302300
78002,0,72.3,91.1,7904,19000,35000,124000
78003,0.2,20,93.7,8958,171000,252300,283600
78006,0.4,20.6,92.7,31709,495000,799700,972750
78009,0.5,49.6,93.7,8910,140000,204750,210900
78010,0.8,33.7,74.1,3401,27000,66000,44700
78011,0,66,92.2,2030,58000,123350,96650
78013,0.3,43.6,88.3,6574,139000,260500,292000
78014,0.2,84.4,70.4,5616,129000,223350,300300
78015,1.6,21.6,86.3,13897,17000,13000,14850
78016,0,51.1,91.3,8895,170250,227700,239350
78017,0.6,69.6,71.6,5514,79850,104850,118400
78019,0,85,90.2,1505,44000,52000,44150
78022,0,41.5,96.4,4286,148250,232950,275000
78023,6.7,39.4,81.9,29872,185000,271000,293000
78025,0.2,21.3,94.9,4523,97000,129650,172000
78026,1.6,58.2,94.7,6094,65000,117150,130700
78028,1,25.5,91.3,39626,687000,1079600,1381000
78039,0,51.2,93.9,1528,15000,31800,53000
78040,0.2,98.2,95.5,42324,254700,215550,217400
78041,0.9,94.3,94.7,46671,512000,744050,740850
78043,0.5,97,96.2,44762,247000,307200,248500
78045,1,91.3,95,64705,318000,423900,462100
78046,0,97.8,94.7,69471,92000,100550,88000
78052,0,61.9,96.7,6838,86000,166000,172900
78055,0,11.8,93.2,1945,12000,10000,15000
78059,0.9,62.8,94.4,6131,31000,55200,37750
78061,0.7,82.7,70.5,12595,111000,183450,272850
78063,0.3,18.1,90.6,9936,28200,27000,17900
78064,0.4,50.1,90,15966,384000,632250,762300
78065,0.2,78.3,95,10181,46100,85850,93850
78069,0,81.2,85,5874,49000,56000,50000
78070,0,21.9,94.5,15559,175100,272050,400000
78071,1.7,45.6,85.5,4510,109000,118550,161450
78072,0,50.2,95.8,404,55000,72000,67350
78073,0.2,75,90.1,9269,92000,118000,153750
78076,0.8,93.6,94.9,13202,57000,82250,41400
78101,0.3,30.4,88.2,6911,251000,254000,372000
78102,0.6,58.6,86.1,28648,213000,413250,550000
78108,2.7,31.7,67.8,35986,145000,268850,310850
78109,3.3,40,53.8,40093,613800,908050,942800
78112,0.1,70.7,82.1,8129,101650,179900,180800
78113,0,16.5,96.8,2877,94000,128150,102000
78114,0.5,50.8,93.4,22409,384800,753550,599050
78118,0.2,65.5,69.6,3862,74000,153750,212950
78119,0.1,57.9,62.5,7521,190000,344850,379250
78121,0.1,19.5,92.9,12726,188000,300750,278000
78123,0,34.2,80.4,2527,32000,64000,27000
78124,0.2,30.5,76.7,5961,68650,103050,96300
78130,1.3,36.6,90,70055,1094000,1545850,2228150
78132,0.7,17.2,91.8,26918,270000,427700,441800
78133,0.4,18.4,91.4,18942,277000,364050,509750
78140,0,74.4,48.3,3736,74000,69650,167400
78146,0,37.7,93.9,559,31000,40000,44000
78147,0,61.6,97.1,2156,33000,85200,101000
78148,2.3,31.5,73.2,21456,273000,600800,794950
78151,0,68.7,62.1,1529,2000,11000,18000
78152,0,13.4,95.7,2155,52000,54000,63000
78154,3.4,30.5,68.8,38293,437000,828800,919000
78155,1.2,45.2,70.5,47469,802750,1009550,974400
78160,0.8,30.4,96,4424,229000,256500,268850
78161,3.2,16.9,89,628,30000,22000,38000
78163,0.2,27,86.7,10703,104000,172000,258150
78164,0,26.8,84.6,3048,223500,258500,258000
78201,0.6,83.7,85.7,47500,704700,1230750,1220900
78202,0.1,63.9,50.9,12178,75000,47800,44000
78203,0.3,68.6,56.5,6456,35000,34550,57000
78204,0.8,84.5,76.8,12454,35000,45500,48850
78205,0,44.2,84.2,1041,51000,82000,61000
78207,0.3,93.2,84.6,54071,375700,490450,458650
78208,0,72.3,62.3,4704,54000,144350,156150
78209,2,28.2,89.2,41274,322450,585700,626300
78210,0.3,81.8,71.2,37801,264000,321850,450100
78211,0,95.8,87.9,31952,344000,572500,552150
78212,1.6,64.2,86.9,28664,535950,763650,866550
78213,1.2,68.1,86.2,43394,344650,467700,486400
78214,0.2,91.2,82,26013,292350,492250,415550
78215,2,47.6,81.2,2686,41000,36300,44000
78216,2.6,55.9,82.6,41042,671450,1168150,1267700
78217,2.4,46.3,77.7,33803,600500,989000,1088100
78218,3.5,54.5,68.7,35384,348400,572250,666050
78219,1.5,44.6,56.8,16376,292800,528000,551500
78220,0.8,48,41.2,16833,87950,165400,202000
78221,0.4,88.5,84.7,40249,472600,760250,723050
78222,1.2,62.1,69,24189,223000,301000,320900
78223,0.4,80.6,82.4,54517,697000,1176550,1358200
78224,0.3,91.5,88.2,21636,247750,397250,469350
78225,0.2,95.3,85.4,13933,145000,208950,273600
78226,0.4,92.4,79.8,6755,42000,55000,76000
78227,1.4,81.7,85.3,49793,424650,623800,769850
78228,0.7,87.9,90.1,62371,567800,852600,955050
78229,5.7,50.3,76.3,32338,181000,207500,181800
78230,3.7,49.1,84.6,45104,456650,679550,692250
78231,2.7,33.3,91.1,8453,89000,255000,184950
78232,1.9,32.5,86.6,38054,346000,649000,597250
78233,2.7,45,78.8,47700,505850,872800,792600
78237,0.3,96,88,37508,433000,561700,607450
78238,3.6,69.2,81.3,25300,381850,489350,498100
78239,2.9,45.4,67.4,28373,179600,216850,314200
78240,12.2,45.7,74.6,58207,435600,583150,647550
78242,0.5,87.4,87.2,33219,169000,260200,280600
78244,1.6,49.5,53.4,30618,153000,169700,177800
78245,1.6,67.4,78.1,72277,281000,501650,497500
78247,1.8,43.3,86,52885,779850,1443000,1994200
78248,3.3,25.2,91.3,14372,91000,141700,154000
78249,6.6,47,75.2,56674,403700,521850,651400
78250,3.9,61.2,78,60906,815050,1182350,1241550
78251,3.5,61.5,77.2,58522,811200,1430950,1404000
78252,0.3,72.9,82.5,10593,47000,112500,162000
78253,3.5,45.5,79.4,41188,216000,450150,554300
78254,2.2,55.7,82.2,56329,179900,267050,326000
78255,6.5,38.6,82.3,14507,36000,84000,122000
78257,4.9,43.7,86.3,6107,192050,299400,372950
78258,8.8,30.8,78.7,45966,172150,251300,316250
78259,5.3,31.7,82.1,25873,700,1000,7000
78260,4.5,31.8,84.2,27907,206850,266000,326150
78263,0,25.1,76,5072,24000,44000,41850
78264,1.3,76.8,82.1,10188,168000,240100,240000
78266,2.8,18.1,77.5,6746,25050,85000,72000
78332,0.8,85.3,96.4,28641,659250,829750,806350
78336,0.5,45.7,89.3,11828,433600,780600,674350
78340,0,19.7,77,461,14000,35000,26600
78341,0,97,91.4,2100,14000,33000,27000
78343,0.2,74.1,93.6,4374,72000,109600,140800
78355,0,93.5,88.3,7309,100000,93700,103000
78357,0,78.7,87.9,2912,64000,67250,73600
78359,2.5,86.4,91.8,2056,22000,39450,34300
78361,0,94,97.7,5357,56000,116100,81000
78362,1.4,43.1,85.7,9907,122000,224450,177350
78363,2.1,73.1,87.2,29963,501000,875100,797850
78368,0.2,72,94.6,9620,284450,332300,372700
78370,0.3,73.5,96.1,4718,45000,64100,64000
78372,0,58.8,96.2,6233,30000,67150,35000
78373,1.8,3.4,95.3,4084,82000,117250,82000
78374,1.3,38,94.6,17661,240000,524000,439050
78375,0,86.8,91.1,3055,84000,70000,42300
78377,0,56,73,3770,75000,122000,126400
78379,0.5,58.2,94.4,1576,45000,53100,42000
78380,0.2,78.7,95.2,24126,243000,398500,302000
78382,2.2,25.7,88.2,21537,442000,590850,555800
78383,0,37.8,96.4,4077,27000,96000,117000
78384,0,90.8,84.2,5635,48000,82600,85000
78387,1.6,68.8,92.7,10062,73550,93750,116000
78389,0,69.7,97.1,1623,103000,171600,280400
78390,0.1,74,91.4,5197,26000,85600,54000
78393,0,45.7,87.2,2130,41000,42000,51000
78401,0.4,59.4,86.3,5445,58000,81600,54050
78402,0,9.6,88.2,272,54000,68300,43650
78404,1.4,67.8,87,18467,125000,184450,166500
78405,0,90.9,85.8,15469,145600,253550,270900
78407,0.2,65.3,72.4,3456,28000,57000,62000
78408,0.7,83.3,88.6,12606,289000,426350,453950
78409,0,74.2,96.8,2733,17000,22000,23000
78410,1.4,55,91.7,27087,581000,964900,767700
78411,1.7,63,89.7,26570,660000,851950,939300
78412,2.5,55.9,88.5,39286,325100,641400,619850
78413,3.4,58.6,86.6,40070,377000,740500,672650
78414,5.5,51.9,85.2,38343,292000,534850,412900
78415,0.3,81.9,91.1,40496,289650,445200,361350
78416,0,90.2,87.4,15493,61150,183250,203850
78417,0.2,85.9,82.5,4176,3000,37450,56000
78418,3.5,26.3,88.2,31120,345000,758400,855800
78501,1.7,88,78.6,64340,643250,1020550,931050
78503,1.8,90.5,73.5,22877,154900,274600,260750
78504,3.9,78.9,85,53665,298000,466600,355300
78516,0,92.1,93.3,35223,100000,193450,217600
78520,0.5,93.3,96.3,62804,384750,412350,459700
78521,0.4,96.1,95.9,92975,475000,778450,1054600
78526,1.3,91.4,93.8,47125,60000,115500,109800
78535,0,82.3,98.7,678,13000,21000,17000
78537,0.2,93.4,88.9,45606,75000,99950,98850
78538,0,98.1,92.1,10912,2000,10000,6000
78539,4.8,85.7,85.4,34991,844700,1022100,840550
78541,0.2,93.3,89.9,44387,134000,267300,249350
78542,0.3,93.4,89.3,75822,85400,112700,122000
78543,0,99.2,97.6,8886,8400,20700,29350
78548,0,100,100,649,2000,3000,4000
78550,1,82.6,92.3,52746,265000,357250,339150
78552,0.9,78.3,91.4,38352,108000,170400,186000
78557,0,99.2,73.4,13859,36000,31400,37000
78558,0,100,96.2,1121,12000,14350,22000
78559,1.3,88.5,92.8,12579,40950,72650,47000
78560,0,95.8,93.7,4846,34000,73700,46000
78562,0,98.6,89.2,4099,7000,6100,8000
78566,0.2,87.6,92.6,18120,27000,67450,54000
78567,0,94.8,98.8,521,10000,7000,8000
78570,0,96.3,86.4,34560,48000,92800,75700
78572,1.8,87,91.5,78770,467000,606900,770150
78573,0.9,95.4,92.5,38420,84200,142850,123900
78574,0.2,94.4,94.8,61238,87000,127350,131450
78575,2.6,86.2,92.8,9762,28000,59400,44700
78576,0,98.7,96.3,11044,35000,89700,109000
78577,0.3,94.3,92.7,76821,218550,258350,272250
78578,1.2,69.9,93.7,11727,52000,102500,116000
78580,0.1,88.1,95.2,14943,67450,81850,72700
78582,0.2,98.9,95.1,42644,161800,267650,309100
78583,0.1,76.1,97.8,6820,6000,9000,7000
78584,0,99.8,94.9,18757,83000,87500,86350
78586,0.2,94.6,92.3,56086,214950,242950,202000
78589,0,97.3,95.7,40709,144150,196550,202450
78593,0,97.2,90.3,6114,6900,13850,2950
78595,0,99,97.4,6330,5000,1000,15000
78596,0.8,91.4,87.1,65013,197600,222300,204450
78597,0,30.8,95.1,2856,55000,60600,63000
78602,1.4,30.5,81.6,28027,430350,643350,756200
78605,1.1,19.6,95.5,5955,72000,66350,52000
78606,1.1,23.6,86.9,5552,73000,115800,176350
78609,0,2.7,98.5,1948,43000,70000,81000
78610,1.6,39.5,84.6,32692,233000,435450,712250
78611,0.3,21.5,92.3,13016,289350,398850,546850
78612,0.7,44.1,71.4,12484,129000,251350,292650
78613,8.3,18.6,81.4,77779,626950,793350,856450
78615,0,20.4,97.1,931,28000,48800,19000
78616,0,57.8,84.6,7518,14000,40000,58000
78617,1.6,72.8,51.2,27900,154000,229650,245000
78620,0.7,16.8,94.9,15452,202550,253500,383600
78621,0.5,39.2,73.3,22261,272000,461150,408050
78624,0.1,21.8,92.8,21687,296000,363750,588750
78626,1.1,33,88.1,32529,253000,284950,331800
78628,0.8,15.1,91.8,30322,383550,522250,550600
78629,0.1,44,60.3,12341,187000,366450,311100
78631,0,19.1,98.1,2729,34000,34300,38950
78633,1.2,6,95.2,24727,46000,61000,105000
78634,1.7,32.2,77.6,29770,135000,268000,374800
78636,0.1,16.1,96.8,3882,52000,70950,116650
78639,0.9,9.3,95.9,8046,113000,189800,184400
78640,0.7,53.8,85.2,52981,511000,709600,758000
78641,2.7,24,86.2,60135,440750,612150,624000
78642,0.3,10.6,93.3,11087,202000,366300,451250
78643,0.1,17.4,86.6,5901,48000,88850,103650
78644,2.1,51.2,77.1,18287,223000,419750,348050
78645,0.8,11.2,93,10705,112000,95550,96000
78648,0.3,42.8,75.7,7791,145000,197850,139900
78650,0.1,40.9,80.8,1663,20300,35000,29850
78652,0.5,37.1,90.2,4965,52500,76000,20000
78653,1.6,46.9,54,20822,299250,428550,674850
78654,0.9,27.4,94.3,18488,236000,365800,358150
78655,0,69.4,81.2,3415,4000,40650,44000
78656,0,69,88.1,2513,35000,27000,18000
78657,0.5,11.2,92.1,5868,65000,118250,194100
78659,0.3,14.4,93.3,3136,29000,26850,23000
78660,9.4,32,65.5,85450,712850,1039350,1334850
78662,0.7,11,94.4,2485,16000,26000,24000
78663,0,11.3,91.5,913,8000,17000,28000
78664,5.5,33.5,73.1,61361,756350,1328000,1299200
78665,8,26.9,71.5,46109,119000,226750,248050
78666,1.7,43.6,84.2,77355,742250,890650,1014050
78669,3,8.2,92.7,11375,49650,55350,56800
78672,0,0.6,100,1248,5000,8000,5000
78676,0.8,8.6,96.6,13231,146000,228400,289500
78681,8.9,22.7,79,57234,222250,345350,336000
78701,6.6,15.8,85.3,7875,92000,101050,157050
78702,1.9,47,73.2,22876,236950,388350,370600
78703,8,6.7,89.3,20788,81850,124400,66550
78704,3.1,26.1,89.1,47158,289050,376950,550800
78705,14.8,17.1,72,33075,38600,32550,43600
78717,24.4,13.8,65.9,27764,134000,197400,146550
78721,1.5,47.6,55,12447,52000,82600,68000
78722,2.6,13.4,79.3,7254,51200,94450,100000
78723,2.2,41.3,66.5,33170,281300,498650,503250
78724,0.3,66.1,57.7,24833,212550,381400,291500
78725,1.2,50,54.7,7517,27000,51000,59000
78726,17.9,14.1,70.9,14610,92000,150000,163050
78727,17.4,18.2,68.9,28999,212000,945400,316650
78728,8.3,28.8,62.6,21245,179200,210900,215150
78729,9.3,22.6,79,29434,173000,255350,271900
78731,8.3,10.1,83.9,27447,118500,140300,132000
78732,11.6,11,85.7,17762,60000,61000,62000
78733,12.2,8.5,82.2,8754,37000,44000,67000
78734,2.5,15.7,93,18722,206500,226950,227150
78735,7.9,18.8,86.5,17919,188950,275850,287900
78736,4.1,15,91.7,8199,21950,35400,60000
78737,3.1,14.2,90.1,15879,139000,241000,319000
78738,9.1,9.9,86.6,15746,98800,175700,170150
78741,4.4,54.5,70.5,52307,366900,544750,539150
78744,0.9,75.6,74.4,48432,372850,653650,622100
78745,2.7,40.3,86.6,62220,674400,1063250,1194700
78746,7.5,12.6,88,28268,129850,198250,246600
78747,2.2,59.6,78,20954,162000,180900,132000
78748,4.7,35.5,82.7,49142,267550,578800,902150
78749,9.5,19.5,82.3,37453,148250,199750,242700
78750,16.4,13.5,73.5,30758,400000,629850,567650
78751,6.7,17.5,82.8,14949,239850,176300,149000
78752,1.8,58.8,63.1,20302,344000,653300,540850
78753,6,61.3,59.8,58693,634650,1057800,1017700
78754,12.3,40.9,55.4,23858,208000,402000,521350
78756,4.6,12.6,84.9,8377,182000,226000,182600
78757,3.2,22.5,82.3,24059,309000,486600,456400
78758,6,46.6,66.6,46618,302050,502500,609250
78759,10.8,13.6,80.6,41847,209000,283450,359000
78801,1.2,73.9,87,22156,249000,516450,529300
78830,0,93.2,98.8,867,11000,20000,24000
78832,0,61.8,96.8,3631,8000,13000,21000
78834,0.2,88.3,92.5,8662,80000,121800,117300
78839,0,95.7,89.6,9251,25000,44000,44000
78840,0.6,82.2,92.6,48317,302350,422500,502000
78850,0,45.9,96.3,1306,14000,10000,9000
78852,0.5,95.5,93.2,55879,215000,586700,679200
78861,1.2,51.5,85.3,13782,124000,179700,200000
78872,0,80.2,98.5,1724,18000,30000,24000
78873,0.1,18,99.5,1920,107000,183050,284000
78881,0,61.8,96.6,2321,53000,96000,117000
78932,0,8.6,99.7,583,11700,40000,25000
78934,0.1,27.2,74.9,6238,190000,340700,396400
78935,0,29.3,94.2,1509,21000,24450,35000
78938,0,12.5,71.5,337,12000,22250,22400
78940,0,11.3,98.7,2387,14000,21000,20000
78941,0.9,28.1,88.4,2791,53000,94600,126550
78942,0.1,36.2,77.2,8499,159100,315750,328050
78944,0,9.2,84.1,521,14000,13000,11000
78945,1.4,21,87.8,10107,226000,363750,525200
78947,1,5.6,93.7,4605,31000,32000,27250
78950,0,7.3,84.2,2000,1000,13000,10000
78956,0.3,25.6,91.5,5518,97000,183550,186800
78957,1.3,10.8,77.4,9310,70950,211600,165800
78959,0.9,68.8,34.1,2047,19000,28400,28900
78962,0.2,15.6,80.3,5200,129000,186100,272100
79005,0.5,46.4,85.9,1653,15000,15000,19750
79007,0.6,26.8,86.7,14415,517150,633950,734600
79013,12.8,72.6,66.6,3707,75000,105850,55000
79014,0.3,35.4,92.5,4119,28000,34000,28700
79015,0.9,17.3,91.1,21576,58000,68000,69000
79019,0,8.6,93.8,1756,42000,56000,71000
79022,1.1,35.8,86.4,11488,109000,136000,161000
79027,1.7,67.1,92.1,5090,21000,30100,21400
79029,7.9,52,76.3,16010,320950,282150,246850
79034,1.3,24.6,89.6,634,29000,29750,87250
79035,0,71,78.8,4892,2000,6000,25000
79036,0.4,9.6,92.2,5253,35000,38600,110000
79040,0,44.9,89.2,1771,15000,17000,16000
79041,0.2,65.5,95.2,3199,2000,7000,18750
79045,0.5,73.2,87.4,19066,245000,322250,505650
79046,0.9,10.2,85.1,636,31000,71350,35550
79057,1.2,13.3,94.1,1595,6000,8000,6000
79065,0.6,29.3,84.4,21082,175450,228600,289250
79068,0.5,8.6,96.2,3043,43000,32000,33000
79070,0.2,54,88.1,10183,135000,161250,225900
79072,0.3,59.6,83.2,26829,590000,600500,293100
79079,0.1,20.8,83.6,2696,49000,69000,85000
79081,0,47.5,90.3,4065,69000,33000,47000
79083,0.7,17.8,90.3,2155,40000,33000,32000
79084,0,50,90.9,2384,55000,78000,80000
79086,0.2,38.3,93.8,2283,19000,19000,17000
79087,3.6,24.9,87.6,591,7000,7300,10000
79088,0.1,45.3,80.9,5756,16000,13550,13600
79092,0,11.4,96.9,985,37000,33000,42000
79095,0.1,30.2,78.1,2699,15000,31000,13000
79096,0,38.6,89.9,2231,23000,39000,36000
79097,0,20.6,97.4,1037,21000,28000,35000
79101,0,11.9,82.2,2185,131650,203500,240000
79102,9.5,34,76.3,9586,150250,177650,198850
79103,0.7,59.9,89.1,10880,204000,288150,332350
79104,0.9,72.6,93.2,6727,27000,26000,37000
79106,1.4,26.2,83.8,27883,387950,551900,593700
79107,11.5,53.8,65.4,35188,160600,240450,315350
79108,0.7,24.2,81.5,16479,74000,104000,80000
79109,1.9,16.9,86.7,44211,722000,946750,1009200
79110,0.9,27.7,88.6,19242,228000,368100,309150
79118,1.8,23.8,90.3,22279,153700,222800,197250
79119,2.3,14.6,93.9,15884,85000,117000,114750
79121,2.4,17,85.7,6582,49000,69000,48000
79124,6.8,11,86.8,8720,148000,195000,156000
79201,2.3,21.6,82.4,7066,33000,68050,65100
79225,0,36.4,89.8,1075,4000,6000,13000
79226,0.5,9.7,90.3,2967,72000,97900,118000
79227,0,21,84.7,1454,15000,19000,24000
79233,0,11.2,88.8,89,29000,26000,22000
79235,0,57.3,94.1,3621,34000,51500,90800
79241,0.6,57.6,93.5,2196,4000,14000,12150
79244,0,19.5,83.3,753,4000,3000,9000
79245,0.6,34.9,77.7,2467,26000,30000,35000
79248,0,34.7,79.4,1442,20000,19000,21000
79252,0.6,15.3,85.9,2996,153850,161000,148000
79311,0.1,41.6,92.6,3615,3000,7000,19000
79316,0,54.5,89.3,11510,69000,90150,100900
79322,0,51.8,84.7,1927,18000,19850,17000
79323,0,70.3,96.1,7367,77000,98350,159000
79325,0,38.6,91.8,2492,45000,51000,88000
79329,0.3,35.1,94.3,3216,15000,4850,29000
79331,0.8,56.1,77.7,12742,187000,276650,413000
79336,0.2,49.6,88,17229,123000,159650,348300
79339,0.6,52.7,83,6624,65000,113500,71000
79343,0.9,56.7,90,1653,3000,3000,4000
79346,0,61.8,90.8,2251,33000,26000,40000
79347,0.9,60.9,86.2,7212,25550,38100,45400
79350,0,55.5,79.6,339,2000,9000,10050
79355,0.2,57.1,96.8,1889,24000,36000,43000
79356,0.6,56.7,84,6372,37000,61300,105000
79357,0,58.6,97.7,2260,45000,49000,62000
79358,0,30.7,95.1,1080,13000,9000,17000
79359,0,79.2,95,2900,11000,27000,35050
79360,0.6,30.7,92.9,15623,227300,516200,788400
79363,0,30.7,93.7,5799,16000,14250,15000
79364,0,41.3,82.6,7710,92000,142900,146000
79370,0.1,28.3,87.2,1572,6000,10000,10000
79372,0,50.6,93.8,1191,19000,17000,6000
79373,0,46.2,80.4,2903,16000,17000,17000
79382,0.5,21.2,88.9,7122,13700,20000,20800
79401,4.7,28.5,72.7,7909,113000,175150,141900
79403,0.1,48.8,55.9,17401,137750,198400,168000
79404,0.2,54.3,63.7,10347,145000,163250,188850
79407,2.9,28.6,84.1,21028,130000,178700,164650
79410,1.1,20.9,89,9583,15000,8650,13700
79411,1.1,51.8,77,7894,29000,77800,82000
79412,0.8,58.5,74.5,17141,119000,154000,239950
79413,1.9,32,82.9,22149,176400,217500,214000
79414,1.4,37.1,79.4,18150,72000,121700,197550
79415,5.8,58.5,72.5,17343,124700,229700,175750
79416,4,31.7,82.3,33302,150200,222500,196250
79423,0.7,30,85.6,37960,368850,634700,689400
79424,3.1,20,85.6,45948,371000,470550,511050
79501,0,24.2,87.8,2959,37000,43350,46550
79504,0.7,8.1,94.2,3157,39600,49000,42950
79505,0,9.9,91.7,314,4000,6000,5000
79508,2.7,23.2,82.4,1403,4000,8000,8000
79510,0.2,8.9,92.7,7056,204000,243000,287500
79511,0,17.7,92.8,1278,16000,14250,16000
79512,0.4,39.5,76.6,7907,105000,133100,152800
79520,0,20.1,84.9,2219,70900,65900,65250
79521,1.1,31.5,90.5,3795,63750,49850,69450
79525,0,11.8,93.7,2261,28150,42350,66000
79526,0,30.2,95.2,835,7000,5000,9000
79529,0.1,30.3,89.1,1378,17000,14350,20000
79536,0.2,13.3,91.7,4593,18500,56800,109000
79543,0.3,28.2,94.3,1236,2000,1350,10000
79545,0.5,39.1,93.8,1913,46050,52500,65000
79547,0,25.4,93.8,771,4000,1000,3000
79549,0.2,40.6,87.3,16236,107400,134700,194450
79553,0,33.9,77.9,3279,51900,44250,47200
79556,0.3,36.9,86.6,12915,300250,211000,228900
79562,0,4.3,98,3805,10000,14000,24600
79563,0,21.7,82.8,1052,82650,64000,67000
79567,2.9,40.5,91.9,3517,15000,47000,55800
79601,2,26.1,66.1,28041,196000,364600,489050
79602,0.9,21.4,82.6,24027,191150,260050,272900
79603,0.9,44.7,67.9,23577,119000,209600,187050
79605,1.9,21.6,78.5,29672,575750,749900,789350
79606,4.1,16.5,78.4,23929,459250,618050,585950
79701,0.3,65.5,75.8,29315,1375000,2416100,2758550
79703,2.4,54.8,79.6,23083,401800,670900,626050
79705,1.7,36.2,82.4,39818,521000,719250,862550
79706,0.2,51.4,91.3,25344,532000,937150,1094000
79707,3.7,22.7,84.4,38489,564900,1068050,1073850
79714,0.2,55.4,91.8,17577,190000,433700,884650
79718,0,72.5,77.4,894,20000,64850,82000
79720,0.8,41.8,83.1,35231,870300,1285250,1620750
79731,0,63.7,50.3,4767,75000,90050,121850
79734,1.6,36,96.6,2129,17000,30750,42000
79735,0.3,71.1,84.2,13383,369000,510550,551100
79739,0,43.9,75.4,1149,31000,49700,35000
79742,0,59.3,81.8,494,19000,28000,43000
79744,1.6,56.2,51.5,1466,82000,74100,57000
79745,0,61.9,87.6,6842,167000,308000,411000
79752,0.4,57.2,40.8,2473,50000,66200,60000
79756,0.3,52.1,83.1,9622,341000,683050,1085250
79761,0.8,60.7,76.7,33922,514650,1046150,1096550
79762,1.2,45.5,83.6,44014,864000,1210500,1402300
79763,0.5,73.6,84.7,37282,478850,816800,1081900
79764,0.2,62.5,83,22105,433000,773200,867250
79765,7,38.5,80.1,13451,370000,744700,890850
79766,0,78.9,88.2,6519,144000,198000,256150
79772,1.2,75.5,77.6,13569,371000,899900,1012550
79778,0,28.6,73.2,903,24000,29000,29000
79782,0,51.3,81.5,4521,47000,101850,130000
79788,0,30.5,90,469,58000,135000,110000
79789,0,42.1,97.8,908,30000,62000,55000
79821,0.4,85.1,69.3,7269,66000,91050,82650
79830,1.8,46.7,92.8,7802,71000,115200,168050
79835,0,93,58.3,11835,6000,5000,13000
79836,0.2,91.2,66.7,5889,22000,27000,32000
79838,0,94.7,73.4,6719,6000,11000,12000
79843,4,66.8,93.4,2298,19000,20000,32000
79845,5.3,88.3,89.9,4785,16000,24000,26050
79855,0.3,82.8,83.2,2208,88600,159850,203000
79901,0.3,94.2,76.6,10284,16850,14950,20000
79902,2,78.3,79.3,20123,26050,33050,38000
79903,0.8,91.2,88.9,16495,47000,69850,63950
79904,1.5,73.5,80.2,34098,169000,175650,232350
79905,0,97.9,84.9,23108,18350,45100,65600
79906,4.1,27,68.8,5125,6000,9000,15000
79907,0,96.3,82.7,53505,70000,87500,146000
79912,3.2,69.7,75.5,81159,128000,209000,236550
79915,0.1,95.1,87.5,35622,49000,80850,109000
79922,1.2,65.8,81.4,8528,27000,52800,37000
79924,1.9,69.6,80.3,59587,255650,505050,585550
79925,0.6,76.3,88.5,39455,207000,399400,515600
79927,0.2,96.5,80.1,41162,50000,72000,72000
79928,0.7,91.4,85.6,56851,61000,127000,90000
79930,0.8,82.2,82.4,28324,30000,54000,68800
79932,0.6,79.2,72.3,28345,52000,103200,84450
79934,1.9,55.8,74.1,25846,15000,34000,53600
79935,0.5,82.7,89.2,18166,25000,32000,59000
79936,1.3,86.5,87.5,111918,191300,287850,292900
79938,0.8,83.6,83.4,77487,137000,197000,225950
