Zip Code,Total population,White percent,Asian percent,Black or African American percent,American Indian and Alaska Native percent,Hispanic or Latino percent,Native Hawaiian and Other Pacific Islander percent,Female percent,Male percent,MONTHLY HOUSING COSTS - Median,Median income(all),Median income (full time),Median age,Percent - Under 5 years,Percent - 10 to 14 years,Percent - 15 to 17 years,Percent - 15 to 19 years,Percent - 15 to 44 years,Percent - 16 years and over,Percent - Under 18 years,Percent - 18 to 24 years,Percent - 18 years and over,Percent - 20 to 24 years,Percent - 21 years and over,Percent - 25 to 29 years,Percent - 30 to 34 years,Percent - 35 to 39 years,Percent - 40 to 44 years,Percent - 45 to 49 years,Percent - 5 to 14 years,Percent - 5 to 9 years,Percent - 50 to 54 years,Percent - 55 to 59 years,Percent - 60 to 64 years,Percent - 60 years and over,Percent - 62 years and over,Percent - 65 to 69 years,Percent - 65 years and over,Percent - 70 to 74 years,Percent - 75 to 79 years,Percent - 75 years and over,Percent - 80 to 84 years,Percent - 85 years and over,Percent high school graduate or higher,Percent bachelor's degree or higher,Owner-occupied housing percentage,Renter-occupied housing percentage,Unemployment rate - Population 16 years and over
84531,998,0,0,0,98.8,1.8,0,51.1,48.9,218,14868,25492,29.8,7.7,10.7,5.3,8.2,44.5,73.2,30.9,12.6,69.1,9.7,63.6,6.9,11.6,3.7,4.3,8,17.8,7.1,5.3,2.9,3.8,13.7,12.5,3.2,9.9,2.1,2.4,4.6,1,1.2,72.3,2.1,0.92,0.08,8.9
84536,1821,6.2,0,0,93.8,0.3,0,51,49,223,16518,20069,31.3,11.1,6.7,5.3,9.9,44.8,73,30.9,12.9,69.1,8.2,62.5,5.4,5.2,6,9.9,6.6,14.6,7.9,6.4,3.7,4.1,12.9,11.5,3.6,8.7,2.5,1.5,2.6,0.8,0.3,80.7,5.3,0.85,0.15,9.3
85003,8694,78.9,1.2,9.8,3.2,33.2,0,44,56,972,38722,49150,39.2,4.4,3.7,1.7,3.2,49.9,89.1,12.2,8.8,87.8,7.3,85.2,11,11.2,7.6,9.6,5.9,6.1,2.4,8.4,6.2,6.5,19.1,16.4,5.7,12.6,3.7,1.4,3.2,0.3,1.4,85.3,38.2,0.37,0.63,4
85004,5944,77.4,5.6,6.5,1.7,31.2,0,45.5,54.5,932,22120,42528,32.3,2.8,2.6,2.2,12,58.3,91.4,9.8,25.3,90.2,15.5,75.2,8,12.9,5.1,4.7,6.9,4.8,2.2,6.7,5.6,5.1,14.9,13.1,2.7,9.7,2.5,2.8,4.5,0.4,1.3,84,39,0.25,0.75,8.5
85006,27671,49,0.6,4.7,3,65.9,0.1,46.9,53.1,790,23466,31203,31,8.2,7.9,4.8,6.7,48,74.7,28.7,9.7,71.3,7.7,67.7,9.4,9.1,8.8,6.3,5.2,15.8,7.9,5.3,5.4,4.5,12.1,10.4,3.7,7.5,1.3,1,2.6,0.6,1,61.8,19.5,0.38,0.62,9.5
85007,14810,57.4,3.5,13.9,2.6,53.2,0.1,50.4,49.6,841,25827,34859,33.2,6.5,8.7,3.7,5.7,41.9,75.6,27.2,9.3,72.8,7.3,69.3,8.4,7.8,7,5.8,5.8,17.1,8.3,7.4,5.9,4,15.4,13.9,4.6,11.5,2.4,1.8,4.5,1.2,1.5,68.7,22,0.35,0.65,8.3
85008,60700,52.5,0.9,11.7,3.3,57,0.5,48,52,829,22397,30321,28.7,8.4,6.4,4.5,7.5,51.9,76.5,26.6,14,73.4,11,68.2,11.8,8.5,7.2,5.9,6.7,13.8,7.4,5.3,4.7,3.3,9.2,7.8,2,5.9,1.7,0.8,2.2,0.6,0.8,69.2,17.8,0.25,0.75,7.4
85009,47810,79.1,0.3,5.4,1.9,80.9,0,44.6,55.4,728,22155,26983,28.7,8.1,7.9,4.7,8.5,48.3,73.5,29.8,13,70.2,9.2,64.3,8.9,7.7,7.1,6.8,6,16.9,9,5.1,5,3.5,10.5,9,2.5,7,1.8,0.9,2.6,0.9,0.8,54.1,5.8,0.45,0.55,7.7
85012,6776,88.7,2,4.7,2.1,13,0,48.1,51.9,1093,45311,53906,42.9,4.2,4.1,1.7,3.6,39.8,87.1,14.4,6.6,85.6,4.7,82.6,6.1,6.5,9,9.8,7,8.5,4.4,5.8,8.7,8.4,26.1,21.9,6.6,17.7,3.7,2.6,7.3,1.8,3,94.9,52.7,0.53,0.47,3.8
85013,21025,71.8,3.3,6.1,4.5,25,0,47.2,52.8,1024,37324,45720,38.5,5.2,5.4,3,5.1,45.4,83.8,18.5,7.7,81.5,5.5,77.8,8.4,10.2,7.9,8.2,7.4,10.3,4.8,8.3,5.2,7.6,18.3,15.4,3.6,10.7,3.2,1.9,3.9,0.6,1.5,92.2,43.4,0.45,0.55,6.2
85014,27410,64.9,3.3,7.2,4.5,31.6,0,49.4,50.6,935,33653,42725,36.1,5.7,4.3,2.8,5,48.2,83,19,8.6,81,6.4,77.3,8.7,11.3,8.7,8.2,6.5,10.5,6.2,7.2,4.9,5.2,16.9,14.4,4,11.7,2.7,2.2,4.9,1.1,1.6,86.3,38.2,0.37,0.63,7.9
85015,39395,67,6.3,11.1,4.1,46,0.1,49.6,50.4,772,25326,33602,32.2,8.9,7,3.9,6.1,44.5,74.7,27.5,9.9,72.5,7.7,68.6,8.9,8.7,6.5,6.5,5.7,14.7,7.7,6.6,4.9,5.1,14.8,12.6,3.4,9.7,2.5,1.5,3.8,1.2,1.2,77.3,16.9,0.36,0.64,9.9
85016,35321,74.1,3,5.4,4.2,31.4,0.3,49.4,50.6,995,36627,48439,38.5,4.7,5,3,4.1,43.6,82.8,19.2,6.9,80.8,5.9,78.8,9.3,9.3,7.9,7.1,6.8,11.4,6.4,7.2,6.7,5.2,19.5,17.2,4.6,14.4,3.2,3.1,6.6,1.9,1.6,88.9,42.7,0.46,0.54,6.4
85017,41656,69.5,5,8.1,1.8,66.2,0,50.6,49.4,729,19985,26660,26.5,9.5,9.2,5.4,9.8,47.7,70.3,33.7,14.1,66.3,9.8,59.4,7.4,6.8,6.8,7.1,6.2,18.7,9.5,5,3.6,3.1,9.3,8.1,2.5,6.2,1.6,0.9,2.1,0.6,0.6,61.1,7.1,0.38,0.62,8.2
85018,37848,78.7,4,3.1,2,21.1,0.2,50.6,49.4,1051,40301,55391,38.3,6.1,5.6,3.9,5.6,41.7,81.7,21,7.5,79,5.8,76,7.5,9,7.7,6.1,7.5,11,5.5,7.3,6.6,6.1,19.8,17,3.7,13.8,3.9,2.7,6.2,1.7,1.7,91.6,46.8,0.54,0.46,4.9
85019,25994,76.5,3.7,7.9,2.6,67.3,0,49.6,50.4,876,21382,28522,28,8.5,9,5.3,9.3,46,71.8,31.9,12.2,68.1,8.1,62.1,8.8,5.2,5.8,8.7,6.6,18.1,9.1,4.9,5,3.3,11,9.4,3.3,7.7,1.3,1.4,3.1,1,0.7,57.9,7.5,0.48,0.52,6.3
85020,33296,86.9,1.8,2.7,1.2,28.9,0.1,50,50,910,36422,45537,43.7,6.1,6.3,2.2,3.3,34.2,81.9,19.7,6.7,80.3,5.6,77.6,7.1,5.3,6.6,6.3,7.8,11.4,5.1,7.8,7.5,6.4,25.1,22.3,6.6,18.8,4.6,3.2,7.6,1.7,2.6,88.6,36.9,0.53,0.47,5.7
85021,41310,73.6,4.4,8.9,3.8,34.4,0.5,50.2,49.8,855,27239,36473,33.2,8.7,6.5,4,5.8,43.4,76.2,26.5,10.4,73.5,8.6,69.5,7.6,7.5,7.5,6.4,6,13.8,7.3,6.3,5,4.3,16.8,14.6,3.5,12.5,3.2,2,5.9,1.6,2.2,84.3,29.5,0.39,0.61,10.1
85022,50242,82.3,4.1,3.2,1.3,23.3,0.1,52.4,47.6,988,31392,42402,38.8,5.7,4.2,2.8,5.3,41.2,83.1,18.8,11,81.2,8.5,77.2,8,7,6.7,5.7,6,10.3,6.1,7.5,7.3,6.6,21.9,19.3,5.4,15.4,3.9,2.9,6,1.4,1.8,89.1,32.9,0.55,0.45,6.9
85023,33612,78.9,4,5.4,1.8,22.9,0.3,49.9,50.1,1020,33019,41417,35.2,7.1,6.1,3.1,4.4,41.9,78,24.2,8.9,75.8,7.6,73.4,8.6,8,7.3,6.1,6.6,14,7.9,5.3,6.4,5.9,18.7,16.2,5.1,12.7,3.1,2,4.5,1,1.5,88.1,30.3,0.56,0.44,5.4
85024,24598,87.4,4.8,2.1,0.7,12.7,0.2,49.2,50.8,1326,42422,53331,35,8.6,5.6,3.2,4.9,42.9,78.6,23.4,7,76.6,5.3,74.3,8.9,10.7,6.3,6.8,8.5,11.6,6,6.4,7.1,4.8,14.9,13.1,4,10.1,3,1.3,3.1,0.6,1.3,95.1,42,0.69,0.31,3.8
85027,35529,79.7,7.8,3.5,1.2,16.6,0.6,48.7,51.3,1045,36099,43645,35.7,7.5,5.6,3,4.7,45.4,81.1,20.9,8.8,79.1,7.1,76.4,10.2,9,7.1,7.4,8.5,10.4,4.8,6.2,5.5,5.5,16.4,14.1,4.4,10.9,2.6,2.3,3.9,0.8,0.8,90,28.3,0.56,0.44,5.8
85028,19563,92,1.8,1.6,0.4,11.1,0,53.5,46.5,1350,50043,67603,47.4,4.7,4.9,4,5.7,31.1,83.2,19.3,4.7,80.7,3.1,78.2,4.3,4.3,6.1,7.6,6.6,10.6,5.7,8,7.5,8.4,31.4,28.4,7,23,6,3.9,10,3.5,2.7,96.5,52.9,0.79,0.21,4.1
85029,44745,83.3,3.2,5.9,0.7,31.6,0,50.7,49.3,922,30057,35664,35.8,7.2,6.4,3.6,5.7,40.7,79,23.4,10.5,76.6,8.4,73.1,7.6,7.3,6.4,5.3,7.6,12.7,6.3,7.5,7.6,4.7,16.9,15,3.6,12.1,3.1,2,5.4,1.4,2.1,86.2,19.4,0.5,0.5,8.6
85031,31673,63,0.6,5.6,2,82.3,0.1,50.1,49.9,905,21415,26128,26.9,8.3,9.5,5.9,10.2,45.8,70.2,33.9,13.5,66.1,9.1,60,6.7,6.3,6.9,6.6,6.4,19.7,10.2,5.7,3.6,3.9,10.5,9.2,2.3,6.6,1.8,1.1,2.4,0.7,0.6,53.4,3.7,0.49,0.51,8.3
85032,71603,84.2,4.3,2.8,0.9,28.5,0.1,50.7,49.3,971,31089,42541,36,6.6,6,3.5,5.9,43.9,80,22.2,9,77.8,6.6,74.2,8.7,8.5,6.7,7.6,6.5,12.1,6.1,6.9,6.8,5.6,17.1,14.9,4.1,11.5,2.9,1.9,4.5,1.3,1.2,86.6,31.5,0.56,0.44,5.9
85033,65318,59,0.6,5,1.3,81.3,0.1,51,49,923,21785,28337,25.1,10.2,9.5,6,9.7,46.6,67.8,36.3,13.5,63.7,9.9,58,8.1,6.4,6.6,5.9,5.5,20,10.5,5.4,3.6,3.2,8.8,7.5,2.1,5.6,1,1.3,2.4,0.7,0.5,57.3,5,0.47,0.53,9.6
85034,4480,45,1.6,7,4.1,70.1,0,50.6,49.4,639,18160,26091,28.9,6.6,8.7,3.8,7.3,48,73.7,28.4,14.9,71.6,11.5,67.4,7.3,6,6.7,9.3,2.8,18.1,9.3,5.7,5.2,5.4,13.6,11.2,1.9,8.2,3.3,2.1,3,0.1,0.9,57.9,18.7,0.24,0.76,18
85035,57410,50.1,0.7,5.7,2.6,83.3,0.5,52.3,47.7,938,21991,26639,25.2,10.3,9.1,4.8,9.3,48.6,68.6,34.8,14.8,65.2,10.3,58.9,9.1,7,6.4,6.5,5.9,19.7,10.6,4.6,3,3.3,8,6.6,1.8,4.7,1.1,0.8,1.7,0.6,0.3,56.4,5.7,0.35,0.65,8.5
85037,52205,57.1,3,8.6,2,65.6,0.1,48.4,51.6,1046,27828,35256,27.3,8.6,9.6,5.3,8.5,46.7,70.9,32.7,12.5,67.3,9.3,62.2,8.3,6.6,7.2,6.8,6.2,18.8,9.1,5.5,4.2,4.2,9.9,8.1,2.7,5.7,1.3,0.7,1.7,0.5,0.6,71.2,11.3,0.55,0.45,8
85040,32526,51.9,1.6,19.2,2.8,65.3,1.2,50.9,49.1,808,23209,29981,28.5,9.6,7.7,4.3,7.6,46.4,72,30.6,12.7,69.4,9.4,64.3,9.1,8.3,5.9,6.2,5.4,16.7,9,5.6,4.9,3.6,11.3,10,3,7.7,1.8,1,2.9,0.7,1.2,64.3,12.1,0.41,0.59,10.4
85041,63152,62.2,2.3,15.6,2.8,66.5,0.1,50.8,49.2,1005,29499,35175,28.8,10.2,9.4,4.5,8,44.5,69.3,33.5,10.7,66.5,7.1,61.5,7.5,7.9,6.6,7.3,5.7,18.8,9.4,5.4,4.8,3.6,10.6,9.1,2.9,7,1.9,0.8,2.2,0.8,0.7,70.7,14,0.61,0.39,5.6
85042,44676,49.2,2.3,14.1,3.8,57.1,0,49.2,50.8,986,28962,37432,32,7.4,7.4,5.4,7.7,46,75.2,28,10.3,72,7.9,68.1,8.4,8.2,6.4,7.4,6.3,15.2,7.8,5.6,5.9,4.5,13.6,11.6,3.3,9.1,2.8,1.5,3,0.6,0.9,78.3,21.5,0.59,0.41,9.8
85043,38125,73.6,2.6,8.5,2.2,73.2,0.5,51.7,48.3,1104,26603,32340,26.6,9.4,10.9,5.8,8.7,48.2,68.1,36.4,11,63.6,8.2,59.6,7.4,8.5,9.1,6.3,5.4,21.1,10.2,4.2,3.7,3.5,8,5.9,2.4,4.5,0.6,0.8,1.5,0.4,0.4,68.7,11.5,0.55,0.45,8.2
85044,40893,74.6,5.2,7.4,3.1,18.8,0.2,52.4,47.6,1213,44277,54484,37.3,5.8,6.4,2.8,5,42.1,80.8,21,8.3,79,6,75.5,8.3,9,7.2,6.5,6.5,12.5,6.1,7.2,7.6,6.1,18.4,15.8,3.6,12.3,3.1,2.3,5.7,1.2,2.1,96,45.8,0.58,0.42,3.5
85045,7467,79.5,8.9,4.4,0.5,9.5,0.2,53.1,46.9,1960,54258,85500,41.5,4.7,7.8,7.2,9.1,37.3,78.5,27,7.9,73,6,69.5,3.5,3.3,5.8,9.5,8.8,15.1,7.3,10,10.8,4.8,13.3,11.5,2.7,8.5,3.2,1.1,2.6,0.5,1,97.6,56.5,0.86,0.14,3.4
85048,34720,80.2,6.5,6.2,0.8,11.3,0,51,49,1510,51026,68616,39.7,4.9,7.7,6,7.8,38.1,79.1,24.8,7.3,75.2,5.5,72.4,6.8,4.8,6.5,6.7,8.9,13.9,6.2,10,8.1,7.1,16.2,12.5,4.4,9.1,2.1,1.1,2.6,0.8,0.8,97.2,54.7,0.69,0.31,4
85050,30506,85.6,7.2,2.1,0.3,13.4,0,51,49,1558,50245,66377,39.6,6.3,8.6,4.2,6.1,37.2,76.1,26.5,5.9,73.5,4.1,70.5,4.3,6.4,7.6,8.8,8.8,16,7.4,7.8,5.1,4.5,18.8,16.1,3.5,14.2,2.9,2.6,7.8,2.4,2.8,93.9,49.7,0.71,0.29,5.2
85051,43234,76.9,4.2,6.4,2.7,45.3,0,50.6,49.4,842,26362,36923,32.7,7.9,7.2,3.3,6.2,42.1,75.2,27.1,10.5,72.9,7.5,68.2,8.3,7.4,6.4,6.4,5.4,15.9,8.7,6.3,5.8,4.9,16.6,14.3,3.6,11.7,3.1,2,5,1.4,1.6,80.8,15.7,0.53,0.47,9.9
85053,29584,82.4,2.4,5.1,1.8,21.7,0.1,50.2,49.8,988,30900,40251,35.9,4.8,7.4,3.3,6.5,44.3,80.8,21.6,10.2,78.4,7.1,73.7,8,8.6,6.6,7.5,6.5,13.5,6,6.7,6.2,6.6,18.1,15.6,3.7,11.5,3,2.4,4.8,1.5,0.9,89.2,21.3,0.56,0.44,6.9
85054,7023,90.5,4.4,0.6,1.4,6.8,0.3,52,48,1417,60805,65196,38.2,4.3,2.2,2.2,2.8,48.2,89.3,11.7,6.5,88.3,5.9,85.8,13.8,12.7,7.7,5.4,7,5.2,3,8.2,5.4,5,21.7,19.3,6.6,16.8,5.1,1.7,5.1,1.7,1.8,97.5,61.7,0.42,0.58,1.2
85083,19363,83.8,10.1,1.5,0.6,10.2,0,50.3,49.7,1819,59107,71578,38.7,7.3,9.5,5.7,7.7,36.6,73.2,30.1,5,69.9,3,67.1,2.5,5.1,9.2,9,10.4,17.1,7.6,8.1,5.2,5.4,15.3,13.3,4.7,9.9,2.2,1.6,3,0.7,0.8,96.9,46.4,0.88,0.12,3.5
85085,21478,79.2,11.1,3.5,0.6,10.1,0,49.3,50.7,1523,51247,61587,34.3,8.7,7.3,2.9,4,45.6,74.8,27.2,6.4,72.8,5.3,71.6,7.4,10.4,9.8,8.8,7.3,15.6,8.3,5.3,5.5,4.7,12,10.6,3.1,7.3,2.2,0.8,2,0.7,0.4,96.8,51.6,0.61,0.39,3.6
85086,41785,92,2.3,1.4,0.6,9.4,0.2,51.3,48.7,1544,43597,60657,42.8,4.5,7.3,5.1,7.4,35.3,79.8,24.1,6.4,75.9,4,72.7,3.3,5.1,6,9.5,8.8,14.5,7.2,8.9,6.4,6.8,21.6,19.1,5.6,14.8,4.5,1.8,4.6,1.6,1.2,95.9,39.8,0.79,0.21,3.9
85087,7976,91.8,3.6,0.9,0,7.3,0,50,50,1332,37330,54123,48.2,5.6,5.1,4.8,6.7,29.2,82.6,19.9,6.7,80.1,4.8,77.9,3.7,3.9,3.1,6.9,10.1,9.5,4.5,6.9,7.9,8.9,30.8,27.7,9.9,21.9,7.1,2,5,1.6,1.4,95.9,23,0.87,0.13,7.3
85118,12439,96.5,1.3,0.2,0.6,5.7,0,52,48,961,38475,60962,64.7,0.7,2.7,1.3,2.8,14.2,94.6,6.3,5.8,93.7,4.4,91.4,1.2,1.1,1.8,3,3.9,4.4,1.7,5.8,10.2,12,60.9,57.2,13.4,48.9,15.4,10.2,20.1,5.7,4.2,95.4,36.2,0.9,0.1,7.2
85119,21825,94,2.2,0.7,0.5,9.2,0.1,51.2,48.8,743,30485,47818,57.3,4.3,3.4,2,3.1,22.7,87.3,13.8,5,86.2,3.9,84.5,3.1,4.4,3.6,4.6,4.7,7.5,4.1,6.7,7.7,10.6,46.5,42.1,11.8,35.9,10,7.5,14.1,4.5,2.1,89.5,19,0.76,0.24,6.7
85120,30621,91.2,0.6,1.2,2,14.5,0,51.1,48.9,685,25299,36175,52.1,4.8,4.6,3.8,5.6,27.7,84.3,18.6,6.3,81.4,4.5,78.1,3.6,3.6,5.7,4.7,5.6,9.9,5.3,6.2,7.5,7.4,38.3,35.7,8.3,30.8,8.7,6.7,13.9,3.9,3.3,85.6,13.6,0.73,0.27,7.2
85121,2131,8.7,2.4,0,85.5,4.9,0.6,48.4,51.6,236,21206,29449,25.7,9.7,7.3,3.5,7.8,47.2,72.8,29.9,18.2,70.1,13.8,64.4,8.9,5.2,4.6,6.9,3.1,16.8,9.4,7,4.6,1.1,11.8,11.8,2.8,10.7,3.2,2.5,4.7,1.8,0.4,57.1,5.2,0.28,0.72,19.3
85122,56298,73,1.6,4.4,6.9,45,0.1,51,49,851,26526,36148,35,7.3,8.5,4.6,7.5,37.6,74.3,28.5,8.5,71.5,5.5,67.4,5.9,7.2,5.8,5.7,5.6,16.6,8.1,5.7,5.6,5.3,21.5,19.4,5,16.3,4.4,3.8,6.8,1.8,1.2,82.8,14.7,0.63,0.37,8.3
85123,11106,84.7,0.3,2.1,5.3,40.6,0,51,49,824,26745,35716,35.4,7.6,5.2,5.8,7.1,38.3,77.3,26.9,9.7,73.1,8.4,70.5,5.7,7.1,4.4,5.6,5.2,13.6,8.3,6.1,5.3,5.2,23.8,22.1,8,18.6,5,3.8,5.6,1.3,0.5,83.1,13.3,0.63,0.37,10.2
85128,16466,71.6,0.3,4,15.4,39.4,0.2,51,49,692,27695,35610,34.5,6.7,9.5,4.3,7.1,37.8,74.7,28.2,8.4,71.8,5.7,66.9,7.8,6.4,5.5,5.4,5.2,17.1,7.6,7.5,7.8,6,18,15.5,5.9,11.9,1.7,2,4.3,1,1.4,79.8,12.2,0.58,0.42,10.1
85131,18542,72.9,2.1,9.2,2.7,58.1,2.8,27.7,72.3,657,20941,32422,35.3,3.9,4.2,2,3.5,55.1,86.6,14.5,10.7,85.5,9.2,82.7,12.6,11.6,10.7,7.5,6.3,8.6,4.4,5.4,5.3,4.6,15.4,13.7,3.9,10.8,3.6,1.5,3.3,1.1,0.8,66.8,7.9,0.63,0.37,11
85132,35677,83.3,0.8,6.4,4.5,35.8,0.5,30,70,834,23539,39675,37.7,3.5,4.6,2,3.9,49.6,87.6,14,8.7,86,6.9,83.3,11.1,10,9.9,7.9,5.9,8.5,3.8,7,5.4,5.1,20,17.7,6.2,15,3.9,2.5,4.9,1.5,0.9,75.7,12.2,0.74,0.26,10.1
85135,464,93.5,0,0,0,87.9,0,51.3,48.7,337,21985,34375,54.1,2.2,3.4,6.7,9.3,24.4,86,15.7,4.3,84.3,1.7,80.6,2.4,3.9,5,2.2,8.2,6.9,3.4,10.6,7.8,16.8,40.1,36.4,5.2,23.3,5.8,7.3,12.3,0.6,4.3,76,0,0.61,0.39,19.3
85137,2497,89.4,3.5,0.5,0,44.7,0,44.4,55.6,759,34904,50147,39,5.8,7.3,3.7,5.4,33.8,74.8,27.6,7,72.4,5.2,68.9,5.1,6.2,6,5.8,3.8,18.1,10.8,6.6,4.8,6,27.1,25.3,7,21,6.9,3.3,7.1,1.5,2.3,87.9,16,0.73,0.27,8.7
85138,36059,71.5,4.4,10.5,2,25.3,0.1,50.5,49.5,1241,36633,48826,35,7.2,8.5,4.5,6.6,42.7,74.9,28.4,7.9,71.6,5.8,67.9,5.7,7.9,8.3,8.3,6.1,16.7,8.2,4.9,5.4,4.9,17,14.7,5.6,12.1,3,1.5,3.5,0.8,1.2,92.7,24.4,0.75,0.25,5
85139,18327,72.5,3.4,6.7,6.7,30.1,0.3,51.9,48.1,1075,29573,40320,35.7,6.4,7.6,4.2,7.2,41.5,75.8,27.3,9.6,72.7,6.7,67.7,5,6.7,7.3,8.6,6.6,16.7,9.1,6,5.8,5.7,17,14.6,4.1,11.3,3.5,2,3.7,1.5,0.2,84.2,14.6,0.71,0.29,10.1
85140,45504,87.5,1.2,4.2,2.5,21.6,0.2,48.8,51.2,1164,31796,45341,30.8,8.9,8.2,4.5,8.2,44.5,71.3,31.6,9.7,68.4,6,63,7.6,7.8,7.5,7.4,5.9,18.2,10,4.4,4.4,4,13.7,11.8,4.1,9.7,2.7,1.5,2.9,0.7,0.7,91.2,22.3,0.77,0.23,6.5
85141,427,75.9,1.4,0,0.7,68.4,0,37.5,62.5,567,17083,27614,50.6,1.2,4.9,3,8.9,33.5,91.3,11.7,19.7,88.3,13.8,78,2.3,2.6,4.4,1.4,5.4,7.5,2.6,17.8,7,7.7,27.6,25.5,5.6,19.9,11.2,1.4,3,0.5,1.2,76.1,6.5,0.73,0.27,7.3
85142,60306,87.7,2.3,2.8,0.9,18.8,0.1,50.1,49.9,1482,41364,55655,33.6,8.3,10.7,5.5,7.9,40.6,69.6,34,6.7,66,4.3,62.7,4.7,6.5,9,8.3,7.3,20.3,9.5,6.1,4.3,4.4,13.1,11.3,3.9,8.7,2.4,1.3,2.4,0.6,0.5,94,31.8,0.83,0.17,3.5
85143,36764,81.2,2.7,6.9,0.3,22.4,1,52.2,47.8,1159,32962,43322,34.9,6.6,9.2,5.5,8,41.2,72.9,30.4,7.4,69.6,4.8,66.1,5.3,7,8.9,7.1,5.8,18.3,9.1,4.9,3.8,5.9,19.3,17,5.7,13.4,3.9,2.1,3.8,0.9,0.8,91.2,18.9,0.7,0.3,6.9
85145,3016,83,0.9,3.4,1,23.2,0,51.9,48.1,1088,35064,42468,25.8,11.4,10.6,6.3,9.3,53.2,63.4,40.8,6.6,59.2,3.7,55,9.7,10.2,15,5.4,3.2,23.1,12.5,2,2,1.8,5.1,4.4,1.2,3.3,0.8,0,1.3,0.8,0.5,90.2,26.8,0.8,0.2,7.9
85147,3811,7.2,0.2,0.3,83.8,6.3,0,44.2,55.8,261,27260,32389,31.7,2.6,8,2.6,11.5,47,82.1,19.9,15.1,80.1,6.2,70.2,12,7.1,5.3,4.8,9.2,14.7,6.7,5.5,5.3,5.7,15.7,12,3.1,10,2.7,2.8,4.3,0.8,0.8,66,3.9,0.35,0.65,20.9
85172,1636,67.7,0,0,13.3,66.1,0,37.8,62.2,843,30114,33728,32.7,12.2,5.6,4,5,56.4,73.2,29.7,6.7,70.3,5.7,65.8,6.3,13.9,6.9,18.6,2.8,13.4,7.9,6.9,2,0,6.2,6.2,4.6,6.2,0,0,1.6,0,1.6,69.9,18.5,0.5,0.5,2.6
85173,2947,90.3,0.7,1,0.7,66.2,0,54.3,45.7,638,28160,36066,43.9,5.1,6,2.7,4.6,34.3,82.6,19.6,7,80.4,5.1,78,8,4.5,5.5,6.6,6,11.8,5.8,5.7,7.5,10.3,29.6,27.5,6.3,19.2,3.3,3.6,9.7,2.9,3.2,76.1,8.6,0.66,0.34,9.5
85192,1675,94.4,0.4,0,2.3,67.5,0,42.2,57.8,470,21707,45625,51,1,6,7.4,10.1,22.5,82.7,19.6,5,80.4,2.3,77.4,1.9,2.6,3.3,2.3,14.4,11.3,5.3,3.5,9.3,15.6,38.1,33.1,6.5,22.5,10,4.2,6,1,0.8,82.2,7.9,0.89,0.11,15.3
85193,4408,63.8,1.2,1.1,13.8,54.2,0,48.8,51.2,609,21387,30793,35.9,3.4,9.1,4.2,7.7,42.8,79.4,23,8.8,77,5.3,72,6.5,7.3,9.7,6.2,8.6,15.4,6.3,4.3,6.5,4.6,19,17.3,6.4,14.4,4.8,1.5,3.2,0.3,1.4,61.3,5.6,0.69,0.31,14.4
85194,7188,80.9,2.2,0.8,7.4,31.3,0.2,51,49,854,27740,38929,53.3,3.9,6.6,3,3.8,25.3,84.3,17.8,6.8,82.2,6,80.7,3.4,3,4,5.1,6.6,10.9,4.3,4.7,5.3,8.5,43.3,40.9,10.5,34.8,11.4,7.1,12.9,3.5,2.3,88.8,22.1,0.82,0.18,6.1
85201,51817,76.2,2.3,5.3,4.2,37.7,0.5,49.8,50.2,855,24699,32277,30.6,8.3,6.2,3.8,6.2,48.6,76.9,25.3,11.8,74.7,9.4,70.1,11.7,7.9,6.9,6.6,5,13.2,7,5.6,5.3,4.2,13.9,12.6,2.5,9.7,2.1,1.9,5.1,1.2,2,82.1,20.8,0.34,0.66,7.2
85202,38780,76.6,3.2,4.5,5.9,29.5,0.9,49.7,50.3,926,29257,36953,31.3,6.5,4.8,4.6,8,51.3,80.6,22.4,13.7,77.6,10.4,72.6,11.4,7.9,7.3,6.3,5.6,11.3,6.5,5.4,4.7,4.6,15.2,13.2,4.1,10.6,2.9,1.6,3.6,0.7,1.3,87.1,29,0.44,0.56,7.1
85203,37773,82.1,0.9,4.9,4.3,31,0.5,50.2,49.8,967,26734,38553,33.2,8.7,6.9,4.4,7.1,41.9,75,27.9,9.2,72.1,6.4,68.1,8.3,7.1,7.1,5.9,6.3,14.8,7.9,6.6,6,4.9,15.7,13.9,3.8,10.7,2.8,1.9,4.2,1.4,0.9,85.6,24.5,0.55,0.45,5.2
85204,66891,80.1,1.8,1.8,2.2,47.2,0.4,49.7,50.3,948,26279,35018,31.6,7.9,7.4,4.3,7.1,44.3,75.5,27.6,10.5,72.4,7.7,68.4,9.2,7.8,6.8,5.7,6.5,15.4,8,5.9,5.2,4.7,14.8,12.7,3.8,10.2,2.2,1.6,4.2,1.2,1.4,80.2,17.9,0.55,0.45,6.3
85205,41686,91,1.2,1.5,2,13.7,0.3,52.3,47.7,891,31210,44351,49.6,5.4,5.1,3.7,5.2,29.5,82.6,19.9,6.5,80.1,5,77.4,6.3,5.5,3.2,4.3,4.9,10.7,5.6,8.1,6.3,7.9,35.1,31.7,8.4,27.2,6,4.9,12.8,4.2,3.7,90.6,25.3,0.69,0.31,5.9
85206,36379,88.3,1.4,5.6,1,16.9,0.1,51.4,48.6,959,30273,41930,45,5.8,4.9,2.8,5.1,33.6,83.1,19.1,9.1,80.9,6.8,77.8,7.1,5.7,5.2,3.7,4.4,10.6,5.7,5.2,6.4,4.8,34.1,32.2,6.6,29.2,6.1,6.1,16.5,4.9,5.5,92.8,25.5,0.64,0.36,6.3
85207,48405,90.7,1.2,2.5,0.8,16.1,0,49.7,50.3,1161,37127,52904,42.2,5.6,7.3,4.4,6.5,34.1,80,23.2,6.9,76.8,4.8,73.5,5.3,4.9,6.3,6.3,7.2,13.3,6,8.4,7.2,6.4,24.2,21.3,6.4,17.8,4.2,3,7.1,2.1,2.1,91.8,31.2,0.78,0.22,6.5
85208,37158,91.3,1.2,2.3,0.6,21.4,0.1,49.2,50.8,845,30822,41347,47.4,4.6,5.6,3.8,6,33,84.5,18.2,7.4,81.8,5.1,77.9,5.9,4.3,5.6,6,5.7,9.7,4.1,6,6.7,6,34.2,31.6,7.5,28.3,6.6,5.6,14.2,4.1,4.5,87.4,20.5,0.75,0.25,6.8
85209,41052,87.5,2.5,2.5,1.8,16.1,0.4,52.1,47.9,1043,35241,46199,42.9,5.9,6.9,3.7,5.6,34,79.9,22.6,6.6,77.4,4.8,74.7,5.2,5.9,5.2,7.4,5.2,13,6.1,6,4.7,5.2,31.3,29.3,6.8,26.1,6.2,6.3,13,4,2.7,93,28.5,0.74,0.26,5
85210,39712,76.2,1.7,6.4,2.5,48.2,0.4,49.7,50.3,885,25708,31616,30.6,7.7,7.1,3.7,5.7,47.4,74.7,27.7,11.1,72.3,9.1,68.3,9.3,9.4,7.1,6.8,6.3,16.3,9.2,5.4,5.3,4.8,11.7,9.7,2.6,6.9,2.1,1,2.2,0.6,0.6,76.8,18.3,0.4,0.6,8.6
85212,31494,85.8,3.6,2.9,0.8,19,0.4,51.1,48.9,1548,39397,52110,31.4,7.8,8.5,4.7,8.3,43.7,71.4,31.7,9.9,68.3,6.3,62.8,6.4,7,7.2,8.5,6.8,19.2,10.6,5.6,5.2,4.4,11.8,10.1,3,7.3,2.1,1.4,2.2,0.5,0.3,92.5,32.8,0.79,0.21,3.7
85213,35148,87.1,2,3.7,1.4,15.8,0.9,51.5,48.5,1078,30599,45634,38.2,5.6,6.6,5.3,7.7,37.7,79.2,24.4,9,75.6,6.6,72.3,6.9,5.5,5.8,5.2,6.6,13.5,6.9,6,7.2,6.1,23.4,20.8,6,17.4,4.6,3.1,6.8,1.8,1.9,92.7,33,0.73,0.27,5.9
85215,16270,93.3,2.7,0.7,1,8.1,0.2,51.7,48.3,1012,43216,56847,55.8,3.3,5.3,2.8,4.4,23.8,87.4,14.7,5.4,85.3,3.8,83.2,2.9,3.9,4.3,4.6,6.1,8.6,3.3,6.8,9.3,7.9,42.2,39.6,7.7,34.3,8,7.6,18.5,6.3,4.6,94.2,31.2,0.82,0.18,3.6
85224,44000,77.4,7.7,4.3,1.9,20.7,0.4,51.3,48.7,1212,37377,47461,34.1,7.1,6.9,4.1,5.9,46.9,79.6,23.3,9.3,76.7,7.5,73.7,10,8.9,7.9,6.7,5.8,12.1,5.2,6.2,7,5.2,15,12.4,3.9,9.8,2.2,1.3,3.7,1.3,1.1,93.8,37.9,0.54,0.46,5.1
85225,70587,77.5,5.5,6.5,2.1,34.5,0.2,49,51,1074,31749,41599,32.8,6.9,6.8,4.7,7.4,46.4,77.9,25.2,10.3,74.8,7.6,70.9,10,7.5,6.9,7,6.3,13.7,6.9,7,6.6,4.4,13.2,11.4,3.6,8.9,1.8,1.6,3.5,1.1,0.9,84.4,28.4,0.55,0.45,5.6
85226,37781,75,9.9,6.3,2.4,17.3,0.1,50.9,49.1,1269,45381,54461,35.7,6.3,7.2,4.6,6.9,43.5,78.5,24.1,8,75.9,5.8,72.1,8.1,8.2,7.9,6.6,6.9,13.2,6,8.7,7.3,6.1,14.2,11.6,3.6,8.1,1.9,1.1,2.6,0.7,0.8,96.1,47.5,0.6,0.4,4.6
85233,35556,81.1,7.2,2.3,0.7,19.1,0.1,52,48,1331,40275,51420,36.4,5.2,7.9,4.8,7.6,42.5,79.4,24.2,9.1,75.8,6.3,71.6,6.9,8.3,6.1,7.4,8.6,14.2,6.3,8,6.5,4.5,15,13.5,4.2,10.4,2.6,1.8,3.6,1.2,0.6,94.8,41.2,0.67,0.33,4.8
85234,50706,85.7,5.2,2.3,1.6,17.1,0.2,51.7,48.3,1359,37843,52801,34.2,7.3,8.8,5.4,8.2,40.9,73.8,29.7,9,70.3,6.2,66.1,5.4,7,7.8,6.3,6.9,17,8.1,7.1,6,5.4,14.8,12.6,4.1,9.4,2.2,1.2,3.1,0.6,1.2,94.9,38.6,0.7,0.3,5.3
85248,32646,82.9,8.4,2,1.7,8.6,0,52.6,47.4,1055,46696,71214,59.8,3.9,3.9,2,3.3,22,87.3,13.9,4.1,86.1,2.8,84,2.8,2.9,4.3,5.9,5.1,8,4.1,5.3,6.1,7.3,49.7,46.9,10.6,42.3,10.5,8.9,21.3,6.5,5.9,96.6,44.9,0.79,0.21,4.5
85249,38586,80.7,9.9,3.9,0.8,11.7,0,51.3,48.7,1768,55256,74799,40.3,6.8,9.7,4.9,6.8,33.7,73.5,29.8,4.9,70.2,2.9,67.3,2.6,4.1,7.8,9.4,8.5,18.1,8.3,6.7,6.2,5,20.1,18.3,5.2,15.1,3.7,2.9,6.2,1.9,1.5,95.9,48.4,0.86,0.14,3.6
85250,17711,91.4,2.1,1.1,1.6,9.2,0,52.9,47.1,1195,45987,59474,48.1,4.6,4.1,2.5,4,34.4,87.4,14.2,6.6,85.8,5.1,83,7.6,6.3,5.5,5.8,6.5,7.2,3.1,8.2,7.6,7.7,31.6,28.2,6.9,23.8,4.8,4.6,12.1,3.9,3.6,97.9,52.8,0.71,0.29,4.3
85251,40621,85.1,2.1,2.6,0.8,20,0,49.3,50.7,1107,41249,53666,37.4,4.4,4.7,2.6,3.5,46.5,85.4,16,8.6,84,7.6,82.3,12.2,9.7,6.9,6.6,5.7,9.1,4.3,6.5,5.8,4.6,22,20,5.2,17.4,3.1,3.5,9.2,2.1,3.6,93.1,51.1,0.49,0.51,4.8
85253,18509,90.1,4.7,2,0.3,5.3,0.2,49.9,50.1,2138,64780,103077,52.2,4.1,5.9,4.5,5.7,24.7,83.7,19.3,5.5,80.7,4.4,78.4,4,2.8,3.3,4.5,7.5,10.6,4.7,9.3,8.5,8.8,35.2,32.3,8.6,26.4,6.2,5.9,11.6,2.6,3,98.1,68.3,0.84,0.16,2.3
85254,45973,86.5,8.8,1,0.3,5,0.1,51.1,48.9,1602,49772,71864,44.4,4.8,5.9,5.2,7.4,34.5,81.6,21.8,6.1,78.2,3.9,75.3,4.6,6.2,5.6,6.7,7.3,11.9,6,8.3,7.7,7.6,25.6,22.2,6.3,18,4.3,2.7,7.3,1.9,2.7,96.8,53.5,0.71,0.29,4.2
85255,40401,90.6,5.7,0.6,0.4,5.6,0,50.4,49.6,2027,65635,98045,49.2,3.2,8.2,4.3,5.9,26.2,81.2,21.1,4.8,78.9,3.1,76.8,2.4,2.6,4.9,7.3,8.6,13.7,5.5,10.1,7.4,8,30.9,27.5,7.4,22.9,6.6,4.5,8.8,2.2,2.2,97.6,68,0.78,0.22,3.9
85256,5380,14,0.8,0.4,75.1,19.1,0.4,52.4,47.6,429,25506,34153,33.6,7.9,7.8,3.2,7,41.6,75.4,26.9,10.1,73.1,6.3,69.2,7.8,8.6,8.2,3.7,5.7,15.8,8.1,8.2,5,5.1,15.7,14.7,3.5,10.7,3.3,2.2,3.8,1.2,0.5,71.1,11,0.75,0.25,22.9
85257,31609,84.1,2.7,2.4,3.1,20.7,0.5,47.6,52.4,1036,34359,46365,37.3,5,2.7,2.1,3.4,47.6,88,13.5,9.7,86.5,8.4,84.2,12.3,10.3,7.5,5.7,5,6.4,3.7,6.4,6.9,4.9,22.6,20.9,4.9,17.7,3.9,3.3,8.9,2.5,3.2,93.4,35.9,0.57,0.43,3.8
85258,24549,91.3,3.9,1.6,0.2,6.2,0,53.5,46.5,1336,54807,76199,54.6,3.3,4.3,1.5,2.4,26.7,87.6,13.1,4.4,86.9,3.4,85.2,6.1,4.4,4.7,5.6,6.5,8.4,4,5.9,8.2,9.1,41.1,38.2,8.3,32.1,9.8,7.1,14,3.6,3.3,98.2,60.2,0.71,0.29,2.8
85259,23043,86.5,7.8,1.3,0.5,6.5,0,53.5,46.5,1559,51426,77566,48.3,3.2,5.9,5.3,7.3,31.2,84.7,19.1,6.1,80.9,4.1,78.5,6,3.7,4.7,5.5,7.7,10.6,4.7,10.5,10.3,7.2,26.4,23.5,7.6,19.2,4.8,3.7,6.9,1.7,1.5,98.5,62.6,0.77,0.23,4.3
85260,38337,89.8,5.3,1.7,0.3,6.4,0,51.8,48.2,1460,50768,69686,45.8,5,5,4.1,5.2,33.3,83.4,19.4,5.5,80.6,4.4,78.3,4.6,6.4,5.9,6.8,7.1,10.3,5.3,7.7,8.4,6.8,28.2,25.4,6.1,21.4,5.5,3.4,9.8,2.7,3.6,97.1,57.2,0.59,0.41,4.3
85262,10815,92.2,4,1.6,0.4,2.2,0,50.2,49.8,2238,59430,86618,59.6,3.3,2.5,1.5,2.2,15.3,90.7,10.4,3.9,89.6,3.2,88.6,1.6,1.3,3.1,3.9,7.5,5.7,3.2,9.1,10.1,13.7,49,43.1,16.3,35.3,10,5.9,8.9,1.6,1.4,97.8,60,0.9,0.1,6
85263,2531,98.7,0,0,0.6,1.4,0,49.4,50.6,1127,42052,51348,70.1,0.8,0,0,0,3.4,98.4,1.6,0,98.4,0,98.4,0.7,0,2.6,0,1.3,0.8,0.8,1.9,7.8,13.2,84,81.7,20.6,70.8,22.3,13.3,27.9,8.2,6.5,97.1,53.1,0.95,0.05,0
85264,1315,21.4,2.4,0.7,66.7,10.8,0,50.6,49.4,550,29821,38452,37.8,6.4,9.7,7.5,10.3,34.1,75.7,30,4.8,70,2.1,66.7,6.3,7.1,3.3,4.9,4.9,16,6.4,6.2,8.5,4.6,24,21.6,10.5,19.4,6.2,2,2.7,0.4,0.3,81.7,11.4,0.81,0.19,11.9
85266,12519,92.1,3.8,1.2,0.2,3.2,0,50.5,49.5,1959,60558,93071,58.2,2,5.6,2.8,4.3,16.9,88.4,13.6,3.4,86.4,1.8,84.2,1.5,1.5,3.6,4.2,4.9,8.8,3.2,8.7,11.4,11.5,47.4,42.4,11.9,35.9,9.6,6.8,14.4,5,2.6,97.1,62.2,0.94,0.06,3.2
85268,24288,95.7,2.4,0.5,0.3,4.5,0,53.9,46.1,1189,42873,64821,57.5,2.2,4.3,3.4,4.9,21.1,88.7,13.2,2.9,86.8,1.5,85.2,2.3,1.9,4.1,6.4,5.9,7.6,3.2,8.7,9.4,10.3,45.1,41.2,12.7,34.8,9.4,5.8,12.7,4.1,2.8,97.3,49,0.79,0.21,6
85281,62626,65.4,11.3,6.2,2.8,22.6,0.3,45,55,983,17696,36085,24.2,2.5,2.8,1.3,16.8,75.5,92.1,9,44.1,91,28.7,68,14.7,7.7,4.5,3.2,3.6,5.1,2.4,2.7,2.4,3,8.1,6.8,2.1,5.1,1,0.9,2,0.6,0.6,87.6,38.5,0.21,0.79,6.6
85282,52799,71.6,3.9,6.6,2.2,23.4,0.4,46.8,53.2,1010,30162,39693,31.6,6,4.3,3.3,6.4,52.1,83.7,18,17.2,82,14.1,76.2,11.3,9.4,5.6,5.3,5.6,8.7,4.4,5.1,4.6,4.8,18,15.7,4.2,13.2,3.1,2,5.9,1.5,2.4,93,39.8,0.43,0.57,5.7
85283,50536,60.1,6.6,7.7,7.2,30.9,0.5,49.9,50.1,1072,31479,40741,32.2,5.7,5.3,3.3,5.9,50.1,81.5,20.6,13.3,79.4,10.8,75,11.7,8.9,6.5,6.4,5.4,11.7,6.3,6,5.5,5.4,15.7,13.5,3.8,10.3,2.7,1.6,3.8,1.4,0.8,90.3,39.3,0.46,0.54,5.5
85284,18592,78.5,8.9,3,0.9,12.3,0.5,50.9,49.1,1664,53542,77991,43.3,4.5,6.8,5.3,8,35,81.2,22.3,6.6,77.7,3.9,74,4.8,5,6.8,6.4,7.9,12.5,5.7,9.6,8.9,7.3,21.7,18.9,7,14.5,3.7,1.9,3.7,0.9,0.9,96.8,64.7,0.83,0.17,3.4
85286,41807,73.7,15.5,4.7,0.2,17.7,0,50.2,49.8,1555,47243,64358,34,8,8.1,4.8,6.9,43.3,72.4,30.5,7.2,69.5,5.2,66.4,6.1,8.1,9,8,8.2,17.6,9.5,6.2,5.3,4.1,11.5,9.7,3,7.4,1.6,1.3,2.8,0.4,1.1,94.3,52.8,0.66,0.34,3.9
85295,43525,82.4,6,3.5,1.2,17.3,0.4,49.9,50.1,1497,44965,60069,31.6,8.7,9.4,5.9,8.1,46.9,71.4,32.6,8,67.4,5.7,64.2,7,9.3,8,8.8,7.1,18,8.6,5.9,3.6,3.5,9.8,8.2,2.4,6.3,1.8,0.8,2.1,0.8,0.5,95.9,45.4,0.63,0.37,4.2
85296,42506,85.9,4.3,3.3,0.4,14.4,0.1,50.1,49.9,1452,44100,56472,33.4,8.4,8.9,5.5,7.9,43.4,72.2,31.1,6.8,68.9,4.4,65.6,6.1,8.8,8.1,8.1,6.8,17.3,8.4,7,5.4,4.1,11.8,9.9,2.9,7.6,2,1.3,2.8,0.9,0.6,96.5,40.7,0.77,0.23,3.5
85297,32890,83.2,6.7,3.8,0.5,17.5,0.1,51.6,48.4,1618,48558,65702,31,9.8,10.9,5.4,8.3,44.1,66.6,36.6,7.2,63.4,4.3,58.9,4.9,8.3,9.5,8.8,7.8,21.4,10.5,4.9,3.6,3.4,8.4,6.8,2.3,5.1,1.2,0.3,1.5,0.9,0.3,96,48,0.73,0.27,4.8
85298,29113,85.3,7,2.7,0.6,10.3,0.1,50.9,49.1,1794,50883,67543,36.7,8.6,9.2,5.2,7.3,36.3,71.3,31.9,4.7,68.1,2.6,65,3.8,6.6,7.3,8.6,8.4,18.1,8.9,5.8,4.8,3.9,18,16.6,4.8,14.2,5.1,2.5,4.3,0.9,0.8,97,47.7,0.89,0.11,5.6
85301,67526,76,2.1,9.4,1.9,61.4,0.1,50.2,49.8,745,21531,28750,29.4,10.2,7.8,4.9,8,42.9,70.3,32.9,10.2,67.1,7,62.4,7.8,7.3,6.5,6.3,6.4,17.8,10,5.6,4.8,4.1,12.3,10.6,2.9,8.2,2.1,1.6,3.3,0.8,0.9,67.6,7.8,0.35,0.65,9.5
85302,39647,77.7,3.3,5.8,3,34.7,0.1,49.6,50.4,929,29604,35858,35.4,7.2,6.5,4,6.6,41.4,78.9,24.2,9.6,75.8,7,71.6,9,6.6,6.9,5.2,7.1,13,6.5,7.1,7,4.8,17.2,15,3.9,12.5,2.6,2,5.9,1.7,2.2,84.7,18.5,0.54,0.46,4.9
85303,31835,69.3,5.8,8.5,1.3,52.7,0.6,51.7,48.3,1046,27994,35965,30.5,7.7,8.4,6.2,9.5,45.9,74.1,30.3,10.3,69.7,7,65.3,8.5,7.1,6.2,7.5,5.8,16.4,8,6.5,5.8,4.4,11.8,10.3,3,7.4,1.8,1.7,2.5,0.4,0.4,78.3,12.8,0.59,0.41,6.7
85304,27365,80.1,6.1,2.9,1.7,21.9,0,52.8,47.2,1085,31146,42191,40.2,4.6,7.6,3.5,6.2,40,81.3,21,10,79,7.3,74.7,7,6.8,4.8,8,6.6,13,5.4,8,6.2,6.8,21.7,19.5,5.8,14.8,3.1,2.9,6,1.6,1.5,91.9,24.9,0.71,0.29,6
85305,12073,72.9,7,8.3,1.9,34.8,0.1,48.2,51.8,1204,36740,44943,34.4,6.5,6.1,5.1,9.3,47.9,81,22.7,12.9,77.3,8.6,71.6,7.2,8.6,8.2,6,7.3,11.1,5,8.3,4.6,7.1,14.2,11.2,2.5,7.1,3,0.7,1.6,0.6,0.4,88.4,26.7,0.54,0.46,3.6
85306,24503,87.4,2.3,2.9,1,17,0.5,51.8,48.2,1097,31215,42440,37.8,6.9,5.8,4.4,7.7,41.4,81.5,21.5,11.1,78.5,7.8,73.9,8.3,6.4,5.5,5.7,6.5,10.2,4.4,7.4,8.3,5.8,19.4,17.1,4.8,13.7,3.4,1.7,5.5,1.5,2.3,91.2,21.5,0.59,0.41,5.8
85307,9376,64.8,6.6,11.2,0.3,33.4,0.1,50.4,49.6,1051,30325,38061,31,8.7,7.1,4.1,6.9,45.3,75.2,28.2,9,71.8,6.2,68.2,10.9,8.3,7.4,5.6,6.6,15.4,8.3,4.3,3.8,6.8,15.9,14.2,4.6,9.1,2.2,1.3,2.3,0.4,0.6,90.6,19.1,0.42,0.58,4.9
85308,66295,85.9,5.1,2.3,0.7,14.1,0.2,51.5,48.5,1237,38956,51693,39.8,5.1,6,4.6,7.3,40.4,82.3,20.5,9.4,79.5,6.7,75.8,8.2,6.5,5.6,6.2,6.2,10.8,4.8,8.3,7.9,7.4,21.2,18.1,6.1,13.9,3.1,1.9,4.7,1.3,1.5,93.9,35.3,0.68,0.32,5.6
85310,19252,90,3.7,1.3,0.7,10.8,0,50.2,49.8,1421,45826,58345,40.7,4,7.6,4.3,8.9,37.5,80.8,22.6,10.8,77.4,6.3,71.3,5.5,6.1,4.5,6.3,8.1,14.3,6.7,10,8.2,7.2,18,14.7,4.7,10.8,2.2,2.3,3.9,0.8,0.7,94.9,37.9,0.84,0.16,3.6
85321,4776,57.3,2,0,33,34.2,0,49.7,50.3,397,20440,35429,42.8,6.2,3.9,2.2,4.8,30.1,78.2,23.2,9.3,76.8,6.8,72.8,4.2,6.2,4.4,3.8,4.6,14.7,10.9,4.5,5.4,6.9,34.3,32.4,7.8,27.4,7,5,12.6,4.7,2.8,81.8,11,0.66,0.34,29
85322,764,94.2,0.9,0.1,3.1,34.2,0,45.4,54.6,664,24167,35870,36.1,5,6.8,0.9,5.4,41.9,81.4,19.5,17.1,80.5,12.7,74,2.5,8.5,11.1,1.7,4.3,13.6,6.8,8.1,5.6,3.7,21.5,21.5,5.9,17.8,4.8,2.9,7.1,3.7,0.5,79.8,10.3,0.67,0.33,13.5
85323,42225,72.4,2,10.8,1.6,60.7,0.2,50.6,49.4,1050,28899,35727,29.6,8.1,8.4,4.4,7.4,47.1,71.7,31,10.7,69,7.7,64.2,9.1,7.3,7.8,7.7,5.7,18.5,10.1,5.4,4.7,3.8,10.6,9.2,2.5,6.7,1.5,1.4,2.7,0.8,0.5,75.6,12.3,0.51,0.49,6.9
85324,2892,98.3,0,0,0.6,8.4,0,48.5,51.5,594,20327,30350,56.8,1.4,3.5,2.3,3.6,25.8,90.6,11.6,5.8,88.4,4.5,86.6,5.5,2.4,3.6,6.2,3.5,7.9,4.4,6.4,13.5,11.5,41.5,35.3,11.9,30,9.5,2.8,8.6,2,3.8,89.7,10.8,0.82,0.18,7
85325,1087,99.5,0.5,0,0,0,0,47.1,52.9,360,22375,50074,69.1,1.9,4.9,2.9,2.9,7.9,88.9,12.7,0,87.3,0,87.3,0,2.5,2.5,0,0,7.8,2.9,5.2,6.4,9.8,70.7,70.1,11.2,60.8,18.8,22.4,30.8,5,3.5,85.6,13.3,0.97,0.03,0
85326,58276,76.1,1.1,8,1.9,41.1,0.2,45.8,54.2,1094,30212,37603,32.5,6.9,7.4,5.1,8.3,47.3,75.6,27.8,10,72.2,6.9,67.8,8.3,8.5,8.2,7.1,6.5,15.7,8.3,5.9,4.9,4,12.7,11.4,3.2,8.8,2.4,1.8,3.2,0.9,0.5,80.8,12.1,0.65,0.35,6.3
85331,29264,93.1,2.3,0.5,0.4,5.9,0,52.3,47.7,1701,51115,71311,48,4.6,6.8,4.7,6,27.7,81.5,21.8,5.1,78.2,3.8,75.9,3.1,3.3,4.7,6.7,9.2,12.5,5.7,8.1,9.3,8.5,28.5,25.3,7.8,20,4.9,3.4,7.3,1.9,2,97,50.6,0.86,0.14,5.2
85332,1548,96.1,0,0,2.5,7.3,0,47.9,52.1,535,26354,31600,63.8,3.5,4.6,2.9,4.3,20.7,86.2,16.4,4.4,83.6,3,82.2,2.9,6.1,2.1,2.3,2.6,10,5.4,2.1,3.9,9,57.2,53.2,9.6,48.2,21.1,12.5,17.6,1.5,3.6,94.3,16.8,0.88,0.12,6.5
85333,594,63.8,0,0,0.7,56.9,0,39.9,60.1,417,24327,30938,48.8,3,6.4,8.1,11.6,34.7,85,20.2,4.2,79.8,0.7,76.3,8.2,5.6,5.7,2.9,4.2,9.1,2.7,11.3,13.8,6.7,23.9,20.7,5.1,17.2,2.7,5.2,9.4,3.2,1,68.6,9.1,0.7,0.3,4.9
85334,844,91.9,1.1,0,0,35.3,0,44.2,55.8,473,26293,40813,47.1,0,4,3.8,12.8,35.4,93.5,10.3,13.9,89.7,4.9,80.7,1.1,4.6,3,9.1,11.4,6.5,2.5,12.3,9.4,6,25,23.7,8.5,19,5.1,1.4,5.3,2.4,1.5,66.9,9.1,0.65,0.35,14.9
85335,34400,76.1,1.6,8.7,1.2,47.2,0.2,50.2,49.8,1049,30959,37639,29.9,8.7,9.3,5.4,8.2,45.8,71.4,32.2,9.6,67.8,6.7,63.6,8.4,8.7,6.8,6.9,6.2,18.1,8.8,4.9,4.3,3.5,11.9,10.6,3.3,8.4,2.4,1.2,2.7,0.9,0.6,81.3,14.4,0.6,0.4,7
85336,502,67.5,0,0,0,100,0,59.6,40.4,592,18333,25333,37.2,11.8,2.8,4,4,43,79.1,23.1,14.9,76.9,14.9,70.5,2.4,4,9.8,8,2,7.4,4.6,6,7.8,4.6,22.1,22.1,5.4,17.5,8,4.2,4.2,0,0,19,1.3,0.61,0.39,9.7
85337,2611,71.1,0.7,2.5,16.6,59.1,0.7,49.4,50.6,566,27250,30032,31.7,9.7,6.2,4.2,6.1,44.9,71.8,31.4,8.8,68.6,6.9,65.8,7.5,5.5,11.4,7.5,5.2,17.5,11.3,4.3,5.5,3.2,12.8,11.3,4.3,9.6,2.9,1.8,2.4,0.2,0.4,63.1,12.6,0.47,0.53,8
85338,47588,75.2,3.2,9.6,1.1,33.7,0.2,50.9,49.1,1314,35447,42289,33.9,8,9,4.9,6.9,41.5,74.1,29.4,7.9,70.6,5.9,67.8,7.1,6.9,7.8,6.9,7.1,16.5,7.5,5.7,5.4,6.2,15.9,13.2,3.9,9.7,2.9,1.5,2.9,0.9,0.6,90.6,25.1,0.71,0.29,3.7
85339,45040,49.8,6.2,17.8,7.4,40.4,0.4,51.2,48.8,1332,36308,46000,30.2,9.8,9,5.3,7.9,44.7,69.5,33.8,8.5,66.2,5.9,62.2,7.2,8.7,7.7,7.3,6.6,18.7,9.7,5.1,5.2,3.8,10,8.2,2.8,6.2,1.5,1,1.9,0.5,0.4,84.4,25.9,0.69,0.31,9.3
85340,32436,79,4.7,7.3,2,24.4,0.1,50.8,49.2,1407,41095,51422,37.2,5.3,9.4,6.4,8.6,39.5,75,29.4,6.6,70.6,4.5,67.4,4.9,5.9,6.8,8.9,6.9,17.7,8.3,7.6,6.6,5.1,16.5,14.8,4.4,11.4,2.6,1.2,4.3,2,1.2,93.1,33.1,0.75,0.25,4.7
85342,1284,94.1,1.8,0,0,4.4,0,52.7,47.3,632,30815,42381,61,4.8,1.3,1.6,3.9,13.1,90.3,10.8,4,89.2,1.7,86.1,1.7,2.5,1.9,1.4,5.5,4.4,3.1,8.3,10.7,14.7,53.1,46,14.4,38.4,13.2,5.1,10.8,2.6,3.2,88.7,12.7,0.82,0.18,8.5
85344,10537,60.8,0.5,1.7,23.9,33.7,0.4,48.9,51.1,507,22793,32370,40.5,7.5,6.1,3.4,7.4,34.5,79.4,23.5,12.2,76.5,8.2,70.8,4.2,5.8,3.9,5.1,6.7,12.6,6.5,6.4,8.4,6.1,23.8,21.7,4.1,17.7,4.8,4.9,8.8,2.3,1.6,77.3,10.1,0.67,0.33,8.8
85345,56473,80.3,3,4.5,0.7,35.7,0.3,50.9,49.1,988,30443,40077,34.9,7.1,7.6,3.4,6.2,39.3,76.6,25.5,9.7,74.5,6.9,70,7.5,7.4,4.5,6.8,6.6,15,7.4,6.4,6.7,5.7,18.9,16.2,4.7,13.1,3.5,2.4,5,1.2,1.4,85.4,17.1,0.63,0.37,8.4
85347,938,35.2,0,0,1.8,80,1,59.8,40.2,446,23725,35194,32.3,11.2,5.8,3.5,8.2,41.8,68.1,33.4,11.3,66.6,6.6,59.2,3.6,7.9,6.8,8.6,3.8,18.7,12.9,4.4,3.7,2.8,16.4,14.6,3.7,13.6,1,2.7,9,6.3,0,65.9,9.2,0.49,0.51,6
85349,29972,75.5,0,0.1,0.1,99.2,0,49,51,745,16132,26948,27.3,9.8,9.8,5.6,9.1,44,71.5,32.5,13.2,67.5,9.8,62.2,7.3,6.2,5.2,6.4,7.4,17,7.2,6.2,5,4.5,10.6,8.5,2.4,6.1,1.4,0.6,2.3,1,0.7,43.8,7.6,0.71,0.29,15.9
85350,22691,78.7,0.6,1.7,3.4,86.7,0,44.7,55.3,795,21342,28615,28.6,8.9,8.9,5.4,9.8,49.1,72.3,30.8,13.9,69.2,9.5,62.6,6.9,8.5,6.6,7.7,5.4,16.5,7.6,4.2,4.2,4.6,11.7,9.6,1.6,7.1,1.8,1.9,3.6,0.9,0.8,58.1,8.1,0.71,0.29,10.6
85351,28855,95.9,0.9,1.8,0.2,3.2,0,58.7,41.3,521,20414,40625,72.9,0.2,0.2,0,0.2,3.2,99.5,0.5,0.8,99.5,0.6,99.3,0.9,0.4,0.4,0.7,1.6,0.3,0.1,2.8,5.5,10.3,86.4,82.5,15.9,76.1,17.4,15.8,42.8,13.2,13.8,90.3,22.5,0.85,0.15,8.2
85353,39400,76.3,1.1,7.8,1.7,72.1,0.7,51.7,48.3,1147,31253,37210,27.8,9.4,9.8,5.6,8.7,49.2,69.9,33.8,11.1,66.2,8.1,61.6,9.5,9.4,7,6.5,5.5,18.7,8.9,4.9,3.7,3.2,8.5,7,2.3,5.3,1.1,0.8,1.9,0.4,0.7,76.4,14.1,0.62,0.38,5.9
85354,7008,92.7,0.1,0.5,2.1,30.6,0,46.7,53.3,813,30325,38892,35.4,5.9,8.3,5.7,7.6,40.1,74.9,28.7,6.7,71.3,4.8,68.1,7.1,6.8,5.3,8.5,6.6,17.1,8.8,6.7,6.5,4.3,17.1,16.1,5.7,12.8,3.1,2.1,4.1,1.5,0.5,74,9.5,0.74,0.26,15.6
85355,11369,86.3,2.1,5.4,0.1,18.1,0.2,53.7,46.3,1598,40032,52035,35.7,7.1,10.3,3.3,6.5,39.7,75.2,27.3,8.3,72.7,5.1,68.2,6.7,6.6,8.7,6.1,5.6,17,6.7,7.4,8.6,3.9,14.7,13.2,5.9,10.8,2.2,1.6,2.8,0.5,0.7,93.5,27,0.85,0.15,6.5
85356,4997,66.1,0.9,0,0.6,43,0,50.2,49.8,522,27265,37115,53.4,3.2,5.1,3.2,5.5,28.7,84.7,16.8,8.7,83.2,6.4,78.3,4.2,3.8,4.9,3.9,5,10.3,5.2,6.2,5.8,7.1,40.8,40.3,8.4,33.6,9.9,8.9,15.3,5,1.4,75.6,14,0.82,0.18,5.6
85361,5777,94.8,1.8,0.6,0,5.1,0,49.3,50.7,1005,30354,42222,42.4,4,10.5,6.9,7.9,37.1,79.5,26.4,3.8,73.6,2.8,72.1,4.1,4.1,8.3,9.9,5.9,15.6,5.1,7.5,7.7,6.3,22.3,20.4,8.1,16,4.6,2.1,3.3,0.6,0.5,89.7,13.9,0.86,0.14,7.3
85362,669,94.3,0,1.2,0,6,0.7,57.7,42.3,561,14000,25938,64.3,0,1.2,0,0,2.1,95.5,4.5,0,95.5,0,95.5,0.7,0,0,1.3,0.6,4.5,3.3,4.5,22.4,20.2,65.9,60.1,14.2,45.7,17.9,6.7,13.6,4.3,2.5,89.8,15.2,0.81,0.19,11
85363,6625,83.1,0.7,4.5,0.5,29.6,0.3,50.5,49.5,933,26283,37289,35.3,7.2,8.6,3.9,6.3,39.1,76,26.9,6.8,73.1,4.4,69.9,9.2,6.4,8.2,4.6,7.5,15.8,7.2,4.7,3.2,3.9,22.5,21.3,4,18.6,4.8,3,9.8,2.9,3.8,82.4,12.8,0.48,0.52,9
85364,74299,69.6,1.6,2.8,1.4,66.9,0.1,49.6,50.4,824,23858,35539,31.6,7.3,7.5,4.4,7.6,42.8,75.7,27.1,12.4,72.9,9.2,68.2,8,7.1,5.2,5.7,5.7,15.5,8,5.4,5.1,4.4,18.2,16.2,4,13.8,3.1,3.1,6.7,2.3,1.4,71.4,13.7,0.55,0.45,10.9
85365,48973,70.2,2,3.3,0.9,43.4,0.1,47.9,52.1,899,29296,40715,35.6,7.1,6.1,3.8,6.5,39.5,78.4,24.2,12,75.8,9.3,71.4,7.5,5.6,4.8,5.8,4.7,13.4,7.3,5.4,5,4.6,25,23.1,6.1,20.4,5.3,5,9.1,2.3,1.8,82.8,19.5,0.73,0.27,9
85367,21018,86.7,1.6,0.7,1.6,20,0.1,49.8,50.2,557,34829,48736,64.2,4.2,3.1,1.9,2.9,21.1,88.3,13.2,3.8,86.8,2.7,85.2,4.6,4.3,3.1,3.5,3.5,7.1,4,4.5,3.9,7,55.7,52.8,9.8,48.7,13.1,13.2,25.9,7.7,5,88.4,18.1,0.83,0.17,7.5
85373,18714,91.5,2.2,3.7,0.1,6.5,0,54.2,45.8,759,35374,49947,66,4.1,3.7,1.4,2.4,17.8,88.1,13.1,2.6,86.9,1.7,85.6,3.9,4.1,3.1,2.7,3.8,7.5,3.9,3.4,5.3,6.8,58,55.5,10.7,51.2,12.8,10.3,27.7,8,9.5,94.7,25.6,0.85,0.15,3.9
85374,46395,89.5,1.2,4.5,0.5,17.5,0.2,54,46,946,31883,42762,54.7,4.1,4.7,2.6,3.9,27.1,86.1,15.7,5.2,84.3,3.9,81.8,4.7,5,4.5,5,5.3,9,4.3,4.8,5.4,7,44.3,41.5,9.1,37.3,10.4,8.3,17.8,5.5,4.1,90.9,28.7,0.72,0.28,8
85375,28133,96.5,1.3,1.2,0.2,0.8,0,54.2,45.8,543,25050,51493,73.8,0.1,0.2,0.3,0.3,3.5,99,1.2,0.5,98.8,0.5,98.8,0.8,0.8,0.5,0.5,1.1,0.8,0.6,2.3,3.7,9.7,88.5,85.3,15.4,78.8,16.9,16.1,46.4,14.7,15.6,94.7,33.1,0.89,0.11,7
85379,46320,81.1,2.9,7,0.6,20.8,0.2,51.3,48.7,1343,37519,45967,34.6,7.4,9.9,4.5,7.1,42.5,73,30.2,8.7,69.8,6.2,65.9,5.1,6.7,7.8,9.6,7.7,18.2,8.2,5.3,6.1,3.8,12.8,11.3,3.6,9,3,1.4,2.4,0.6,0.4,93,24.1,0.7,0.3,6
85381,24968,86,3.7,3.3,1,13.1,0.2,52.7,47.3,1208,37378,46876,42,4.6,5.9,3.7,6.8,37.8,83.2,18.9,10.2,81.1,7.1,76.6,7,5.4,6.1,5.4,7.8,10.6,4.7,7.6,6.8,6.8,24.8,22.2,5.5,18,3.9,3.2,8.7,1.9,3.6,96.2,28.7,0.66,0.34,6.1
85382,40626,87.7,4.7,2.1,0.5,10.3,0.3,53.8,46.2,1237,40463,53482,42,6.4,6.2,4.5,6.8,35.9,79.8,23.3,6.9,76.7,4.7,73.5,5.1,6.3,5.8,7.2,6.1,12.4,6.2,6.3,6.1,6.1,26.7,23.9,4.6,20.6,4.9,4.3,11.1,3,3.8,95,36,0.68,0.32,5.3
85383,46118,86.7,4.7,2.4,1,9.7,0.1,51.1,48.9,1754,51097,69160,38.3,7.1,9.2,5,7,36.8,73.7,29.3,7,70.7,4.9,67.6,3.9,5.7,6.1,9.2,7.2,17.3,8.1,7.8,7.1,5.8,16.8,14.5,4.8,11,3,1.7,3.2,0.8,0.7,97.2,45,0.89,0.11,3.8
85387,10829,89.8,1.2,3.8,0,17.6,0,50.6,49.4,854,36698,47126,64.7,3.5,2.6,0.3,0.7,19.5,91.9,8.4,2.5,91.6,2.1,90.5,7.4,3.9,3.1,2.2,3.6,4.6,2.1,6,4.9,8.4,57.9,54.8,17.4,49.5,17.1,8.1,14.9,4.5,2.3,92.7,32.8,0.87,0.13,10.5
85388,28442,80.5,3,7.3,0.2,18.7,0.1,51.3,48.7,1347,38979,47690,34.6,7.2,10.7,4.9,8.2,41.6,71.3,32.4,7.3,67.6,4,63.8,4.4,6.6,9.8,8.6,7.1,20.3,9.6,5.3,4.2,3.9,14.3,12.7,4.6,10.3,2.7,1.7,3,1,0.4,93,25.9,0.76,0.24,5
85390,8924,95.6,0.1,0.2,2.1,15.4,0.1,55.2,44.8,686,22187,38525,56.8,2.9,5.6,2.5,4.2,22.6,85.7,16.5,3.8,83.5,2.1,80.9,5.1,5.5,1.9,3.9,4.2,11,5.4,4.7,8.1,9.2,46.4,42,9.8,37.2,10.4,7.1,17,6.3,3.6,88.6,24.5,0.77,0.23,1.5
85392,37710,70.7,5,10.7,1.5,39.3,0.2,51.2,48.8,1180,33754,41493,33.2,7.2,7.4,5,7.5,46.1,76.6,26.6,10.6,73.4,8.1,68.9,8.1,7.7,7.3,7.4,7.4,14.4,7,6.7,5.3,4.6,12.9,11,3.5,8.3,2.5,0.9,2.3,0.8,0.6,87.6,24,0.57,0.43,5.1
85395,28364,75.8,7.2,7.1,1.8,18.6,0.4,56.7,43.3,1352,42220,56093,43.6,4.4,6.9,2.9,5,36.1,83.7,18.4,7.1,81.6,4.9,78.3,5,6.9,7.9,6.4,6.7,11.2,4.3,5.6,6.6,6.3,29.5,27.7,7.8,23.2,7.8,4.2,7.5,2.2,1.2,91.9,36,0.78,0.22,4.6
85396,17759,86.1,2.4,4.7,0.5,22,0.2,49.4,50.6,1360,42166,55960,40.1,6.7,9.4,4.7,6.5,31.2,73.1,30.4,4.2,69.6,2.3,66.9,4.3,4.6,6.2,7.3,7.2,19.1,9.7,6.1,5.5,7.4,24.2,21.2,8.3,16.8,4.6,2.3,4,0.8,0.8,91,30,0.83,0.17,6.1
85501,12657,89.3,0.9,1.1,2.7,35.4,0,48.9,51.1,669,24911,43023,43.7,5.8,6.8,3.5,5.3,35.5,81.7,20.5,8.7,79.5,6.9,76.3,7,5.1,4.1,7,5.4,11.2,4.5,4.3,7.2,7.4,30.7,27.5,7.7,23.3,5.8,4.6,9.7,3,2.1,80.9,15.3,0.69,0.31,9
85530,1942,2.9,0,0,92.5,7.8,0,52.6,47.4,229,19167,28200,25.8,14.2,6,4.4,8.3,41.9,69.1,33.6,14,66.4,10.1,60.3,9,6.1,4.7,3.7,5.3,15,9,5,6.5,3.5,12.1,11,3.2,8.7,1.8,3.3,3.7,0,0.4,73,3.8,0.72,0.28,43.2
85533,3141,90.2,0.2,2.3,4,57.4,0,45.1,54.9,362,31940,43281,32.4,8.9,9.1,2.6,5.6,37.2,72.1,28.9,9.6,71.1,6.5,66.9,7.3,7.3,7.1,3.4,4,17.5,8.3,4.8,6.2,5,21.3,19,3.9,16.3,2.5,3.2,10,5.5,1.3,86.6,8.2,0.64,0.36,9.9
85534,2761,98.7,0,0.3,0.1,32.3,0,48.6,51.4,462,28142,35938,42.5,6,7.1,6.7,9.8,36.9,79.1,25.4,10.2,74.6,7.1,70.5,4.1,2.9,4.3,8.6,5.6,12.7,5.6,7.8,6.2,8.1,24.8,21,3.6,16.7,4.5,4.9,8.6,2,1.8,87.8,15.3,0.82,0.18,8.7
85536,577,99,0,0,0,6.1,0,55.8,44.2,806,35395,50486,31.5,13,16.1,5.4,5.4,35.7,61,40.2,5.7,59.8,5.7,58.8,1.6,5.4,13.7,4,0,21.8,5.7,14.9,0,7.5,14.6,11.8,1.9,7.1,1.7,1.6,3.5,1.9,0,93.9,19.6,0.91,0.09,5.6
85539,5109,86.6,2.3,0,0.5,52.4,0,50.1,49.9,506,25525,35595,43,7.2,7.7,3.5,4.3,28,75.7,26.8,4.9,73.2,4,72,7.7,6.3,3,2.7,7,16.1,8.4,7.3,7,5.9,27.3,25.4,6.7,21.5,5.9,3.7,8.9,3.2,2,72.1,11.1,0.73,0.27,13.5
85540,3415,85.6,0.8,3.3,7.3,48.4,0,46.3,53.7,409,47111,57569,30.6,7.2,8.6,6.1,8.6,50.2,73.5,30.1,9,69.9,6.6,65.9,9.6,10.9,6.4,8.2,6.8,16.8,8.2,6.7,5.5,4,6.9,4.9,1.4,2.8,1,0.5,0.5,0,0,94.2,13,0,1,5.6
85541,21546,92.1,0.5,0.6,2.8,6.9,0,53,47,773,26855,37440,56.1,4,4.4,2.6,4.3,22.6,86.6,14.9,5.4,85.1,3.7,82.6,3.1,3.9,3.2,4.3,5,8.3,3.9,8.1,8.4,9.9,43.5,38.9,9.9,33.6,8.8,6.3,14.8,5.1,3.3,91.1,24.8,0.74,0.26,6.5
85542,3440,1.4,0,0,91.6,9.8,0,54.5,45.5,299,18606,31192,23.7,12.6,11.1,8.3,12.8,45,66,39.9,13.3,60.1,8.8,54.4,6.8,5.3,6.2,5.1,4.8,19,7.9,3.4,4.4,4.1,10.6,9.1,2.4,6.6,1.3,1.5,2.9,0.7,0.7,67.1,3,0.53,0.47,34.5
85543,3644,92.1,0.1,0,1.7,31.8,0.2,50.2,49.8,836,27266,44512,34.2,7.9,12.3,3.2,4.3,34.4,69.6,32.4,5.9,67.6,4.8,65.4,5.4,8,6.3,5.7,4.7,21.2,9,3.9,4.7,8.2,23.1,20.5,4.5,14.9,3.9,2.1,6.5,2.6,1.7,86.4,21.6,0.79,0.21,8.3
85544,2305,96.8,0,0,3.2,4.3,0,45.5,54.5,786,31910,46390,64.8,0,2,3.9,3.9,13.7,93,9.2,1.3,90.8,1.3,90.8,0.7,1.1,4.4,2.3,6,5.3,3.3,2.7,7.1,15.6,65.1,55.8,17.3,49.5,16.1,8.9,16.1,4.3,2.9,94.2,34,0.91,0.09,11.6
85546,20594,88.8,1,3.2,2.3,39.7,0.2,44.1,55.9,783,27448,39150,35.4,6.2,7,4.7,6.6,42.8,78.3,25.1,7.9,74.9,6,71.9,9.1,7.4,6.9,6.8,6.9,14.2,7.2,5.6,5.2,5.6,19.3,17.1,3.7,13.7,3.8,2.7,6.2,1.9,1.5,87.1,12.3,0.68,0.32,9.7
85550,5227,1.8,2.6,0,88.5,5.1,0,49.8,50.2,279,25914,37873,25.3,12,8.8,3.7,6.8,40.1,65.4,37.3,12.3,62.7,9.2,58.1,6.8,7,5.9,4.4,6.5,21.6,12.8,5.1,6,2,8.8,7.8,2.4,6.7,2.2,0.8,2.1,1.2,0,70.1,6.7,0.54,0.46,31.2
85551,424,97.4,0,0.5,0,79.2,0,48.3,51.7,432,20662,23807,40.4,4.5,4,2.4,7.5,40.6,87,15.3,13.4,84.7,8.3,79.5,3.1,12,5.2,4.5,5,8.5,4.5,7.8,7.8,7.1,25.9,22.6,2.6,18.9,4,2.6,12.3,3.1,6.6,84.1,11.6,0.96,0.04,7.6
85552,6556,92.4,0.9,0.5,2,25.9,0.1,49.2,50.8,805,26678,45321,29,7.6,6,5.1,11.6,45.7,76,27.4,19.9,72.6,13.4,61.8,3.8,6.1,6.5,4.3,4.7,14.7,8.7,5.4,3.4,4.6,18.5,16.4,5.9,13.9,3.3,1.9,4.7,1.3,1.5,91.7,22.8,0.63,0.37,4.8
85553,1683,98.5,0,1.4,0,0.2,0,45.4,54.6,437,23870,24759,64.4,1.1,3.5,1.1,1.1,11.8,92.1,9,1,91,1,91,3.9,1.7,2,2.1,2.4,6.8,3.3,4.8,14,14.5,59,56.6,21.6,44.5,14.2,1.9,8.7,3.7,3.1,93.3,15.9,0.85,0.15,10.1
85554,493,94.5,0,0,1.6,4.9,0,40.4,59.6,508,30000,48125,61.8,2.2,0.6,4.3,7.9,15.4,92.5,8.7,4.7,91.3,1,86.6,0,0,2.2,4.3,0,2.2,1.6,11,18.3,5.3,50.9,49.7,13.8,45.6,6.1,5.7,25.8,7.1,13,97.9,19.7,0.81,0.19,18.6
85602,9016,92.9,0.2,0.7,1.6,19.7,1.5,49.3,50.7,600,27822,42624,52.7,3.2,6,4.8,6.6,28.1,84.8,18.2,5.3,81.8,3.5,78.8,3.8,4.6,5.5,4.1,3.7,10.2,4.2,6.9,4.9,8.7,43,38,8.9,34.3,8.9,7.6,16.5,3.4,5.5,89.8,19.2,0.71,0.29,8.6
85603,6775,89.2,0.4,0.8,0.5,34.5,0,51.3,48.7,637,26708,35457,53.6,2.8,5.3,3.2,3.8,24.8,83.5,18.7,4.5,81.3,3.8,80.1,3.5,4.6,4.2,4.9,5.1,12.7,7.4,6.7,9.6,10.2,38.4,32.6,10.5,28.2,6.6,4.7,11.1,3.1,3.3,86,28.3,0.7,0.3,3.9
85605,468,79.5,0,0,0,48.9,0,51.9,48.1,259,19293,28942,58.9,5.1,1.5,4.7,6.8,30.8,92.3,12.4,8.1,87.6,6,85,5.3,4.9,1.1,6.6,1.1,2.6,1.1,5.1,9.2,9.4,46.2,42.9,5.8,36.8,10.9,8.3,20.1,7.3,4.5,65.1,15.3,0.63,0.37,10.6
85606,1183,92.5,0,0,0,13.4,0,50,50,525,28603,45795,58.3,5.9,1.4,0.4,0.4,14.2,86.9,13.5,2,86.5,2,86.1,1.3,4.2,3.4,2.9,3.1,7.2,5.8,11.3,10.3,13.5,47.9,41.2,12.5,34.4,13.9,3.4,7.9,2.6,1.9,86.6,16.9,0.89,0.11,9.3
85607,14428,84.7,1.1,1.5,0.5,83.7,0,53.8,46.2,539,15723,30092,31,7.7,8,5.5,9.7,41.2,74.1,29.2,11.9,70.8,7.8,64.9,7.1,7.1,5.6,3.9,5.8,16,8,5,4.8,6.3,19.6,17.9,4,13.3,4,1.9,5.3,1.6,1.8,70.6,15.2,0.68,0.32,13.1
85610,874,91.2,0.5,1.1,1.7,25.3,0,43.4,56.6,399,26842,41161,60.2,2.7,3.9,2.4,2.4,20.3,91.4,10.8,9.5,89.2,9.5,88.7,1.5,0,4.9,1.9,2.4,5.6,1.7,8,10.3,12.5,50.7,45,9.6,38.2,7.4,11.7,21.2,5.3,4.2,83.4,11.9,0.83,0.17,7.9
85613,5509,74.9,5,9.9,2.4,14.8,0.8,38.1,61.9,1239,25201,30840,22.6,12.6,3.2,1.9,13.2,71.8,74.3,26.6,31.8,73.4,20.5,56.1,17,7.2,8.6,5.3,2,12.1,9,1.2,0.2,0,0.1,0.1,0,0.1,0,0.1,0.1,0,0,99.1,33.5,0.01,0.99,9.5
85614,23229,96.2,0.6,0.6,0.4,13.3,0,53.5,46.5,644,30000,43557,69.7,1.9,2.2,0.9,1.5,10.6,93.1,7.4,2.1,92.6,1.5,91.9,1.8,2.8,1.7,1.4,1.3,4.6,2.4,2.9,5.1,8.3,73.5,71,16.2,65.2,16,14.6,33,9.8,8.6,95.9,40.7,0.79,0.21,6.3
85615,9929,95.7,0.2,0.7,0.4,23.2,0,52.7,47.3,938,31654,50398,48.9,8.2,3.7,4.6,6.1,29.2,83,20.7,6.4,79.3,4.8,76,4.5,5.2,3.5,5,7.1,7.9,4.2,6.7,7.4,11.7,33.5,30.6,12.6,21.8,2.2,4,7,1.8,1.1,92.4,29.8,0.86,0.14,7
85616,5374,77.2,2,4.4,2.8,21,0.1,55.2,44.8,741,25548,41781,44.9,4.9,5.8,3,3.6,31.6,80.2,21.4,7.5,78.6,6.8,76.6,7.5,4.4,4.8,4.4,6.2,13.5,7.7,8.2,6.5,10.6,29,24.5,8.4,18.4,4.3,2.9,5.7,2.3,0.5,88.6,17.5,0.68,0.32,6.5
85617,1293,88.1,0.5,1.9,0.9,17.6,0,47.6,52.4,442,31217,41484,55.6,7.2,9.1,3.4,5.3,18.9,79.1,23.3,2.9,76.7,0.9,74.8,1.9,3.6,2.5,4.7,3.9,12.7,3.6,5.6,10.1,10.1,41.7,36,11.4,31.6,10.7,3.6,9.5,1.5,4.5,86.6,18.1,0.76,0.24,9.3
85618,1781,75.2,0,0,3.9,65.7,0,43.3,56.7,393,21597,32375,43.7,6.1,7.6,4.5,4.8,28.1,76.5,28,4.4,72,4.2,70.9,5.7,5.6,3.1,4.8,3.3,17.3,9.7,9,11.2,4.7,24.9,21.6,4.3,20.3,3.2,4.8,12.8,4.1,3.9,70.6,3.2,0.74,0.26,10
85620,670,76,0.7,0,0,87.3,0,63,37,520,25000,28542,42,6.1,7.5,11.9,11.9,29.7,71.8,34.9,8.5,65.1,8.5,65.1,1.6,2.7,1.5,3.4,1.5,16.9,9.4,12.2,4,10,29.6,25.1,10.9,19.6,5.8,2.4,2.8,0.4,0,71.2,10.3,0.68,0.32,0
85621,22290,85.7,1.2,0.8,0.4,93,0,52.3,47.7,614,21792,30324,34.1,7.2,8.4,5.3,9,36.8,74.1,29.9,11,70.1,7.3,64.9,4.9,4.8,4.9,5.8,5.9,17.3,8.9,6.4,4.7,5.4,21.7,19,5,16.2,4.5,2.9,6.7,2.1,1.8,65,14.5,0.53,0.47,11.4
85622,6330,98.7,0.6,0,0.1,2.4,0,53.6,46.4,511,18036,48750,71.8,0.2,0,0,0.1,1.2,99.7,0.3,0.4,99.7,0.3,99.7,0.5,0.3,0,0,0.3,0,0,1.1,6.4,12.3,90.8,87.7,21.6,78.5,20,18.8,36.9,11.3,6.8,97.3,51.9,0.9,0.1,4.7
85623,4980,91.2,0,0,0.3,31,0,49.4,50.6,542,24195,35800,59.3,2.5,4.7,6.9,8.6,26.6,84.8,19.2,3.2,80.8,1.6,79.2,4.2,6.2,3.5,2.6,4,9.7,5,3.1,5.6,10.8,48.4,44.7,10.8,37.6,10.5,7.5,16.3,4.5,4.3,86.4,25.2,0.81,0.19,10.7
85624,1390,89.9,0.3,0,0,30.2,0,46.2,53.8,477,18750,39318,51.9,4.7,4.2,1.5,3.2,25.9,82.8,18.2,6.8,81.8,5.1,78.6,4.7,2.9,4.2,5.8,4.7,11.9,7.7,4.7,8.2,9.2,39.8,36.1,11.4,30.6,4.1,4,15.1,6.2,4.9,90.5,39.9,0.72,0.28,4.4
85625,2053,85.4,0,0,6,28.2,0,52.6,47.4,573,21902,36635,59.1,1.7,3.9,5,5,18.7,83.8,18.2,1.9,81.8,1.9,81.5,3.7,2.4,2,3.6,5.3,11.5,7.6,6.4,8.1,9.3,48.4,45.7,14.8,39.1,8.4,8.1,15.9,5.6,2.2,91.8,22.1,0.89,0.11,9.2
85626,1172,64.2,0,0,1.7,92.3,0,46.2,53.8,382,13400,37471,32.9,7.3,6.9,8.5,14.3,39.4,80.1,26.5,12.8,73.5,7,67.7,7.3,3.8,0,7.1,6.4,10.6,3.7,8.2,10.7,6,17.4,11.4,3.1,11.4,3.3,3.9,5,1.1,0,60.1,0,0.78,0.22,19.9
85627,1187,99.6,0,0,0,9.7,0,49.3,50.7,954,26053,31310,44.2,8.4,6.3,5.1,7.4,32,76.7,28.4,6.3,71.6,4,67.4,4.2,3.5,3.5,9.3,5.9,14.8,8.5,5.8,6.5,9.9,26.5,23.4,7.3,16.7,3.5,3.1,5.9,1.6,1.2,93.7,21.8,0.78,0.22,2
85629,25500,87.6,2.4,3.4,0.2,37.8,0.1,53.2,46.8,1261,40333,49075,34.1,8.4,9.1,4.7,6.6,40.3,70.4,32.6,5.9,67.4,4.1,64.4,5.4,7.3,10,7,5.9,19.4,10.3,5.6,4.6,4.5,15.7,13.7,3.9,11.2,3.3,2.1,4,1.1,0.8,93.2,32.3,0.82,0.18,3.3
85630,2418,99.6,0,0,0,12,0,47.2,52.8,604,23564,40469,50.1,7.7,9.4,3.4,4.4,25,77.3,25.5,4.6,74.5,3.6,71.8,5.9,4.2,2.9,3.9,2.8,14.4,5,4.1,10,10.6,36,31,7.9,25.4,8.5,4.5,9.1,4.6,0,94.9,27.1,0.91,0.09,5.9
85631,3719,93.7,0,0,0,56,0,54.2,45.8,606,28370,36165,46.8,4.7,7.9,5.7,7.5,27.1,79,26,4.3,74,2.5,71.8,3.9,4.2,4.7,4.3,6.7,15.6,7.7,8.7,6.4,7.7,30.8,26.8,6.5,23.1,6.4,2.6,10.1,4.2,3.3,82.1,13.9,0.72,0.28,16.9
85632,759,91.4,0.5,1.3,1.7,23.5,0,52.7,47.3,413,21100,40938,53.7,4.3,4,2.6,7.1,23.7,86.8,14,10.3,86,5.8,80.6,1.1,4.1,3.6,2.1,10.8,7,3,6.7,6.6,10,40.8,37,12.8,30.8,10,3.2,8,2.1,2.8,90.4,30.8,0.81,0.19,1.6
85634,6409,3.3,0.6,0.3,95.2,2,0,54.1,45.9,325,26699,35379,27.3,7.8,8.3,6.9,10.2,45,72.1,32.5,14.1,67.5,10.9,61.6,6.1,4.6,6.5,6.7,4.2,17.7,9.4,5.9,5,4.7,14.4,12.4,4.4,9.7,2.8,1.5,2.5,0.7,0.4,81.6,6.8,0.63,0.37,29.5
85635,33574,76.9,3.5,6.8,1.3,29.1,0.8,53.5,46.5,888,32068,44983,37.1,7.1,7,3.9,6.1,37.1,76.8,25.4,7.5,74.6,5.2,71.8,7.3,7.7,5.4,5.4,5.9,14.5,7.5,5,6.1,6,24.3,22,5,18.3,4.5,3.6,8.8,3,2.2,91.1,27.3,0.54,0.46,7
85637,1313,98.5,0.8,0.2,0.5,10.1,0,54.2,45.8,1026,35820,49712,58.2,2.5,5.4,7.2,9.6,25.7,87.4,17.3,4,82.7,1.6,80.3,0.3,2.6,5,6.6,4.7,7.6,2.2,7.5,3.8,9.4,48.2,45.3,11.2,38.8,8.7,10.6,18.9,5.5,2.8,94.9,47.8,0.91,0.09,5.1
85638,1991,92,0,0,0.6,22.7,0,51.6,48.4,524,20703,36050,57.3,5,4.4,1.5,2.8,21.9,85.8,15.1,6.1,84.9,4.7,81.9,2.3,1.6,5.1,5.4,4.4,8.6,4.2,6.1,7.3,10,46.7,44,12.4,36.7,13.5,7.9,10.8,1.8,1.1,93.7,16.4,0.75,0.25,6.3
85641,25657,88.5,1.5,2.9,0.5,20.2,0.1,48.5,51.5,1330,44149,58510,37,8.1,9,4.9,6.6,36.7,73.4,29.9,6.3,70.1,4.5,67.1,4.4,6.5,7.7,6.8,7.9,16.9,7.9,6.7,6.2,5.2,17.5,15.7,6.4,12.3,2.5,1.2,3.4,1.4,0.8,94.3,36.4,0.88,0.12,5.5
85643,8239,87.4,0.3,1.3,0.9,53.6,0.3,47.3,52.7,644,24424,35685,36.5,6.3,7.5,3.8,5.9,38.1,78.1,24,10,76,7.9,71.8,5.5,8.5,6.7,3.6,5,13.9,6.4,6.9,5.4,6.3,24.5,22.1,6.1,18.2,5.8,3.2,6.3,2.3,0.8,79.8,12.9,0.67,0.33,8.1
85645,2235,82.5,0.2,0,0,56.6,0,58.1,41.9,642,20319,33750,41.9,3.8,12.1,0.3,1.6,31.2,78,22.3,13.3,77.7,11.9,71.9,3.4,4.5,3.9,5.8,7.3,18.2,6.1,5,6.4,8.5,28.2,24.8,8.9,19.6,6,3.5,4.8,0.3,1,77.2,15.3,0.84,0.16,17.5
85648,18992,84.8,0.6,0.2,0.3,88.3,0,52.5,47.5,899,27549,37438,33.3,8,7.3,5.5,8.4,40.5,74.4,29.8,9.7,70.2,6.8,66.6,6.6,6.3,6.5,5.9,6.3,16.3,9,6.4,6.6,5.3,16,13,4.5,10.7,2.2,2,4,1,1,80.5,22,0.79,0.21,6.7
85650,15136,88,3.4,2.4,0.2,19.6,0,52.7,47.3,986,38308,53788,51.2,4.7,7.1,2.6,5.2,25.2,81.1,20.2,6,79.8,3.4,76.6,2.7,3.7,3.9,6.2,5.2,12.9,5.8,9.7,6.5,8.8,35.8,32,8.9,27,5.4,6.2,12.7,3.9,2.6,95.1,38.1,0.88,0.12,6.9
85653,16405,79.4,1.6,1,2,27.7,0,47.7,52.3,887,32410,45105,36.1,7,9.1,3.8,5.9,37.5,74.7,27.3,8.6,72.7,6.5,69.1,4.5,8.1,7,5.6,6.4,16.5,7.5,4.9,6.8,7.1,20.8,18.8,5.9,13.7,3.6,1.8,4.2,1.4,1,85.4,19.7,0.81,0.19,6.1
85658,10683,86.8,3.2,3.9,0.6,12.6,0,50.5,49.5,1399,46250,65028,56.9,4.1,4.7,1.1,2.9,22.4,86.1,14.7,5.6,85.3,3.8,83.1,2.9,4,6.1,2.8,5.6,9.5,4.8,4.7,9.3,10,44.4,40,12.8,34.5,10.6,6.8,11,2,2.2,98.2,53.1,0.84,0.16,4.8
85701,5286,78.6,3.9,4.7,5.2,34.8,0,48.8,51.2,833,32219,42328,33.9,3.7,6.2,3.2,5,51.7,84.1,17.9,14.2,82.1,12.4,79.6,10.8,9.9,7.1,6.6,4.2,10.9,4.7,5.4,8.3,5.7,15.8,12.7,3.2,10.1,3,1.9,3.9,1,1,91.7,51.3,0.28,0.72,6.7
85704,31795,85.7,3.9,1.7,0.9,21.5,0.1,52.7,47.3,933,32475,48834,46.6,5,3.9,2.6,4.9,34.8,85.7,16.2,9,83.8,6.7,80.4,7.6,4.7,5.5,5.3,5.4,8.6,4.7,6.3,6.2,7.4,33.7,30.7,7.2,26.3,5.2,4.7,13.9,4,5.2,95,43,0.57,0.43,6.1
85705,55463,67.5,3.9,3.3,5.6,46.5,0.1,49.8,50.2,656,19016,30471,34.6,6.2,5.3,3.9,6.9,45.4,80.9,21.5,15.1,78.5,12.1,73,8.1,5.8,6.7,5.9,5.9,11.4,6,5.8,6.1,5.5,19.2,17,4.5,13.8,3.9,2.4,5.4,1.4,1.6,78.2,16.4,0.44,0.56,12.2
85706,55691,71.9,0.9,2.2,4.4,83.6,0.1,51.7,48.3,720,20725,28784,28.3,8.8,8.9,5.9,9.1,45.2,71.2,32.8,12.9,67.2,9.6,62.1,6.7,6.4,7.1,6.3,5.3,18.2,9.3,5.2,4.8,4.2,12.6,10.4,2.8,8.4,2.4,1.4,3.2,0.9,0.9,66.1,6.7,0.58,0.42,12
85708,4187,66.8,8.9,11.3,2,17.7,0,50.7,49.3,1205,33083,44319,23,20.6,9.7,2.2,3.4,55.2,58.8,43.2,13.1,56.8,11.9,53.6,14.1,9.1,8.6,8,1.2,20.5,10.8,0.4,0.5,0.6,1.7,1.4,1.1,1.1,0,0,0,0,0,99.7,26.3,0.02,0.98,15.3
85710,56168,80.1,3.3,5,1.1,26.7,0.2,52.1,47.9,837,26350,36326,41,5.7,4.8,2.8,4.6,37.5,82.7,19.2,11.7,80.8,9.9,77,6.2,6.6,5.3,4.7,5.8,10.7,5.9,6.6,6.2,6.1,27.5,25.2,5.5,21.5,4.2,3.4,11.7,3.7,4.6,91.5,27.3,0.52,0.48,7.7
85711,39451,71.4,3.4,5.8,2.9,37.3,0.2,52,48,781,23077,34159,35.6,6.8,6.1,3.5,6.5,41.2,80.5,22.2,12.1,77.8,9.1,72.8,7.7,7.3,5.2,5.4,5.6,11.9,5.8,6.6,6.8,6.9,21,18.3,4.8,14.1,3.1,2.4,6.3,1.8,2,87.3,30.2,0.46,0.54,8.9
85712,33239,79.3,3.2,7.1,1.4,23.8,0.7,52.8,47.2,768,24463,34723,40.8,5.8,4.1,3.1,5.2,39.9,84.1,18.1,10.1,81.9,8,78.6,7.9,8.2,4.8,5.8,5.3,9.2,5.2,7.5,7.2,7.2,25,22.3,4.9,17.9,4.3,3.3,8.7,2.3,3.1,90.2,34,0.37,0.63,10.1
85713,46071,63,0.7,5.5,6.6,68.4,0,49.8,50.2,698,20251,30436,36.4,5.9,7,3.4,6.3,40.5,79.9,22.6,12.4,77.4,9.5,72.5,6.6,6.4,6.3,5.3,5.3,13.4,6.4,7,6,6.1,22.1,19.7,5,16,3.8,2.9,7.2,2.4,1.9,73.6,13,0.61,0.39,10
85714,14683,63.7,0,4.3,8.4,82.1,0,52.8,47.2,633,18534,29129,31.4,8.3,7.8,4.3,6.2,40,74.9,28.1,12.5,71.9,10.5,66.9,7.7,4.9,5.7,4.9,5.8,15.5,7.7,5,5.9,5.4,19.5,17,3.9,14.1,3.3,3.5,6.9,1.7,1.7,64.6,7.5,0.53,0.47,12.2
85715,17066,89.7,2.3,3.1,0.6,16.9,0.1,52.7,47.3,1028,32662,50463,49.2,3.3,5.4,3.4,5.3,32.1,85.5,17.2,9.8,82.8,7.9,79.5,4.7,5,3.8,5.5,5,10.6,5.2,7,8.6,7.5,33.4,30.3,7.7,25.9,5,6.2,13.2,3.4,3.6,95.6,43.6,0.69,0.31,4.9
85716,31134,79.1,4.8,5.5,2.1,26.8,0.2,50.9,49.1,786,25229,40325,37,5.6,3.9,2.6,4.3,45.7,85,16.8,13.9,83.2,12.1,79.6,9,7.9,6.4,6,6.3,8.7,4.8,5.2,7.5,6.6,21,18.2,5.6,14.4,3.7,2.3,5.1,1.5,1.3,89.6,43.1,0.4,0.6,8.5
85718,26262,85.3,6.1,1.6,1.4,13.8,0.4,51.5,48.5,1131,50327,76990,51.3,3.8,4.1,3.3,5.8,30.1,86.4,15.7,8,84.3,5.5,81,6.2,4.4,3.6,4.7,5.9,8.6,4.5,6.1,8.1,8.7,37.3,33.2,10.1,28.6,6.6,4.4,11.9,3.7,3.9,97.8,67.2,0.7,0.3,3.5
85719,47503,77.6,6.3,4.4,1.5,25.1,0.4,46.2,53.8,834,12441,34833,23.1,3.2,2,1.6,19.6,72.5,92.4,8.8,49,91.2,31,64.6,9.4,6,3.5,2.9,3.1,4,2,4.1,2.9,3.5,10.3,8.8,2.3,6.8,1.4,1.2,3.2,0.6,1.4,91.5,46.2,0.26,0.74,10.7
85730,39055,72.2,2.8,6.3,1.4,27.5,0.1,51.7,48.3,909,27008,38070,38.5,6.5,5.9,3.4,5.9,38.4,79.8,22.5,9.8,77.5,7.3,73.9,6.4,7.6,5.6,5.6,5.8,12.6,6.7,6.6,7.5,6.7,22.6,20,5.3,15.9,4.3,3,6.3,2.1,1.2,89.6,19.7,0.67,0.33,9.3
85735,11108,73.2,0.9,3.7,2.3,38.8,0,51.3,48.7,755,26127,37325,46,7.4,5.4,3.1,4.1,32.4,81.6,19.9,8.6,80.1,7.5,77.8,4.2,5.4,5.5,5.8,4.7,9.4,4,9.1,10,7.8,27,23.7,4.6,19.2,5.9,6,8.7,1.7,0.9,89.2,13,0.84,0.16,10.5
85736,4998,80.7,0.8,1.8,2.2,40.2,0,50.8,49.2,683,18860,38714,46.4,2.9,5.5,3.1,6.5,33.8,84.4,17.8,9.8,82.2,6.4,76.4,4.2,6.1,3.9,6.8,8.4,11.8,6.3,6.7,7.4,9.2,29,25.6,5.7,19.8,9.1,2.5,5,1.7,0.8,76.4,12.1,0.84,0.16,15.3
85737,21293,88.4,3.9,0.9,0.5,15.7,0.1,52.1,47.9,1284,39563,61487,51.4,3.2,6.3,5,7.2,28.3,84.8,18.2,6.9,81.8,4.8,78.1,2.9,3.2,5.6,4.6,6.7,10.1,3.8,7.1,9.2,8.9,35.5,31.9,8.6,26.7,7.1,4.8,11,3.5,2.7,97.4,51.3,0.73,0.27,5
85739,18474,93.1,0.4,0.5,0.5,12.7,0.2,51.3,48.7,729,31337,50150,65.6,2.8,2.7,2.4,3.7,17.4,90.2,11.4,2.8,88.6,1.5,87,2.7,2.1,3.1,4.3,2.6,6.1,3.4,3.8,5.4,9.8,61.8,58.4,15.1,52,14.6,12.8,22.3,6.2,3.3,94.6,41.2,0.91,0.09,7
85741,35149,79.8,1.8,2.7,1.1,30,0,52.4,47.6,1048,31711,43064,34.7,7.3,5.8,3.9,6.3,43.2,79.5,23.1,12.2,76.9,9.8,72.5,8.1,7.1,6.1,5.8,5.8,11.9,6.1,6.2,6.6,5.9,19,16.4,4.7,13.1,3.7,2.1,4.8,1.4,1.3,91,27.4,0.57,0.43,7.9
85742,26868,84.7,2.7,1.3,0.9,26.6,0.8,51.4,48.6,1197,36255,50138,39.2,7.1,5.7,4.6,6.7,37.7,79.2,24.3,8.4,75.7,6.3,72.3,5.5,6.1,6.9,6.2,6.9,12.6,7,6.9,7.2,6.5,21.5,18.8,6.1,15.1,3.4,2.8,5.5,1.3,1.5,95.7,38.4,0.76,0.24,7.1
85743,29552,85.2,3.7,1.4,0.9,25.9,0.2,51.3,48.7,1200,38987,53444,40.8,5.9,8,3.4,5.5,36.3,78.3,24.2,8,75.8,5.8,72.1,4.6,5.5,6.5,8.3,6.3,15,7,6.6,6.7,5.7,23.2,21.4,5.8,17.5,5.3,3.4,6.4,2,1.1,92.4,34.6,0.82,0.18,6.1
85745,38005,73.9,3.4,3.6,3.9,52.5,0.1,51.4,48.6,967,26644,43248,39.5,4.5,5.5,3.2,7.3,40.7,84.3,18,14.9,82,10.7,74.5,6.6,5.7,5.2,5.1,5.7,10.3,4.8,6.7,6.7,7.8,25.4,22,6.3,17.7,4.2,3.2,7.3,2.1,1.9,87.4,34.6,0.59,0.41,9.5
85746,43873,61.3,0.7,1.7,6.7,74,0,52.5,47.5,903,24446,34727,32.6,6.4,8.8,5.4,8.4,41.7,74.3,29.1,11.6,70.9,8.6,65.9,5.9,6.3,7,5.6,5.2,17.4,8.5,6,5.7,5.3,17.7,15.5,3.8,12.3,3.6,2.2,4.9,1.6,1,82.2,13.2,0.68,0.32,7.9
85747,25077,82.7,2.6,4.3,0.4,23,0.2,51.2,48.8,1332,40191,53621,34.4,8.4,8.8,5.5,8.4,41.6,73.4,30.1,8.9,69.9,6,64.8,5.1,6.5,7.3,8.2,7,16.3,7.5,6.8,5.6,4.3,14.2,12.4,3.6,9.9,2.5,1.9,3.8,1,1,96,37.5,0.76,0.24,5.2
85748,17727,84.2,4,3.2,0.8,18.6,0,52.7,47.3,1169,35236,46836,45.2,4,6.3,3.8,5.9,34.9,83.4,18.7,8.7,81.3,6.6,78.6,6,4.5,5.4,6.4,6.1,10.9,4.5,6.3,9,7.8,28.8,25.6,8.1,21,6.1,3.6,6.9,1.6,1.7,95.2,37.8,0.73,0.27,4.2
85749,19121,90.7,2.4,1.5,1.3,8.8,0.1,49.8,50.2,1354,42920,65132,52.4,3,6.1,3.6,5.6,25.4,84.8,17.3,6.5,82.7,4.5,79.6,3.4,4,3.4,4.4,7.1,10.7,4.6,9.2,9.4,9.1,35.3,31.8,10.1,26.2,6.6,4.5,9.5,2.6,2.4,97,53,0.82,0.18,5.4
85750,24207,88,6,1.2,0.5,10.5,0,52.1,47.9,1125,41478,60592,52.7,3.2,5,4.1,5.5,27,86.6,16.1,6.6,83.9,5.2,81.5,3.9,3.2,4.2,5,7,8.8,3.9,8.1,7.1,8.6,38.8,35.5,9.7,30.3,7.3,6.3,13.3,3.7,3.3,98.4,64.7,0.7,0.3,6.2
85755,16143,91.2,2.4,2.6,0.2,12.7,0,51.4,48.6,1269,50582,81700,56.8,4.1,4,4.6,6,23.6,86.4,17.2,6,82.8,4.5,79.5,1.2,2.3,5.4,4,5.7,8.5,4.6,4.9,8.2,8.3,45,42.6,8.3,36.7,9.7,8.1,18.8,5.5,5.2,98.3,54.6,0.88,0.12,5.5
85756,40965,68.7,1.2,7,2.9,58.7,0.4,41,59,884,23688,34420,33.4,6.9,6.8,3.6,5.9,47.5,78.3,24.3,10.7,75.7,8.5,72,8.2,9.9,8.2,6.8,6.1,13.8,7,5.7,4.9,4.1,15.1,13.2,3.6,11,2.6,1.9,4.7,1.5,1.4,76,14.8,0.73,0.27,10.9
85757,19264,46.1,0.9,1.4,19.2,63.9,0,50.5,49.5,1049,30233,40195,30.5,8.6,8.7,7,9.3,45.3,70.8,33,9.5,67,7.1,63,6.8,7.9,7.8,6.4,6.3,17.4,8.7,5.8,4.5,3.6,12,10.7,2.8,8.4,2.1,1.5,3.5,0.7,1.4,82.5,16.2,0.78,0.22,9.9
85901,18279,89.8,0.6,0.6,3.2,15.5,0,50.8,49.2,794,25907,40372,41,6.5,7.3,4.6,7.8,33.2,78.8,23.9,8,76.1,4.9,71.7,5.3,5.2,6.6,3.5,4.7,12.9,5.6,6.5,6.8,8.2,29.5,26.1,7.2,21.2,5,5.3,9,2.1,1.6,90.7,18.7,0.67,0.33,8.5
85911,2293,0.8,2.7,0,93.4,6.4,0,55.8,44.2,305,17127,25278,23.2,11.1,11.4,4.2,7.5,38.8,60.7,42,9.9,58,6.5,54,7.4,5.8,5.6,5.9,7.7,26.7,15.3,5.6,4.4,1.4,5.7,4.4,2.5,4.4,0.4,1.1,1.5,0,0.4,58.3,2.1,0.59,0.41,41.1
85920,309,97.1,0,2.9,0,10,0,46.9,53.1,732,46250,52708,57.1,4.2,0.6,4.2,4.2,15.9,94.2,10,0,90,0,90,2.9,3.6,5.2,0,3.2,1.6,1,13.6,19.1,11.3,42.4,37.5,17.8,31.1,6.8,5.5,6.5,1,0,99.3,37.4,0.82,0.18,6.5
85924,2668,91,1.6,0,0,16.4,0,48.5,51.5,396,34946,42052,57.9,4.7,3.7,2.1,2.8,18,89.8,12.1,5,87.9,4.4,84.9,2.1,3.1,3.2,2.4,6.3,5.3,1.5,8.4,10.4,11.4,47,43.7,12.3,35.6,4.2,9.4,19.2,4.9,4.9,88.6,12.8,0.96,0.04,10.5
85925,4936,90.6,0,0.6,6.6,17.8,0,49.3,50.7,735,31211,40906,34.1,9.3,8.9,4.7,7.5,30.1,69.1,34.6,4.8,65.4,1.9,62.4,5.7,5.6,4.5,4.9,3.6,20.7,11.8,1.9,7.2,8.4,27.3,25,6.3,18.9,6.4,4.3,6.2,1.8,0.1,90.3,26.3,0.76,0.24,10.2
85929,7085,91.7,0.2,0.1,1.1,17.9,0,52.8,47.2,768,23766,39125,51.6,6.1,7,3.1,4.7,25.9,81.6,20.8,6.5,79.2,4.8,76.5,5.9,4.2,2.3,4,4.8,11.7,4.6,6.8,8.1,7,36.7,34.1,8.6,29.7,11.2,5.6,10,1.2,3.1,89,23.4,0.68,0.32,8.2
85930,1340,1.4,0,0,93.6,6.5,0,45.8,54.2,643,19228,28125,24.1,9.8,12.3,6.8,7.8,47.8,64.9,40.7,9.9,59.3,8.9,57.6,6.8,12.7,6,5.6,4.9,24.1,11.8,4.6,3.2,3.5,5.6,2.8,1.6,2.1,0.2,0.2,0.3,0,0.1,78.6,4.2,0.49,0.51,31.5
85933,2690,92.7,0.6,0.3,2.9,7.9,0,48.7,51.3,674,22853,34514,58.4,1.1,5.4,3.5,3.9,17.4,84.8,15.2,3.3,84.8,2.8,84.3,3.7,2.7,1.7,2.6,6.2,10.6,5.2,8.8,8.9,14.3,47,41.5,12.8,32.7,10,2.4,10,5.2,2.3,87.6,22,0.75,0.25,16.6
85935,4963,84.5,0.2,0.9,11.4,9.5,0,48.3,51.7,805,36630,50093,46.9,7,5.4,4.2,4.9,26.8,77.5,25.1,2.1,74.9,1.4,73.5,2.1,6.7,4.2,7.5,5,13.9,8.5,7,5.8,8.1,34.5,30.7,6.7,26.4,10.5,4.5,9.2,2.8,1.9,93.1,32.9,0.79,0.21,6.9
85936,4520,84.2,0,0.8,7.8,28.7,0,45.7,54.3,809,29554,37995,37.1,3.3,9.2,5.6,14,45.5,81.3,22.3,13.1,77.7,4.7,66.3,5.3,6.4,7.9,7.3,6.7,13.3,4.2,8.3,4,6.6,18.8,15.9,6,12.2,2.6,1.4,3.5,1,1.1,81.1,13,0.8,0.2,1.6
85937,7827,91.9,0,0.6,4,4.9,0,49.2,50.8,681,23820,43829,38.8,8.3,9.8,5,7,31.6,71.9,30.9,6.9,69.1,5,65.6,4.3,4.5,5.5,5.4,6.2,17.6,7.8,4.7,6.3,5.3,25.4,22.8,6,20.1,7.5,2.6,6.6,1.7,2.3,89.3,20.5,0.81,0.19,13.1
85938,2042,81.6,0.1,0,7.7,30.2,0,50.2,49.8,624,35344,40409,41,8.4,8.8,4.6,6.8,33.4,74.2,27.5,5.4,72.5,3.2,69.2,3.2,6.1,6.9,7.2,5.2,14.5,5.7,5.4,7.9,9.9,25.1,19.5,8.2,15.2,2,2.3,5,1.4,1.3,83.6,17.1,0.76,0.24,6.9
85939,4215,89,0.6,0,6.3,13.2,0,49.2,50.8,568,31561,41575,46.4,2.9,3.6,4.8,10.2,36.9,86.2,16.3,9.7,83.7,4.2,76.7,6.2,4.3,6.9,5,5.4,8.7,5.1,8.4,7.5,10.1,30.2,24,5.9,20.1,5.2,4.7,9,1.8,2.5,83,17.2,0.7,0.3,14.6
85940,971,97,0,0,0.8,4.1,0,50.7,49.3,522,35568,44900,59.3,4,1.2,1.2,1.2,20.5,90.7,10.5,2.2,89.5,2.2,89.5,4.1,5.7,5,2.3,4.9,5.3,4,7,10.1,15,48.2,37.3,12.6,33.2,6.4,10.9,14.2,0,3.3,94.8,19,0.96,0.04,5.7
85941,10968,2.1,0.4,0.2,93.5,2.4,0.3,50.9,49.1,250,21348,30548,26.8,10,9.5,3.8,7,41.3,69.5,33,13.1,67,9.9,62.6,9.5,6,5.2,3.8,6.1,19.2,9.7,6.8,5.6,4.1,11,8.9,2.7,6.9,1.4,1.6,2.8,0.6,0.6,70,5.2,0.61,0.39,38.8
86001,44819,80,3.3,1.3,8.8,15.4,0.1,48.2,51.8,1207,21836,43777,28.6,5.3,5.1,3.2,7.6,55.6,84.6,17.8,25.6,82.2,21.1,72.6,9.1,6.8,6.1,4.8,4.8,9.4,4.3,4.9,5.5,5.5,14.6,12.4,3.9,9,2.3,1.1,2.9,0.9,0.9,95.4,49.6,0.48,0.52,5.2
86004,36186,78,1,1.6,10.6,20.9,0,50.7,49.3,1177,34182,42238,34.1,6.7,7.5,4.1,5.8,41.1,75.9,26.5,9.5,73.5,7.8,70.6,7.6,7.1,8,4.7,6.3,15.6,8.1,6.3,6.6,6.2,17.5,14.8,4.3,11.3,3.4,2,3.5,0.6,0.9,90.8,39.6,0.61,0.39,5.8
86011,8471,78,4.3,6.8,1.9,19.3,0.8,64.5,35.5,625,3128,12464,19.1,0,0,2.1,78.6,99.9,100,2.1,97.2,97.9,20.7,10.2,0.6,0,0,0,0.1,0,0,0,0,0,0,0,0,0,0,0,0,0,0,100,31,0,1,29.6
86018,879,84.2,1.3,0,1.8,2,0,48.9,51.1,632,33897,50250,58.8,3.6,0.9,0,0,18.5,95.4,4.6,2.7,95.4,2.7,94.1,2.7,2.3,4.1,6.7,4.7,0.9,0,10.5,17.1,19.7,44.7,33.6,6,25,7.4,10.2,11.6,0,1.4,98.5,30.1,0.83,0.17,7.4
86020,2213,1.2,0,0.9,97.1,1.9,0,50.7,49.3,196,17454,25208,28.9,9.2,8.7,4.8,7.4,39.9,73.3,30.3,13.7,69.7,11.2,65.2,6.9,5.5,5.5,3.5,8,16.3,7.6,5.1,4.7,4.6,16.9,15.7,3,12.3,3.4,2.3,5.9,1.7,1.9,67,4.4,0.85,0.15,9.3
86021,6325,100,0,0,0,0,0,54.9,45.1,860,23563,31959,16.4,8.8,19.1,7.9,11.5,37.8,51.3,54.2,8.3,45.8,4.6,40.9,4.8,7.7,5.2,3.9,4.1,37.5,18.3,3.8,2.8,1.4,5.1,4.7,1.2,3.7,1,0.7,1.5,0.3,0.5,47,6.3,0.24,0.76,17.9
86022,2209,72.1,0,0,21.4,3,0,56.6,43.4,582,22639,31595,32.9,7.8,12.3,7.2,8.7,39.3,72.1,33.3,9,66.7,7.4,63.8,5.5,4.8,6.9,5.9,6.4,18.3,6.1,6.5,4.3,4.7,17.3,15.7,4.6,12.6,4.7,1.8,3.3,1,0.5,81.2,10.6,0.64,0.36,8.6
86023,1830,71.1,4.4,3.3,15.5,13.7,0,35.5,64.5,461,23779,28021,49,0,0.8,0,8.2,43.6,97.8,2.2,14.4,97.8,6.2,89.6,5,8.4,6.8,9,9.6,2.2,1.4,15,14.7,8.3,15,7.7,5,6.7,1.4,0.2,0.2,0,0,96,21.2,0.08,0.92,1.5
86024,585,92.6,0,0,1.4,3.6,0,51.5,48.5,663,53500,57083,66.4,0,0,1.2,2.2,8.9,97.4,3.8,1,96.2,0,95.2,3.2,0,3.4,0,3.9,2.6,2.6,4.4,13.3,11.6,66.8,63.1,26.3,55.2,20.2,6.8,8.7,1.4,0.5,97.1,33,0.93,0.07,0
86025,5552,58.1,1.8,2,19.7,23.8,0,49.6,50.4,647,20940,36813,35,7,6.3,4.1,7.1,39.5,76.2,26.8,8.5,73.2,5.5,69,7.8,6.8,6.6,5.7,5.8,15.7,9.4,5.7,6.1,5.9,20.2,18.2,6.1,14.3,3.8,2.1,4.5,1.6,0.8,87,15.6,0.65,0.35,5.8
86030,1717,2.4,0.5,0.4,96.7,1.4,0,49,51,234,27500,38000,32.1,12.2,4.9,4.8,7.8,39.2,74,30.4,7,69.6,4,66,8.6,9.1,5.8,4,3.8,13.4,8.5,6.8,6.6,3.3,18,16.9,5.9,14.7,3.2,3.1,5.6,0.9,1.6,86.6,8.7,0.87,0.13,10.6
86031,1830,1,0,0.4,97.9,0.9,0.5,52.2,47.8,181,22204,33661,40.2,5.7,7.4,7.3,11,34.9,76.6,28.4,10.8,71.6,7.1,66.7,5.5,2.7,2.3,6.3,5.9,15.4,8,7.8,8.4,4.9,22,19.5,4.6,17.1,4.6,3.7,7.8,2,2.1,64.2,1.6,0.78,0.22,38.8
86032,1396,68.4,0.1,0,16.1,10.2,0,54.9,45.1,659,31250,50682,27.6,9.6,11.5,5.6,9,35.3,66.8,36.5,8.4,63.5,4.9,59.3,7.2,5.2,4.5,4.4,6.5,21.3,9.8,2.9,8.7,3.9,15.7,14.9,3,11.8,3.1,2.1,5.7,2.4,1.2,93.6,14.3,0.73,0.27,6.5
86033,7130,4.8,0.5,0.2,92.1,0.8,1,49.6,50.4,351,27120,35610,29.4,8.4,7.7,7.7,11.1,44.2,72.9,32.5,12.3,67.5,8.9,61.8,6.1,6.6,4.2,7.3,5.5,16.3,8.6,5.5,6.3,4.7,13.8,12.3,3.1,9.1,2,1.7,4,1.4,0.9,81.4,13.7,0.57,0.43,11.4
86034,2096,2.9,0.3,0,96.6,4.7,0,49.1,50.9,242,25259,34615,35.4,6.9,7.7,4.9,8.7,38.4,75.7,26.5,12.4,73.5,8.6,68.1,6.2,4.6,5.1,5.2,5.4,14.7,7,9.2,7.3,6.5,18.2,15.8,3.6,11.6,2.2,1.5,5.9,1.7,2.7,70.8,9.7,0.62,0.38,28.8
86035,2061,0.6,1.4,0,94.9,2.4,0,53.2,46.8,201,24435,33015,35.3,6.1,9.6,5.1,7.8,38.1,77.1,27,11.5,73,8.8,68.6,6.7,4.4,4.6,5.8,8.3,15.8,6.2,5.3,5,5.7,21.3,19,4.9,15.6,4.3,2.8,6.4,2.4,1.2,75.2,10.8,0.77,0.23,14.8
86036,399,54.6,0,0,42.6,1.8,0,46.6,53.4,-,21518,33036,50.8,6,3.8,6,8,24.6,84,20.3,8,79.7,6,77.2,2.8,1,4.3,2.5,5.3,8.3,4.5,14,11,18.5,30.8,14,6,12.3,5,0,1.3,0,1.3,89.9,25.5,0.7,0.3,6.2
86039,1218,0.2,0,0.5,98.9,0.8,0.3,50,50,261,26833,38750,34.5,8.5,6.8,6.5,9.4,37.2,71.8,31.4,10.6,68.6,7.7,64.4,3.2,4.8,6.2,5.9,4.2,16.4,9.6,6.8,5.7,6.2,21.2,19.3,3.2,15,4.8,3.2,7.1,2.1,1.7,77.1,8.4,0.84,0.16,6.9
86040,10752,32.3,0.6,0.4,61.1,6.7,0.3,48.7,51.3,775,27663,41802,29.3,6.7,10.7,7.4,10.3,46.3,71.8,32.5,11.9,67.5,9,62.7,6.5,6.8,6.9,6.8,4.8,18.3,7.6,7.2,5.7,3.5,10.9,9.5,2.4,7.4,1.5,1.5,3.5,1.3,0.7,84.4,16.9,0.68,0.32,12.7
86042,2161,5.7,3.5,0.6,90.1,0.5,0,54.9,45.1,380,18810,34205,30.6,9.5,8.7,2.5,8.2,41.8,71.9,30.6,8.5,69.4,2.7,63.7,10.2,7.5,8.9,4.3,7.5,18.6,9.9,3.5,5.9,3.9,13,10.8,4.7,9.1,3.1,0.5,1.3,0.8,0,90.4,16.6,0.64,0.36,3.1
86043,2762,0,0.3,0,99.7,0.2,0,54.2,45.8,224,22518,28194,26.6,11.3,9.5,5.1,8.8,40.3,68.2,35.6,12.6,64.4,8.9,58.9,8.6,4.1,5.3,4.6,5.6,19.2,9.7,3.3,7.5,4.5,12.9,10.2,2.1,8.4,2.9,1,3.4,1.1,1.2,85,5.5,0.86,0.14,4
86044,3707,0.5,0.1,0.1,99,0.2,0,53.1,46.9,205,19282,30905,28.7,9.6,10.8,5,8.5,36.7,69.2,34.2,11.3,65.8,7.8,60.9,5.4,5.4,4.6,5,5.6,19.6,8.8,4.2,6.6,4.8,17.7,15.5,2.7,12.9,3.2,2.3,7,3,1.6,62.7,6.6,0.84,0.16,32.1
86045,11885,3,1.1,0,94.1,1.4,0,54.1,45.9,390,28766,38279,30.5,8.3,7.4,3.6,6.6,42.8,73.2,29.1,11.4,70.9,8.3,66.3,8.7,6.7,6.1,6.4,5.1,17.2,9.8,6.1,6.4,4.8,14.1,12.1,2.9,9.3,2.1,1.4,4.4,1.6,1.4,82.6,17.1,0.65,0.35,7.9
86046,5535,83.5,0.5,1.1,4.4,21.8,0,46.9,53.1,948,30500,39965,51.3,6.1,4.9,2.9,3.5,27.1,82.5,19.7,3.1,80.3,2.5,79.4,4.8,7.3,4,5.1,4.1,10.7,5.8,12.5,10.2,8.9,29.3,26.5,10,20.4,6.4,1.9,4,0.8,1.3,92.2,28,0.74,0.26,4.2
86047,15318,27.5,0.3,2.9,51.9,25.3,0.1,45.2,54.8,474,22387,38125,33,7.2,7.8,4.3,7.3,44.4,75.4,27.1,11.2,72.9,8.2,68.3,7.5,7.4,8.6,5.5,5.6,15.5,7.7,6.7,4.7,4.6,16,14.2,3.4,11.4,2.5,2.1,5.4,2,1.3,75.5,9.5,0.6,0.4,21.4
86053,2441,0.3,0,0,98.9,2.2,0,51,49,290,22668,30511,26.4,10.2,8.3,5.3,7.3,40.8,70.6,33.1,14.2,66.9,12.2,61.8,7.2,6.3,3.7,4,7.2,17.6,9.3,6.2,4.7,3.7,13.4,11.3,3.2,9.6,2.5,1.8,4,1,1.2,61.3,4.4,0.78,0.22,26.5
86054,1647,1.2,0,0,96.3,0.3,0,50,50,201,24423,38333,37.1,7.5,7.5,2.9,4.1,37,75.7,25.2,10.7,74.8,9.5,71.8,5.4,7,3.6,7.5,5,14.8,7.3,5.3,7,8,23.4,20.4,6.2,15.4,3.8,1.9,5.4,2.4,1.2,72.7,13.6,0.72,0.28,21.5
86301,22147,92.2,1.9,0.3,1.3,8.5,0.1,52.2,47.8,878,22541,37323,54,3.2,5.4,2.5,6.7,28.7,86.8,14.9,11.1,85.1,6.9,79.3,4.2,3.9,3.2,3.7,4.6,9.2,3.9,5.4,7.2,7.8,41.7,38.5,9.6,33.9,8.6,6.2,15.6,4.8,4.6,93.7,35.3,0.64,0.36,8.5
86303,17430,95.2,0.9,1,0.2,5.5,0.1,51.3,48.7,792,26050,43998,57.2,2.7,3.7,2.9,4.9,24.6,89.7,12.6,5.6,87.4,3.7,85.1,3.5,3.8,3.5,5.2,5.3,7,3.3,6.4,8.4,9.6,45.6,41.9,11.5,36.1,9.7,6,14.9,5,3.8,95,39.7,0.7,0.3,6.8
86305,17956,93.8,1.1,0.3,1.9,9.2,0,50.8,49.2,941,28678,50515,59.1,3.5,4.4,2.6,5.3,23.6,88.8,12.8,7,87.2,4.3,83.4,3.8,3.7,3.2,3.3,3.2,6.7,2.2,6.4,8,10.6,48.6,44.6,11.2,38,10.7,7.2,16.1,4.6,4.4,95.1,37.3,0.79,0.21,5.6
86314,37997,91,1.1,0.7,0.5,23.9,0,52.3,47.7,899,25864,37141,41,6.7,6.9,3.7,5.3,32.9,78,24.5,6.9,75.5,5.4,73,6.2,6,4.6,5.5,6.3,14.1,7.2,7.3,6.7,6.5,25.9,23.7,6.7,19.4,4.9,3.9,7.7,1.8,2,86.5,19.2,0.58,0.42,5.9
86315,7631,96.2,2.3,0.5,0,8.1,0,53.3,46.7,1317,33944,45699,48.6,5.7,5.2,4.5,5.6,28.3,81.1,22.1,4.5,77.9,3.4,75.1,3.6,5.3,3.1,7.3,6.9,11.9,6.6,7.8,5.5,7.9,33.8,31.6,6.5,25.9,9.1,5.2,10.4,2.2,2.9,91,20.4,0.89,0.11,15.7
86320,2064,88.5,0,1,1.3,30.3,0,47.4,52.6,400,26971,31250,50.3,4.6,8,4.2,5.4,27.2,80.1,23,3.1,77,1.9,74.8,7.5,1.7,4.5,6.2,3.4,14.2,6.3,10.7,8.4,6.7,31.5,28.8,10.9,24.8,8.3,3.3,5.6,1.7,0.5,81.5,13.4,0.83,0.17,7.1
86321,2091,91.8,0,0,0.3,26.6,0,43.9,56.1,470,50273,64435,32.8,3.8,16.8,6,8.3,44,70,34.4,8.5,65.6,6.2,60.7,3.5,6.9,12.9,6.3,6.2,24.6,7.8,2.8,6.9,3.5,11.6,9.9,3.1,8.1,1.3,2.6,3.6,1.1,0,88.9,13.7,0.2,0.8,0.1
86322,11723,83.6,0.1,0.2,11.1,16.9,0,46.1,53.9,729,21728,37177,45.7,4.8,5,3.8,5.1,32.6,82.1,20.3,7.1,79.7,5.8,77.7,6.7,4.4,5,5.6,5.7,11.7,6.7,7.4,7,9.4,30.8,27.5,8.2,21.5,5.4,2.8,7.8,2.8,2.3,85.5,19.4,0.71,0.29,8.7
86323,15435,91.6,1.4,0.1,0.9,11.4,0,48,52,901,25282,35511,52.8,4.6,2.7,3.5,4.9,25.2,85.2,16.5,4.7,83.5,3.3,81.5,6,3.9,3.9,3.2,5.7,8.4,5.7,9.2,8.6,12.2,38.3,33.2,10.2,26,6.3,4.7,9.5,2.7,2.2,86.8,15.9,0.79,0.21,6.2
86324,4316,82.9,1.3,3,8.5,11.3,0,53.9,46.1,961,30327,31116,59.8,2.1,2.8,2.1,3.4,11.2,92.9,8.3,3,91.7,1.7,90.2,1.9,0.2,0.3,3.8,6.6,4.2,1.4,8.3,18.3,10.3,49.2,45.3,14.2,38.9,7.9,6.1,16.8,8.2,2.5,93.6,20.4,0.64,0.36,13.2
86325,5280,96.9,0,0,0.1,7.3,0,53.3,46.7,1052,18584,40784,59.7,1.6,3.8,1,2.3,21,90.4,10.6,4.9,89.4,3.7,86.9,0.1,5.9,3.1,5.9,6.3,8,4.1,8.2,5.3,13.7,49.6,43.5,8.9,35.9,12.5,8.6,14.5,3.8,2.2,90.2,25.8,0.86,0.14,7.6
86326,24848,89.9,0.3,0.9,1.3,21.1,0.1,52,48,873,24095,32661,46.6,6,6,3.2,5.3,30.3,80.9,21.6,8.2,78.4,6,74.4,5,4.8,5.6,3.6,4,12.4,6.4,6.5,6.6,8.8,34.2,31.7,7.2,25.4,6.3,5.5,12,2.8,3.7,87.2,17.7,0.64,0.36,7.7
86327,9571,96.1,0.2,0.3,0.2,5.8,0,53.5,46.5,791,27827,40479,60.8,1.9,5.4,3.3,3.7,19.8,88.3,13.9,2.7,86.1,2.3,84.9,3.8,3.6,3.1,3.3,5.3,8.8,3.4,5.4,6.9,12,51.9,46.5,13.8,39.9,11.3,6.6,14.8,3.8,4.4,93.1,19.7,0.87,0.13,9
86329,1125,97.2,2,0,0,23.5,0,52.5,47.5,795,28500,35290,40.3,4.2,10.6,0,0,38.8,81.9,18.1,6.8,81.9,6.8,79.5,6.7,12.1,5.9,7.5,5.2,14,3.4,7.2,11.9,6.6,18.7,17.4,11.3,12.1,0.8,0,0,0,0,97.4,21.4,0.9,0.1,0
86331,521,84.1,0,0.4,12.7,4.6,0,56,44,1146,24135,41346,57.3,0.8,2.3,1.2,2.9,21.7,95.2,5.2,4,94.8,2.3,93.1,3.8,7.1,4,1.5,7.3,3.3,1,6.5,26.3,16.5,34.2,29.9,9.8,17.7,0,4.6,7.9,2.7,0.6,97.7,18.6,0.77,0.23,6.4
86332,1683,93.9,0,0.2,0.5,13,0,47.5,52.5,582,16458,32708,59.6,3.9,2.6,2.9,3.5,20.3,89.4,12.1,3.4,87.9,2.8,86.6,3.1,4.2,2.6,4,4.2,5.3,2.7,8.6,8.4,7.6,49.3,45.9,13.8,41.7,9.9,9.6,18,4.7,3.7,86.8,13.2,0.81,0.19,6.2
86333,6759,92.2,0.9,0.6,2.1,8.2,0,50.2,49.8,610,15620,40000,46.8,4.9,2.9,3.9,14.5,35.8,87.5,15.2,18.4,84.8,7.7,72.7,6,1.8,2.8,3,7.1,6.4,3.6,6.2,7.8,8,31.8,28.3,6.2,23.8,6.4,3.6,11.2,3.9,3.8,83.6,10.8,0.83,0.17,10.4
86334,4847,88.8,1.4,0,1.5,31,0,49.9,50.1,835,26588,41145,39.5,7.3,8,3.1,4.4,37,76,24.2,3.8,75.8,2.4,73.1,1.2,10.8,12,6.3,3.8,13.9,5.9,8.1,5.5,10.4,24.3,18.2,6.4,13.9,1.5,4,6,0,2,85.4,7.5,0.7,0.3,2
86335,5143,91.8,0,0,4.1,14.4,0,48.6,51.4,849,17451,34000,54.8,4.4,2.5,2.2,3.7,31.2,90.3,11.3,7.9,88.7,6.4,85.5,4.7,7.1,2.5,6.8,4.4,4.8,2.3,5.6,12.6,13.9,37.1,31.1,8.4,23.2,9.5,4.1,5.3,0.4,0.8,89.4,18.2,0.63,0.37,12.5
86336,11694,95.3,2,0,0,11.7,0,52.3,47.7,1156,27338,40685,59.4,1.7,2,2.3,3.9,22,92.8,8.6,3,91.4,1.5,89.6,3.2,3.4,3,7,4.7,4.6,2.6,5.6,12.4,13.1,48.9,43.4,12.2,35.8,10.5,5.3,13.1,3.8,4,94.8,46,0.74,0.26,6.9
86337,1215,84.5,0,0,5,17.2,0,49.1,50.9,446,35750,40250,53.8,5,3.7,3.5,5.5,24.8,86.3,16.6,4.4,83.4,2.5,79.9,0.6,4.8,6.8,4.6,6.9,8.1,4.4,5.8,9.5,12.3,39.9,34.2,7.7,27.6,9.3,6.9,10.5,2.6,1,86.7,14.3,0.71,0.29,5.2
86351,6734,93.8,0.8,1.2,1.6,10.2,0,52.5,47.5,1169,30072,46037,63.9,1.1,2.3,1.6,2.1,20.2,94.1,7.4,2.8,92.6,2.3,91.8,4.4,1.6,5.2,4.6,5.1,4.7,2.4,2.4,6.9,15.1,59.7,55.2,17.6,44.5,11.8,4.6,15.1,3.8,6.7,94.9,39.5,0.69,0.31,6.6
86401,24893,88.2,1.8,1.4,3.6,12.3,0.3,46.8,53.2,769,27378,42353,46.3,6.1,6.7,3.3,4.9,32.9,82.6,19.7,7.2,80.3,5.7,77.5,6.4,5.1,6.3,4.5,5.2,10.3,3.6,6.6,7.7,7.2,31.3,28.6,8,24,5.9,5,10.2,2.8,2.3,88.4,15.6,0.72,0.28,8.5
86403,17185,92.7,0.5,0.5,0.9,18.6,0,52.2,47.8,811,24985,35030,46.9,3,4.4,2.9,5,34.4,85.6,16.6,7.7,83.4,5.7,80.1,5.6,6.9,5.7,5.4,5.3,10.6,6.2,7.5,7.2,8.1,32,28.8,6,23.8,6.7,5.9,11.1,3.2,2,87,11.9,0.57,0.43,7.3
86404,17042,95.9,1.2,0.5,0.7,15.1,0,50,50,824,30174,41779,56.5,2.6,4.7,2.8,4.1,23.5,86.8,15.1,3.8,84.9,2.5,83.1,3.6,4.2,3.3,5.8,3.9,9.7,5,7.1,8.8,9.6,44.4,40.4,12.7,34.8,9.5,5.1,12.7,5,2.6,90.2,13.1,0.72,0.28,11.4
86406,23095,94.4,1.4,0.3,1.1,10.8,0,49.3,50.7,912,26298,37048,55.6,3.2,3.3,3.9,5.5,25.1,87.6,15.2,5.4,84.8,3.8,82.8,4,4.9,2.3,4.6,5.9,8.1,4.8,7.1,6.2,9,44.4,40.8,11.3,35.4,8.1,7.1,16.1,4.8,4.3,92,16.9,0.76,0.24,6.1
86409,27752,91.9,1,0.8,1.6,11,0,50.9,49.1,610,23763,37470,46.3,6.1,5.6,3.7,5.9,32,82.5,20.2,8.7,79.8,6.5,76.2,5.7,4,5.3,4.5,6,10.4,4.8,5.8,8.3,7.3,31.5,28.6,7.4,24.3,5.7,5.5,11.2,2.9,2.7,83,11.6,0.71,0.29,14.1
86411,188,93.1,0,0,6.9,5.3,0,59.6,40.4,475,21563,35455,61.9,0,2.1,7.4,7.4,20.2,93.6,11.7,4.8,88.3,4.8,88.3,0,0,3.2,4.8,0,4.3,2.1,4.3,9.6,28.7,61.7,48.4,17,33,1.6,4.8,14.4,9.6,0,93.6,2.5,0.93,0.07,7.1
86413,13010,89.2,1.3,2.3,1.8,15.4,0.4,39.1,60.9,502,20651,31506,52.6,1.4,3.4,3.5,5.6,30.7,92,10.6,5.8,89.4,3.8,86.7,6.2,3.4,5.4,6.3,7.5,5.6,2.2,8.5,8.9,8.7,37.5,34.8,9.5,28.8,9.3,4.7,9.9,3.1,2.2,84,7.5,0.85,0.15,13.2
86426,14084,92.1,1.5,0.7,0.9,22.7,0.5,50.7,49.3,858,27417,35592,50,3.7,6.1,2.3,4.4,28.9,84.9,16.9,4.5,83.1,2.4,80.6,6.8,5.1,5.2,5,6.5,10.9,4.8,6.2,8.3,6.9,35.5,32.9,11,28.6,6.5,5.3,11.1,3.2,2.6,87.6,12.9,0.72,0.28,10.4
86429,7708,91.5,1.2,2.9,0.2,14.8,0.8,52.4,47.6,741,28393,41003,58.3,5.1,3.7,3.2,4.9,23.1,87.3,15,4.9,85,3.2,82.5,4.3,4.3,3.5,3,5.3,6.8,3.1,6.1,6.8,10.9,46.8,42.8,10.5,35.9,10.8,7.4,14.6,3.1,4,86.6,17,0.52,0.48,10.8
86432,3700,85.7,0,0,0,25,0,51.2,48.8,355,23513,24612,54.5,3,9.6,3.9,3.9,24.9,82.7,18.5,7.5,81.5,7.5,79.8,0,4.2,6.3,3,4.4,11.6,2,7.5,12,5.2,36.6,32.5,11.1,31.4,11.2,7.7,9.1,1.4,0,76,3.8,0.74,0.26,13.7
86434,1572,13.7,0.1,0.1,84.1,3.1,0,54.6,45.4,342,25079,33352,31.4,8.4,11.6,4.9,6.6,41.9,71,32.8,8,67.2,6.3,64.2,5.2,13,6.9,3.9,2.2,19.5,7.9,5.2,6.8,5.7,16.1,13.1,3.2,10.4,2,2,5.2,1,2.2,77.3,9.7,0.51,0.49,19.3
86438,1002,80.9,0,7.5,0.7,11.3,0,50.4,49.6,383,34595,69464,61.4,1,5.8,0,5.7,12.5,91.1,8.9,7,91.1,1.3,85.4,2.5,0,3,0,4.6,7.9,2.1,12.7,6.4,14.1,55,44.4,15.7,40.9,12.9,10.5,12.4,1.9,0,81.3,18,0.83,0.17,22
86440,7208,84.4,0.4,0.2,8.6,18.5,0,48.7,51.3,612,23821,37379,54.6,5.4,3.7,2.9,4.8,26.7,86.6,15.7,8.3,84.3,6.4,81.6,3.4,4.2,4.7,3.1,5.2,7.5,3.7,5.9,11.4,9,38,35.6,8.8,29.1,7.9,4.3,12.4,4.4,3.7,83,10.2,0.67,0.33,9.9
86441,2650,100,0,0,0,16,0,42.6,57.4,309,11339,35332,56.7,2.8,6.6,0,0.7,19.5,82.8,17.2,3.3,82.8,2.6,81.2,4.6,0.8,2.3,8.4,6.4,14.5,7.9,2.5,9.7,5.3,44.7,44.1,18.6,39.4,6.9,3.1,14,7.3,3.6,70.4,13.3,0.77,0.23,2.8
86442,33290,86.7,2,2,1,26.7,0,51.9,48.1,686,21767,31472,50.1,5.4,5,3,4.5,29.4,83.8,18.3,7.3,81.7,5.8,78.7,5.7,4.9,3.5,4.9,5.1,9.9,4.9,6.5,8.4,7.4,35.2,32.4,8.5,27.8,8.1,6.3,11.2,3.2,1.7,79,9.9,0.59,0.41,8.6
86502,1332,10.6,0.2,0,85.3,7.1,0,55.9,44.1,174,18750,35789,30.4,7.9,13.8,3.9,5.9,29.1,70.2,31.6,7.2,68.4,5.3,65.8,10.6,3.1,1.9,2.4,4.6,19.8,6,9.5,9.9,4.3,19.2,17.9,2.9,14.9,3,2.3,9.1,4.7,2.2,62.9,5.9,0.92,0.08,8.3
86503,11553,3.7,0.1,0.3,92.4,2.1,0.4,50.9,49.1,234,28492,34552,25.9,8.9,10.5,6.9,10.8,41.1,67.8,36.8,11.5,63.2,7.7,57.5,7.2,5.1,4.8,5.6,5.2,21,10.5,5.4,5.9,3.8,12.4,10.7,3.1,8.6,2.2,1.4,3.3,0.7,1.1,77.2,10.9,0.67,0.33,21
86504,7001,2.9,0,2.4,92.1,1.5,0,52.7,47.3,273,25952,33010,34.2,7.4,8.6,5.3,7.8,43.3,76.2,27.6,10.4,72.4,8,68.6,6.5,6.9,9,5.2,5.9,14.9,6.3,5.7,5.6,5.1,17.2,14.9,5.7,12.2,2.9,1.4,3.5,1,1.1,84.7,9.8,0.66,0.34,10.2
86505,7880,1.6,0.4,0.1,96.1,2.3,0.1,51.3,48.7,199,29054,34217,33.8,7.2,8.4,5,7.9,38.6,74.8,28.6,10.6,71.4,7.7,67,6.9,5.3,5.5,5.3,5.8,16.4,8.1,7.3,6.1,4.7,18.6,16.5,3.8,13.9,3.6,2.8,6.5,1.6,2,74.2,8.7,0.83,0.17,14.7
86506,1208,0.4,0,0,97.4,1.4,0,54.3,45.7,147,24457,35083,39,5.5,6.8,5.7,8.9,40.5,77.7,25.4,12.4,74.6,9.3,69.7,6.5,4.2,1.9,9.8,6,14.2,7.4,8.4,6.4,7.2,19,15.4,4,11.8,4.5,1.7,3.4,0.9,0.8,71.2,2.5,0.85,0.15,9.8
86507,2481,0.2,0,0,97.4,0.4,0,54.2,45.8,201,26790,31958,28.6,8.8,8.1,4.4,9.5,43.4,71.8,30.6,14.7,69.4,9.6,62.2,6.4,8.2,5.4,4.2,4.4,17.3,9.2,7.1,5.5,4.4,13.5,12,3.1,9.1,2.6,1.7,3.5,0.5,1.3,73.4,6,0.93,0.07,27.2
86508,822,1.8,0,0,91.6,1.9,0,54.3,45.7,159,25882,29417,39.4,3.5,5.1,4.9,7.8,41.7,83.5,19.5,17.5,80.5,14.6,75.4,5.8,5,3.3,5.2,6.4,11.1,6,8.8,8.2,5.7,20.3,16.9,3.8,14.6,3.4,3.6,7.4,1.8,1.9,69.1,3.5,0.96,0.04,9
86510,4741,1.5,2.1,0,93,2,0.1,52.1,47.9,312,25827,39306,28.4,8.8,8.6,7.2,10.5,38.1,69.5,35.7,10,64.3,6.7,59.2,6.1,4.9,4.5,5.3,5,19.7,11.1,5.7,6.6,4.2,16.1,14.3,3.7,11.9,2.5,2.4,5.7,2.3,1.1,65.2,9.9,0.83,0.17,34.9
86511,3640,3.6,1,0.3,92.2,1.8,0.3,49,51,195,28413,34338,38,2.5,7.3,5.7,8.3,41.3,82.3,21.1,10.4,78.9,7.8,75.3,5.4,7.7,7.6,4.6,5.9,12.9,5.6,10.1,6.6,9,20.7,16,4,11.7,2.5,2.3,5.2,1.4,1.5,76.7,11.2,0.93,0.07,11.8
86512,2634,5.5,2.5,0.5,89,3.2,0,48.4,51.6,222,26333,32083,29.5,9.5,7.7,4,6.9,39.3,70.9,31.5,10.5,68.5,7.6,63.7,9.6,5.6,5.1,4.5,6.7,17.9,10.3,6,4.3,4.9,16.3,14.7,3,11.4,3.9,2.1,4.5,1.1,1.3,72.9,5.3,0.71,0.29,11.9
86514,2734,1.5,0.2,0.1,97.7,1.7,0,49.9,50.1,204,27708,36344,37.6,3.9,7.8,8.5,12.4,40.6,79.1,26.2,12.4,73.8,8.5,68,4.1,4.3,5.1,6,5.4,13.7,5.9,6.8,8,4.5,21.6,19.9,5.3,17.1,3.8,3.4,8,3.1,1.6,68.1,7.7,0.81,0.19,18.5
86515,4933,5.1,0.9,0.4,89,6.2,0,52,48,337,31438,36090,33.8,7.1,7.8,3.8,6.9,38.9,73.2,28.8,8.8,71.2,5.7,66.4,7.8,6.4,5.6,6.5,6.3,17.9,10.2,6.5,4.6,6.9,18.7,16.5,3.9,11.8,3.4,2,4.5,0.9,1.6,80.7,12.9,0.56,0.44,11.5
86520,1882,0,0,0,98.9,1,0,53.3,46.7,216,21307,32560,30.5,7.9,8.1,6.8,10.1,38.4,72.4,32.1,11.7,67.9,8.3,62.3,5.5,4.3,3.7,6.4,6.4,17.4,9.3,8.5,6.5,3.9,14.9,13.7,2.8,11.1,2.9,2.6,5.3,1.6,1.2,65.5,3.7,0.87,0.13,25.1
86535,1260,0,0,0,99,0,0,54.2,45.8,181,25046,30556,31,8,9,4.8,7.2,41,74.9,28.9,12.3,71.1,9.9,66.7,7.6,4.4,7.5,4.4,7.2,16,7.1,9.7,5.4,2.7,12.6,10.6,3.4,9.9,1.1,1.6,5.4,1.9,1.9,72.5,2.3,0.96,0.04,19.7
86538,2080,2.5,0.1,0.3,96.9,0.1,0,52,48,210,29125,35110,28.9,6.4,11.1,5.6,7.7,40.3,70.9,32.6,9.8,67.4,7.6,63.8,8.6,6.9,5.2,4.2,6.1,20.5,9.4,8,5.5,3.6,13.1,11.8,3.1,9.6,2.5,2.4,3.9,1,0.5,76.6,14.9,0.68,0.32,22.3
86540,1042,0,0,0,98.2,0.2,0,54.1,45.9,160,29000,37632,30.7,10.2,8.5,4.7,8.6,34.4,70.8,32.5,8.9,67.5,5,63,7.3,5.6,6,1.9,4.4,17.7,9.1,7.7,3.3,5.6,22.5,20.2,6,16.9,2.9,2.4,8,3,2.6,62.1,5.9,0.87,0.13,10.4
86544,1129,1.2,0,0,98.1,0.4,0,46.3,53.7,193,25500,35903,32,6.2,8.7,4.7,8,42.2,76.4,26.7,12.3,73.3,9,67.6,9.3,4.2,4.9,6.8,7.2,15.8,7.1,4.2,6.2,6,18.3,16.4,3.1,12.3,2.7,2.6,6.6,1.1,2.9,72.1,5.8,0.84,0.16,31.2
86545,1436,0,0,0,99.7,0,0,53.7,46.3,159,27955,32292,29,9.1,8.8,5.2,7.6,37.2,73,31.8,10.8,68.2,8.4,64.1,7.9,4.5,3.9,4.8,5.5,17.5,8.7,6.6,6.1,4.5,18,15.6,3.8,13.5,2.7,2.6,7,3.1,1.3,71.5,7,0.9,0.1,21.7
86547,1185,0,0,0,99.7,0,0,52,48,169,24313,31250,35.2,9.5,8.9,6.7,9.7,37.3,73.4,30.1,10.5,69.9,7.4,65.2,6.6,2.4,6.3,4.9,9.4,14,5.1,5.7,3.9,6.2,20.3,17.6,6,14,3,2.3,5,0.9,1.8,67.6,3.7,0.96,0.04,18.7
86556,1956,10.2,0.4,1.3,86.4,3.7,0,52,48,211,17019,30500,23.5,8.5,7.2,3.5,15.4,46.6,74.9,27.4,25,72.6,13.1,55.5,7.2,1.9,5.2,3.8,6.3,15.3,8.2,7.5,5.3,2.9,10.4,8.8,3.3,7.5,1.9,0.3,2.3,1.7,0.3,72.3,11.6,0.6,0.4,26.2
87305,3553,8.6,0,0.9,86.7,5.5,0.1,49.2,50.8,230,20723,26298,39,4.8,6.4,3.8,7.9,42.6,81.8,21.4,9.2,78.6,5.1,73.8,9.8,6.2,9.1,4.6,5.3,12.7,6.3,8.4,9.5,8.4,16.6,11.8,1.9,8.2,3,1,3.2,1.6,0.6,71.7,2.5,0.89,0.11,12
87327,9505,2.1,1.3,0.1,95.4,1.6,0,51.1,48.9,264,15063,23896,32.1,6.7,7.8,3.9,7,43.2,76,26.9,10.9,73.1,7.8,67.4,9,6.5,5.9,6.9,8.6,16.3,8.5,6.8,4.7,4.7,13.8,11.7,3.6,9.1,2.4,1,3.1,1.2,0.9,74,6.1,0.81,0.19,20.7
87328,2674,0.9,0.2,0.1,94.5,2.1,0,51.3,48.7,304,21818,31414,28.6,9.5,11.6,3.2,5.3,35.8,65.3,36.6,9.2,63.4,7.1,58.5,5.6,6.8,5.8,5.2,5,23.9,12.3,5.1,5.2,4.7,15.5,13.2,3.4,10.8,2.9,1.5,4.4,2.4,0.5,80.6,10.4,0.49,0.51,11.4
