Zip Code,MONTHLY HOUSING COSTS - Median,Owner-occupied housing percentage,Renter-occupied housing percentage,Total population,Fy 2017,Fy 2018,FY 2019 Through 7/31/2019
75001,1248,0.180403041,0.819596959,14617,189000,177800,166750
75002,1567,0.787598166,0.212401834,69688,295000,376600,513100
75006,1105,0.521878515,0.478121485,50788,444850,541600,519400
75007,1340,0.735726621,0.264273379,53744,456400,686450,769300
75009,1626,0.801245753,0.198754247,10557,29000,26900,33000
75010,1363,0.441126049,0.558873951,27822,164000,182950,194800
75013,2060,0.755932992,0.244067008,38975,125000,269200,318850
75019,1741,0.704743907,0.295256093,41947,167600,259050,380150
75020,758,0.641697878,0.358302122,21891,159000,230800,326150
75021,694,0.771437384,0.228562616,8704,88000,234600,64000
75022,2278,0.95030974,0.04969026,24625,171000,299500,286000
75023,1347,0.634714176,0.365285824,49563,221950,265350,321800
75024,1460,0.434885824,0.565114176,42405,106500,167000,256000
75025,1547,0.70716052,0.29283948,53559,176000,219600,270400
75028,1805,0.833145434,0.166854566,47056,271100,415300,495000
75032,1581,0.826497244,0.173502756,31399,279350,349700,513950
75034,1791,0.708675193,0.291324807,95996,597000,1546900,1572900
75035,1866,0.797226298,0.202773702,65264,147000,191450,311750
75038,994,0.154411171,0.845588829,29762,136000,216850,286700
75039,1429,0.186122726,0.813877274,18010,89250,124750,92900
75040,1079,0.718957782,0.281042218,62277,480550,711700,819700
75041,940,0.584363412,0.415636588,33304,261150,409950,415700
75042,885,0.502710144,0.497289856,39559,472000,598050,646650
75043,1085,0.573777565,0.426222435,59951,471000,532450,603950
75044,1187,0.670798444,0.329201556,40942,253000,432650,557150
75048,1541,0.871709652,0.128290348,24203,139000,135450,162800
75050,944,0.431147541,0.568852459,42670,392450,674350,597300
75051,862,0.47297191,0.52702809,40962,382150,611600,534450
75052,1288,0.751000203,0.248999797,94133,412150,640950,844350
75056,1420,0.644318237,0.355681763,57115,363400,430600,545450
75057,1085,0.348560079,0.651439921,14562,79000,106000,114050
75058,1281,0.783564815,0.216435185,2697,6900,24000,27000
75060,909,0.624064358,0.375935642,47922,603650,872700,910400
75061,896,0.382848304,0.617151696,54907,443200,541700,709700
75062,949,0.42577548,0.57422452,48553,610400,750500,794150
75063,1303,0.403480912,0.596519088,38383,235750,314200,391950
75065,1265,0.767335369,0.232664631,12457,54000,93600,137750
75067,1142,0.38361498,0.61638502,66896,397950,729250,564050
75068,1576,0.778211658,0.221788342,55848,163000,323000,630000
75069,1021,0.518163877,0.481836123,36879,324350,532250,614500
75070,1702,0.734168278,0.265831722,93299,390100,842700,655100
75071,1634,0.711702128,0.288297872,49846,201000,202150,240000
75074,1201,0.583870968,0.416129032,48977,494150,901600,899600
75075,1212,0.653149634,0.346850366,35933,219000,292950,313300
75076,810,0.750903713,0.249096287,7244,42000,97500,69900
75077,1640,0.80171217,0.19828783,36181,256550,301000,350800
75078,2389,0.879397807,0.120602193,20611,96000,208550,279500
75080,1251,0.546973535,0.453026465,50247,429750,656750,704150
75081,1233,0.565667725,0.434332275,37960,313950,447250,541450
75082,1526,0.733028138,0.266971862,23733,51000,97500,99000
75087,1525,0.779013751,0.220986249,33110,273000,466000,566750
75088,1412,0.857045917,0.142954083,25842,448000,538350,587950
75089,1550,0.892084978,0.107915022,33117,95000,152350,164000
75090,801,0.615375062,0.384624938,23936,197000,354550,456000
75092,859,0.548025452,0.451974548,24312,130000,249700,169850
75093,1597,0.635087178,0.364912822,48021,282350,464700,523500
75094,2131,0.84452066,0.15547934,23097,44750,131000,202000
75098,1455,0.800071149,0.199928851,54534,438000,521800,618450
75101,661,0.71627907,0.28372093,710,14000,23500,12000
75103,709,0.792368778,0.207631222,13967,203000,299400,412850
75104,1333,0.699378804,0.300621196,48568,347150,492150,490100
75109,995,0.845809341,0.154190659,4096,73550,90950,146400
75110,736,0.618878357,0.381121643,28847,352350,805500,886200
75114,1159,0.801044386,0.198955614,5930,14000,17000,25000
75115,1225,0.628970642,0.371029358,52377,333600,480150,481450
75116,937,0.583064392,0.416935608,19996,268000,479100,525050
75117,767,0.742893241,0.257106759,4007,37000,70000,59800
75119,843,0.638251366,0.361748634,27514,379450,779450,887200
75124,598,0.740878169,0.259121831,4229,65000,110100,75500
75125,829,0.771003361,0.228996639,6236,126750,114750,134000
75126,1520,0.883850882,0.116149118,42409,364400,411050,444850
75132,1523,0.935087719,0.064912281,1864,15000,36750,32000
75134,1058,0.580654379,0.419345621,22106,51850,100500,94800
75135,1066,0.827331487,0.172668513,7113,59000,84750,96300
75137,1164,0.707149136,0.292850864,19640,177500,325000,360950
75140,610,0.702338129,0.297661871,6752,66000,97450,87200
75141,822,0.669160432,0.330839568,5815,111300,166050,219200
75142,883,0.738043296,0.261956704,18702,202000,327950,384800
75143,710,0.76145282,0.23854718,14138,216100,353500,311050
75144,557,0.680183627,0.319816373,3377,152000,134000,101450
75146,1077,0.637751247,0.362248753,19071,142400,232500,366400
75147,747,0.697035745,0.302964255,6736,82050,119400,94600
75148,616,0.690654206,0.309345794,5774,71650,73800,127300
75149,982,0.611248178,0.388751822,55797,444650,706200,764300
75150,1005,0.457622365,0.542377635,62297,665800,825750,820250
75152,969,0.80494322,0.19505678,4694,43000,83400,92000
75154,1226,0.768575105,0.231424895,40225,438900,651200,696350
75155,806,0.813137033,0.186862967,2946,33000,48000,37000
75156,787,0.785451639,0.214548361,15720,44700,67000,96400
75158,880,0.885446686,0.114553314,3793,4000,11000,13700
75159,882,0.732723949,0.267276051,19440,178400,343900,632950
75160,936,0.611567254,0.388432746,25315,272450,383050,452750
75161,925,0.793606018,0.206393982,6577,68000,105450,106250
75165,1050,0.613871426,0.386128574,42048,637650,922550,1066350
75166,1652,0.868839428,0.131160572,4057,32000,51550,75000
75167,1342,0.913984962,0.086015038,10616,19000,23000,29000
75169,692,0.789151541,0.210848459,12779,84800,124200,131600
75172,600,0.554162936,0.445837064,4109,47000,106000,96700
75173,1244,0.870752831,0.129247169,4166,24000,20750,49000
75180,926,0.599904015,0.400095985,24112,192850,339300,386800
75181,1476,0.840280386,0.159719614,27588,76000,33000,32650
75189,1290,0.83655861,0.16344139,25560,98000,166100,140500
75201,1617,0.102753304,0.897246696,15185,39000,101150,96000
75202,1534,0.198920586,0.801079414,2029,35000,28000,23050
75203,714,0.293053777,0.706946223,16351,157450,232000,215600
75204,1431,0.204907756,0.795092244,30370,102000,114000,157300
75205,2468,0.633042711,0.366957289,24211,32000,34500,35000
75206,1245,0.258813161,0.741186839,38762,466750,384900,425350
75207,1519,0,1,8028,82000,150000,160050
75208,961,0.544953767,0.455046233,29448,124000,159400,156200
75209,1560,0.58473167,0.41526833,13898,356000,472800,660450
75210,663,0.257527453,0.742472547,8243,44000,52100,70450
75211,819,0.496380846,0.503619154,77600,186050,392150,589300
75212,612,0.536621422,0.463378578,26120,107000,132550,181750
75214,1442,0.555204848,0.444795152,34145,105000,117950,143300
75215,719,0.354489664,0.645510336,15664,115000,226750,213900
75216,680,0.510040386,0.489959614,52895,201950,307800,354450
75217,813,0.610739979,0.389260021,85249,280900,387350,458350
75218,1200,0.657806353,0.342193647,22264,146650,229950,247600
75219,1331,0.349749821,0.650250179,23277,130800,181000,175700
75220,833,0.312622173,0.687377827,42642,603700,726750,822900
75223,828,0.546793761,0.453206239,14351,217250,273800,307100
75224,801,0.482500911,0.517499089,36468,50000,79300,80900
75225,2646,0.752091341,0.247908659,21568,84000,119000,148600
75226,1133,0.029181866,0.970818134,4790,37000,64000,102000
75227,874,0.576434054,0.423565946,57806,118050,168300,182050
75228,845,0.456784332,0.543215668,74605,182600,244400,296800
75229,1478,0.715156951,0.284843049,32390,124900,213450,318200
75230,1428,0.60678305,0.39321695,27521,131000,171300,121900
75231,842,0.195118975,0.804881025,40464,263750,365150,339850
75232,847,0.58457922,0.41542078,30714,270750,371600,411600
75233,897,0.510393981,0.489606019,16318,13000,30000,37000
75234,1128,0.615879083,0.384120917,32589,352650,594200,799500
75235,1019,0.262445887,0.737554113,18794,124000,163050,228000
75236,920,0.344516537,0.655483463,18542,56450,116800,110000
75237,811,0.150421179,0.849578821,20295,82600,95900,123450
75238,979,0.494065517,0.505934483,33009,145000,413800,429300
75240,970,0.228503657,0.771496343,27875,164000,261900,275150
75241,739,0.591315089,0.408684911,29398,110000,172800,177900
75243,867,0.244075483,0.755924517,67445,239200,278800,356750
75244,1405,0.499340804,0.500659196,13613,269000,250000,184000
75246,707,0.154417836,0.845582164,2276,33700,46100,62350
75248,1275,0.531549471,0.468450529,35464,160250,200400,213000
75249,1315,0.780259222,0.219740778,16100,6000,12000,12650
75251,1297,0,1,2368,42000,45000,64900
75252,1094,0.397880309,0.602119691,26493,163650,229600,255850
75253,821,0.655612245,0.344387755,22721,71000,139150,145550
75254,1060,0.18498452,0.81501548,26602,135000,196500,294700
75287,1017,0.203942325,0.796057675,53903,312150,421100,351000
75401,755,0.533570545,0.466429455,18830,82800,132500,141200
75402,912,0.711482792,0.288517208,16931,276000,347450,328000
75407,1003,0.683253077,0.316746923,16367,96350,138000,186000
75409,1352,0.737591912,0.262408088,14010,99000,136950,112250
75414,900,0.847693647,0.152306353,3184,12000,29000,39000
75418,706,0.688705234,0.311294766,14318,137000,233250,226300
75422,692,0.861900098,0.138099902,2946,6000,14000,8000
75423,780,0.846520496,0.153479504,2749,9000,13000,18000
75424,1016,0.840189873,0.159810127,3765,8000,16000,19000
75426,482,0.673304884,0.326695116,4953,11000,31050,63000
75428,728,0.482895784,0.517104216,10802,54650,99600,70900
75432,659,0.673563218,0.326436782,3519,14000,110000,100000
75433,714,0.811267606,0.188732394,2752,18000,13000,12000
75435,460,0.666666667,0.333333333,1374,2250,2000,2000
75440,669,0.801841473,0.198158527,6201,68650,137550,115300
75442,984,0.686711646,0.313288354,9848,66500,139900,90000
75446,635,0.774873524,0.225126476,3553,5000,4000,7000
75449,566,0.718213058,0.281786942,1484,2000,17000,11000
75452,737,0.735632184,0.264367816,4306,13000,22600,26250
75453,719,0.799209486,0.200790514,3102,6000,15000,17450
75454,1757,0.840122982,0.159877018,8807,60500,91800,100950
75455,689,0.648671626,0.351328374,28560,274700,602250,513750
75457,752,0.705508475,0.294491525,6131,58900,77800,85150
75459,826,0.759873618,0.240126382,5207,45000,66400,48000
75460,610,0.50419426,0.49580574,22226,188400,406350,394100
75462,857,0.735472291,0.264527709,11691,124550,145650,134000
75472,631,0.706884799,0.293115201,3931,30000,30850,18100
75473,651,0.845170455,0.154829545,3879,6000,1000,9000
75474,659,0.757093172,0.242906828,15047,127000,187050,273000
75479,560,0.792207792,0.207792208,1859,6000,22000,16000
75482,719,0.64575405,0.35424595,24802,219500,456000,477600
75489,912,0.646489104,0.353510896,1061,2750,4000,6000
75490,940,0.85778781,0.14221219,2399,16000,21000,30000
75491,840,0.751506024,0.248493976,5646,30000,30500,30000
75494,619,0.783701657,0.216298343,9931,50000,74100,65900
75495,1086,0.791216703,0.208783297,7797,45000,65000,77000
75496,636,0.77751004,0.22248996,3436,30000,29000,35000
75497,813,0.847672779,0.152327221,3585,28000,28000,27450
75501,661,0.600841337,0.399158663,35692,109450,257400,271000
75503,953,0.637379858,0.362620142,25916,299000,490300,399750
75550,452,0.798882682,0.201117318,838,3000,4000,4000
75551,599,0.789275635,0.210724365,10867,103000,165850,169600
75554,553,0.897402597,0.102597403,1805,13000,17600,11000
75556,434,0.804232804,0.195767196,1044,4000,3000,5000
75559,507,0.800583658,0.199416342,5316,44000,53850,39000
75560,573,0.864553314,0.135446686,715,22000,24650,32000
75561,635,0.693972179,0.306027821,5108,18000,30050,36750
75563,512,0.712096333,0.287903667,4410,55000,123400,102000
75567,770,0.761098131,0.238901869,5191,3000,2000,4750
75568,548,0.685328185,0.314671815,2271,11000,12000,18300
75569,752,0.524360033,0.475639967,3229,6000,27000,26000
75570,589,0.700031279,0.299968721,10969,58450,81650,110000
75571,604,0.838392857,0.161607143,3189,4000,8000,5000
75572,477,0.75875,0.24125,4285,22300,85850,104850
75601,786,0.566798419,0.433201581,16310,212000,301800,303300
75602,692,0.590138236,0.409861764,22112,245300,360900,375600
75603,717,0.808849558,0.191150442,5913,78000,121350,173750
75604,835,0.543274802,0.456725198,30565,337600,546450,846550
75605,890,0.61425182,0.38574818,30721,364100,568550,674300
75630,517,0.888601036,0.111398964,2238,9000,31850,10750
75631,605,0.791150442,0.208849558,3137,16000,16000,19000
75633,634,0.752050708,0.247949292,13779,130000,182600,191550
75638,535,0.76092437,0.23907563,5908,52000,84050,56950
75640,701,0.796517954,0.203482046,5020,12000,15000,6050
75644,615,0.711763357,0.288236643,12579,105000,154650,193850
75647,826,0.704332291,0.295667709,12459,72100,109500,292300
75650,803,0.759178594,0.240821406,8858,25000,32050,125000
75651,623,0.957746479,0.042253521,2192,8000,6000,9750
75652,695,0.694491887,0.305508113,17061,77000,84000,173700
75654,649,0.784152414,0.215847586,12299,76000,106000,177700
75656,626,0.748762376,0.251237624,4601,6000,24450,15000
75657,536,0.752299021,0.247700979,8139,125300,73100,52350
75661,498,0.760617761,0.239382239,3043,1000,3000,4000
75662,768,0.687701367,0.312298633,26009,338400,618250,594350
75668,551,0.62785114,0.37214886,2005,14150,20950,20300
75670,566,0.626808581,0.373191419,17537,124250,173300,227050
75672,699,0.780194805,0.219805195,16252,40000,66000,50900
75681,416,0.851505711,0.148494289,2299,22000,61850,78000
75683,545,0.790058862,0.209941138,3811,34000,66000,47450
75684,687,0.723779023,0.276220977,7750,35900,44000,73250
75686,616,0.718275154,0.281724846,13047,54050,79000,129100
75691,595,0.731497418,0.268502582,3006,28000,40300,70850
75692,604,0.804625685,0.195374315,5078,49100,61000,65000
75693,1025,0.686516376,0.313483624,6973,35000,66450,107350
75701,879,0.567457737,0.432542263,34876,301850,676700,801050
75702,649,0.519959447,0.480040553,28270,434300,695700,931050
75703,958,0.562234837,0.437765163,40868,362700,561100,695150
75704,655,0.764491553,0.235508447,9974,89000,159350,171250
75706,710,0.650920458,0.349079542,9793,174450,125600,186350
75707,932,0.722623574,0.277376426,14565,42000,82200,147000
75708,645,0.677029361,0.322970639,7709,100000,166350,173100
75709,993,0.592741935,0.407258065,5046,56000,127550,104000
75750,702,0.816713483,0.183286517,3695,22000,17000,27000
75751,755,0.627197518,0.372802482,16715,245100,331150,264850
75754,763,0.791546984,0.208453016,6506,38900,40850,46000
75755,657,0.678661936,0.321338064,5150,17000,13000,18800
75756,859,0.898897059,0.101102941,4873,21000,113900,86000
75757,874,0.861796184,0.138203816,12166,53100,69750,91000
75758,639,0.774127907,0.225872093,8100,171000,248800,278250
75760,453,0.841733871,0.158266129,2429,6000,22000,25000
75762,1151,0.801558879,0.198441121,12986,91850,88800,80000
75763,692,0.792624729,0.207375271,6286,32000,58000,48700
75765,681,0.842453817,0.157546183,7751,12000,18750,33000
75766,660,0.702083549,0.297916451,26671,224000,356750,394200
75770,603,0.838709677,0.161290323,3364,5400,2000,1000
75771,855,0.778409091,0.221590909,21078,174000,245000,317750
75773,758,0.761694058,0.238305942,12927,60750,86500,143150
75778,544,0.800159872,0.199840128,3167,11000,41000,37050
75783,728,0.813379074,0.186620926,7559,95200,114900,138700
75785,608,0.769853628,0.230146372,10909,90000,138050,136500
75789,753,0.821350763,0.178649237,7501,28000,23700,28950
75790,675,0.738796415,0.261203585,4600,60000,103850,174600
75791,1024,0.767042987,0.232957013,13268,86900,128000,146300
75792,669,0.644605621,0.355394379,2562,12000,16200,21650
75801,694,0.605020045,0.394979955,15615,363700,534100,415400
75803,707,0.74044817,0.25955183,22903,43000,89550,84500
75831,523,0.766886745,0.233113255,5746,85000,131800,138350
75833,490,0.78085443,0.21914557,3462,55000,58650,68850
75835,610,0.607964602,0.392035398,10924,142700,200700,177050
75839,586,0.831516353,0.168483647,5192,42000,46500,116650
75840,642,0.749058026,0.250941974,6950,86600,127750,181100
75844,555,0.775908222,0.224091778,6340,41000,56350,35450
75845,468,0.760302775,0.239697225,3208,10000,15000,27100
75846,483,0.712037037,0.287962963,2875,44000,68000,68000
75847,456,0.755944931,0.244055069,1783,7000,5000,10000
75851,570,0.841288783,0.158711217,4834,32800,37000,14900
75852,692,0.721518987,0.278481013,4889,4000,1000,2000
75855,442,0.827586207,0.172413793,2463,7000,11000,13000
75859,565,0.847184987,0.152815013,1657,7950,8000,14000
75860,615,0.747804878,0.252195122,6415,78250,100400,99500
75862,531,0.787264151,0.212735849,9863,104000,84050,82650
75901,758,0.650281287,0.349718713,31647,620450,826200,1029900
75904,756,0.588968401,0.411031599,33820,351000,485600,634950
75925,621,0.69682959,0.30317041,4099,30200,100000,146650
75929,391,0.840816327,0.159183673,1860,11000,32950,39750
75931,572,0.893138358,0.106861642,2189,6000,14000,15000
75935,533,0.668857847,0.331142153,13955,199000,301750,333150
75936,435,0.80781759,0.19218241,842,1000,10000,2000
75938,480,0.84141791,0.15858209,2686,14150,20850,18000
75939,431,0.670698186,0.329301814,4939,26850,33300,49200
75941,512,0.750375375,0.249624625,8974,52000,52800,48050
75944,452,0.903339192,0.096660808,1409,37000,54200,37000
75946,604,0.630503145,0.369496855,3209,28000,17000,14750
75948,447,0.888547609,0.111452391,6037,145000,151450,104650
75949,618,0.818149466,0.181850534,7376,75000,70250,58600
75951,607,0.675644028,0.324355972,16072,203550,311700,362250
75954,567,0.779946761,0.220053239,3079,40000,43000,62100
75956,454,0.751120303,0.248879697,8533,29000,97350,172200
75961,759,0.483982257,0.516017743,15484,228400,377550,351350
75964,617,0.601178782,0.398821218,19086,95000,160500,251200
75965,782,0.489411459,0.510588541,18811,135000,246400,285400
75966,488,0.810453762,0.189546238,5287,97000,135600,106800
75968,441,0.797583082,0.202416918,1883,5000,5000,5000
75969,599,0.850619195,0.149380805,3726,26000,38000,35000
75972,441,0.78043382,0.21956618,6040,58850,134850,165900
75974,452,0.722966935,0.277033065,3245,13000,21800,45250
75975,434,0.715869716,0.284130284,3727,17000,29000,33400
75976,465,0.557491289,0.442508711,806,19000,22000,15000
75979,548,0.80965076,0.19034924,12384,73000,122000,111750
75980,376,0.734406439,0.265593561,2500,44000,29000,49000
76001,1390,0.827834738,0.172165262,31829,39000,43700,78750
76002,1523,0.853972799,0.146027201,36569,141000,263800,289750
76006,927,0.257137883,0.742862117,23259,181000,247950,321300
76008,1742,0.882236249,0.117763751,16334,44000,56400,45850
76009,872,0.788321168,0.211678832,21049,154700,323950,415200
76010,826,0.327227358,0.672772642,57813,321400,504300,574700
76011,826,0.209494001,0.790505999,22953,188700,296050,367100
76012,984,0.625862409,0.374137591,26571,185000,302200,399600
76013,912,0.513572286,0.486427714,33169,192400,310250,369300
76014,1042,0.520123839,0.479876161,35235,191250,338550,444000
76015,1002,0.507794048,0.492205952,16464,250200,432650,587900
76016,1314,0.808749448,0.191250552,30808,265000,384850,407250
76017,1147,0.669068541,0.330931459,47010,477150,667050,867700
76018,1203,0.698487108,0.301512892,31416,320800,558350,567100
76020,904,0.744190685,0.255809315,27714,238000,430850,437100
76021,1098,0.558104673,0.441895327,35903,648750,517150,494550
76022,1092,0.521928235,0.478071765,13059,50650,100150,112750
76023,863,0.715882627,0.284117373,5930,67000,102000,94600
76028,1191,0.780190991,0.219809009,67388,548300,1050300,1203400
76031,727,0.732440919,0.267559081,18050,209750,267300,324000
76033,881,0.605493801,0.394506199,25190,353400,553950,769200
76034,2326,0.958775695,0.041224305,25557,145000,154000,136000
76035,1030,0.949913644,0.050086356,1466,43000,39000,56000
76036,1238,0.756309238,0.243690762,25736,294500,530250,657900
76039,1143,0.424940651,0.575059349,33750,366050,490550,565050
76040,973,0.470784348,0.529215652,32301,217850,258100,303450
76043,842,0.701610018,0.298389982,7509,291000,234600,431200
76044,829,0.790343915,0.209656085,3799,38300,37950,46350
76048,805,0.671711035,0.328288965,23702,270000,353300,436950
76049,899,0.822626597,0.177373403,27889,370100,564000,704600
76050,940,0.871131405,0.128868595,5747,36000,29000,25000
76051,1364,0.55382515,0.44617485,51685,423250,543100,725900
76052,1624,0.890577965,0.109422035,20779,70000,67000,99000
76053,1016,0.565991012,0.434008988,30567,157050,275150,461650
76054,1292,0.877836351,0.122163649,11948,132000,170750,186050
76055,703,0.758208955,0.241791045,2643,30000,82000,103450
76058,872,0.801369863,0.198630137,18068,132850,175150,208800
76060,1184,0.774392595,0.225607405,7638,60000,81550,96050
76063,1549,0.761126687,0.238873313,69146,448000,877150,1300400
76064,884,0.817531306,0.182468694,1790,13000,33000,26000
76065,1351,0.823381139,0.176618861,34291,344100,502500,750550
76066,688,0.832817337,0.167182663,3193,13400,15000,23000
76067,685,0.639195695,0.360804305,20561,223900,375950,532700
76071,846,0.761519806,0.238480194,4069,6000,2550,10000
76073,843,0.876298862,0.123701138,6155,12000,17000,7000
76078,1140,0.841762333,0.158237667,10366,118200,159000,168750
76082,968,0.813324751,0.186675249,18030,157400,270150,402850
76084,857,0.835274542,0.164725458,8456,71550,107000,102000
76085,1016,0.809896561,0.190103439,10747,17000,34000,44700
76086,993,0.494178039,0.505821961,22311,556400,709050,673650
76087,1194,0.88615322,0.11384678,26889,193800,217200,217600
76088,983,0.835673811,0.164326189,11854,47000,55300,97500
76092,3186,0.929648241,0.070351759,30138,248600,299450,278950
76093,770,0.668759812,0.331240188,1680,63950,31000,28000
76102,1317,0.272830082,0.727169918,9803,93000,93000,149000
76103,763,0.609053498,0.390946502,13689,46000,62650,147800
76104,710,0.420917549,0.579082451,18199,64550,57000,84600
76105,627,0.514571949,0.485428051,21661,46950,98850,91100
76106,798,0.517572208,0.482427792,39218,271200,476200,636800
76107,1130,0.489127283,0.510872717,30110,182500,310200,360000
76108,1037,0.660792052,0.339207948,41418,426500,566350,566250
76109,1349,0.558719601,0.441280399,22448,84000,108000,216250
76110,834,0.58264546,0.41735454,31118,223000,276500,293300
76111,868,0.606428791,0.393571209,22456,200350,284000,332700
76112,845,0.474079547,0.525920453,41448,233500,246050,410050
76114,832,0.564218116,0.435781884,25647,176400,323000,416450
76115,755,0.524497163,0.475502837,20485,170400,247250,231450
76116,902,0.398246683,0.601753317,49789,365000,553650,654150
76117,837,0.563200159,0.436799841,31298,167950,256000,246650
76118,1141,0.745680346,0.254319654,16318,64850,113350,103300
76119,762,0.504442877,0.495557123,48380,169450,227750,331300
76120,994,0.398131362,0.601868638,19041,89100,99400,109000
76123,1399,0.769766767,0.230233233,32131,21000,43150,64000
76126,1213,0.811417419,0.188582581,21355,271350,414850,439800
76131,1393,0.727453696,0.272546304,37868,232500,371550,468500
76132,1024,0.331732309,0.668267691,26405,102300,177600,232650
76133,951,0.6245829,0.3754171,51022,338150,543850,606650
76134,940,0.589627691,0.410372309,26581,200000,331150,282950
76135,1000,0.682241859,0.317758141,23845,210650,278050,351150
76137,1260,0.621270691,0.378729309,60065,365000,522500,660850
76140,1002,0.700471945,0.299528055,30643,411150,403700,401600
76148,1117,0.796226415,0.203773585,23819,345900,381050,516200
76155,1039,0,1,5289,29000,28950,24000
76164,704,0.560256117,0.439743883,16091,101850,149500,272300
76177,1417,0.59503866,0.40496134,7907,93000,122000,144400
76179,1390,0.75489501,0.24510499,57204,281100,441600,676550
76180,1068,0.474453561,0.525546439,36385,406450,523050,561000
76182,1380,0.811643226,0.188356774,31227,52000,119250,213500
76201,839,0.201646917,0.798353083,28038,167650,228800,286300
76205,987,0.374349137,0.625650863,20992,208000,265950,332050
76207,1167,0.651258155,0.348741845,14221,139050,182250,222750
76208,1220,0.631953106,0.368046894,23463,44000,68000,65000
76209,989,0.481634877,0.518365123,24667,72000,96550,99000
76210,1453,0.765239679,0.234760321,44044,94000,124000,168200
76225,874,0.824545455,0.175454545,3313,44000,54000,47000
76226,2180,0.901246883,0.098753117,25037,85000,134450,101500
76227,1491,0.809034908,0.190965092,29616,239600,329450,441400
76228,549,0.824873096,0.175126904,1027,11000,26750,10000
76230,794,0.708684864,0.291315136,9538,188500,241000,170900
76233,971,0.749806352,0.250193648,3490,30000,46000,40000
76234,962,0.734311473,0.265688527,15341,153550,246600,261700
76238,535,0.801204819,0.198795181,400,46000,19000,11000
76240,837,0.648648649,0.351351351,27123,169100,373750,495350
76244,1647,0.792225841,0.207774159,74414,230000,316900,368000
76245,621,0.897828863,0.102171137,1869,3000,4000,2000
76247,1298,0.795216012,0.204783988,14009,41650,71000,78000
76248,1764,0.805831266,0.194168734,39131,500850,599600,610700
76249,1239,0.778741866,0.221258134,8516,91000,121700,86000
76252,751,0.793522267,0.206477733,2622,44000,54000,19600
76255,616,0.703427065,0.296572935,5369,97850,111000,34800
76258,1059,0.8163012,0.1836988,6820,33000,44000,71350
76259,1171,0.758282209,0.241717791,4890,8000,8000,21000
76262,1701,0.768272286,0.231727714,34422,330000,494350,440900
76265,668,0.823782235,0.176217765,1806,8900,5150,4000
76266,1129,0.742713004,0.257286996,15439,96000,156000,274950
76270,543,0.7228739,0.2771261,1797,6000,9000,7000
76271,1000,0.760907504,0.239092496,1626,27000,25750,22000
76272,763,0.769830949,0.230169051,4256,52000,61000,77250
76273,722,0.700316365,0.299683635,9245,31000,53000,63000
76301,598,0.516431925,0.483568075,15632,30400,64800,49000
76302,832,0.582158718,0.417841282,13725,150100,241750,240700
76305,672,0.845474614,0.154525386,4264,9000,16000,30000
76306,653,0.5878252,0.4121748,15099,94450,142850,259000
76308,846,0.549847468,0.450152532,19361,70000,146150,170950
76309,759,0.612050534,0.387949466,12939,65000,62000,72000
76310,928,0.717905876,0.282094124,17720,72950,66000,80000
76351,534,0.681759379,0.318240621,1853,12000,14000,37000
76354,792,0.661477792,0.338522208,12085,67000,73450,99250
76360,526,0.760219646,0.239780354,3561,34400,19550,24750
76364,600,0.758064516,0.241935484,143,8000,11000,14000
76365,587,0.805042017,0.194957983,4395,22100,20350,33100
76366,696,0.769041769,0.230958231,2102,7000,95000,113000
76367,799,0.864204092,0.135795908,14963,12700,15000,46000
76371,484,0.769094139,0.230905861,1557,10000,11000,8850
76372,471,0.67032967,0.32967033,1409,36500,31000,40000
76374,559,0.68164794,0.31835206,3917,39000,64000,69000
76380,463,0.776371308,0.223628692,3633,37000,55000,73000
76384,631,0.648484848,0.351515152,12385,82850,174400,274400
76401,789,0.581167869,0.418832131,29478,228600,481550,473050
76424,590,0.781930452,0.218069548,8794,78200,116350,95700
76426,876,0.667856293,0.332143707,12453,144000,198250,217500
76427,652,0.664819945,0.335180055,1021,18950,36000,38000
76430,586,0.832258065,0.167741935,2428,15000,5000,43150
76431,724,0.858757062,0.141242938,2931,13000,18100,26000
76437,512,0.759675108,0.240324892,5401,117850,141600,181400
76442,530,0.790299052,0.209700948,7496,52000,95000,115000
76443,479,0.746710526,0.253289474,2316,44000,24450,28250
76444,546,0.79814077,0.20185923,3472,40000,42000,23000
76446,676,0.74797048,0.25202952,8105,63900,128700,150000
76448,398,0.772881356,0.227118644,5224,101000,176000,170950
76449,690,0.780991736,0.219008264,2427,49000,53000,45300
76450,634,0.829882812,0.170117187,12885,149550,214000,215800
76453,640,0.918660287,0.081339713,1357,20000,27350,13000
76454,358,0.783387622,0.216612378,1560,14000,8000,5000
76457,666,0.706730769,0.293269231,4102,46000,83000,50350
76458,653,0.836400818,0.163599182,5913,66000,100500,88600
76470,443,0.681281619,0.318718381,3820,20100,28000,39200
76471,361,0.786593707,0.213406293,2275,10000,5000,10000
76472,641,0.830721003,0.169278997,1507,41250,72350,73000
76475,553,0.78028169,0.21971831,909,3000,3000,3000
76476,736,0.798670465,0.201329535,2718,31000,40000,48000
76483,440,0.701680672,0.298319328,972,23000,25500,16000
76486,512,0.85371179,0.14628821,1040,10000,18550,22650
76487,885,0.836824697,0.163175303,2704,27600,23600,16000
76501,701,0.60998062,0.39001938,17571,177200,256150,225750
76502,1071,0.665563147,0.334436853,38571,432000,784750,776650
76504,780,0.391589107,0.608410893,23368,298800,436050,528100
76511,565,0.753889675,0.246110325,2869,18000,33000,32800
76513,907,0.679895199,0.320104801,38124,513200,792650,837700
76520,575,0.680892338,0.319107662,8124,76000,156900,140700
76522,914,0.583985375,0.416014625,36581,355100,594650,679350
76527,779,0.68984375,0.31015625,3886,48000,88000,106550
76528,716,0.70631351,0.29368649,16708,221450,512750,383350
76530,728,0.750325098,0.249674902,2190,62000,116150,185000
76531,554,0.817991632,0.182008368,4632,69000,76450,63400
76534,774,0.735868448,0.264131552,2927,17000,33600,26000
76537,1085,0.764527845,0.235472155,4921,310000,311100,157850
76539,940,0.874628835,0.125371165,8530,14000,42000,40000
76541,661,0.283255504,0.716744496,18447,183250,340600,320800
76542,1123,0.561367621,0.438632379,50324,510050,866450,936100
76543,822,0.381533563,0.618466437,29256,200150,303350,292950
76548,1097,0.64529483,0.35470517,29595,281050,447200,538900
76549,1070,0.510298186,0.489701814,48970,353950,568600,556700
76550,717,0.700529316,0.299470684,12517,172350,184700,281250
76554,824,0.724230254,0.275769746,2285,28850,49000,50500
76556,494,0.79704797,0.20295203,1281,5000,11000,8650
76557,582,0.835702103,0.164297897,4783,11000,12000,22000
76559,948,0.571809931,0.428190069,5534,30000,66000,119950
76567,623,0.596457238,0.403542762,9098,68000,82150,89800
76569,697,0.787878788,0.212121212,2250,27000,32000,54200
76570,496,0.754080522,0.245919478,2909,16700,14200,16250
76571,1061,0.858919549,0.141080451,7200,62000,62000,56000
76574,879,0.645727848,0.354272152,18939,292700,490950,633950
76577,616,0.755102041,0.244897959,3311,41000,47000,64000
76578,741,0.852589641,0.147410359,1422,22000,23000,32000
76579,814,0.753488372,0.246511628,4672,15000,40000,63000
76621,788,0.878116343,0.121883657,907,16000,13000,13000
76627,649,0.891696751,0.108303249,1612,22000,25300,15000
76629,493,0.659722222,0.340277778,1686,51000,51000,21350
76633,1173,0.851336898,0.148663102,5346,26000,37750,64000
76634,627,0.762393768,0.237606232,7068,149500,281850,275000
76635,615,0.742243437,0.257756563,1219,17950,38850,60250
76636,605,0.821621622,0.178378378,1330,8000,4000,12000
76637,617,0.80952381,0.19047619,629,5000,5600,11000
76638,950,0.816987741,0.183012259,3081,7000,4000,16000
76639,514,0.660344828,0.339655172,1341,13000,13000,14850
76640,738,0.684027778,0.315972222,2816,6000,13000,17000
76642,663,0.763085399,0.236914601,7025,65300,94450,81150
76643,1071,0.733491031,0.266508969,14253,119650,265900,279700
76645,684,0.617829249,0.382170751,10477,212500,323450,328700
76648,639,0.742913001,0.257086999,2762,43000,57500,37000
76649,540,0.903448276,0.096551724,701,1000,15000,13000
76651,747,0.690095847,0.309904153,3232,87000,121450,124000
76653,581,0.808022923,0.191977077,902,53000,37000,34000
76655,1083,0.808319468,0.191680532,8530,44000,82000,54000
76656,525,0.759784076,0.240215924,2440,24000,38350,26550
76657,1055,0.700116009,0.299883991,9663,155000,217200,173400
76661,490,0.628061436,0.371938564,8108,108800,149850,150750
76664,733,0.738655462,0.261344538,3494,18000,25650,25250
76665,671,0.678723404,0.321276596,2399,36000,54750,79900
76667,668,0.732841127,0.267158873,11261,75500,157800,161150
76670,791,0.75625,0.24375,1524,2950,3000,1450
76671,588,0.74501992,0.25498008,1792,36000,71650,14100
76673,617,0.753424658,0.246575342,1620,249000,257000,135000
76678,529,0.535353535,0.464646465,362,29000,34000,38000
76681,548,0.6996337,0.3003663,676,3000,4000,6850
76682,682,0.748701973,0.251298027,2702,32000,43000,63000
76687,532,0.725490196,0.274509804,1934,1000,1000,3000
76689,704,0.81972265,0.18027735,3715,2000,15000,20000
76690,539,0.702623907,0.297376093,984,28000,57000,71000
76691,698,0.72651357,0.27348643,6524,60000,140700,141000
76692,665,0.777120823,0.222879177,10577,85250,130200,136300
76693,636,0.564899452,0.435100548,1604,4000,9000,10000
76701,1016,0.173780488,0.826219512,1906,28000,97150,83350
76704,611,0.363577236,0.636422764,7825,34000,37550,29350
76705,730,0.557865558,0.442134442,30546,487000,900950,1166150
76706,814,0.395368389,0.604631611,36680,316850,715900,687750
76707,723,0.45120308,0.54879692,16256,44000,72550,66400
76708,858,0.599527041,0.400472959,27160,138750,263700,414200
76710,805,0.491364421,0.508635579,24415,404850,600800,638000
76711,761,0.532439177,0.467560823,9671,140050,185950,186600
76712,1091,0.684087917,0.315912083,25350,323550,409450,463800
76801,643,0.684571935,0.315428065,24918,489650,694200,796550
76802,655,0.753071972,0.246928028,5010,120000,185050,189000
76821,563,0.748143918,0.251856082,4595,87000,139250,76000
76823,583,0.786885246,0.213114754,3348,55000,53300,41000
76825,592,0.738574748,0.261425252,6891,69300,170800,183000
76834,645,0.707720588,0.292279412,5349,132100,210750,238000
76837,584,0.643442623,0.356557377,2901,24000,35000,31000
76844,486,0.834788937,0.165211063,3719,15000,40000,72000
76849,626,0.721744472,0.278255528,3884,127800,274250,312300
76853,660,0.773684211,0.226315789,1575,17000,10000,11000
76856,655,0.718641719,0.281358281,3684,26000,23000,20000
76859,534,0.641466208,0.358533792,1967,37000,44000,36000
76861,642,0.764430577,0.235569423,1992,6000,17100,9450
76875,630,0.834821429,0.165178571,551,20900,8000,12000
76877,632,0.656696125,0.343303875,4187,55000,80000,80700
76878,582,0.61023622,0.38976378,1920,22000,33000,37150
76901,853,0.665146865,0.334853135,29879,306300,451350,503800
76903,642,0.590284757,0.409715243,32103,418800,656900,766550
76904,976,0.594021424,0.405978576,34828,266000,443500,687000
76905,864,0.682086168,0.317913832,13129,24000,49650,87800
76932,619,0.691780822,0.308219178,3744,177000,309150,371000
76933,549,0.719869707,0.280130293,1344,15600,31350,31000
76935,729,0.949675325,0.050324675,1736,6000,11000,16000
76936,504,0.768602541,0.231397459,3122,23000,36000,63000
76941,640,0.822183099,0.177816901,1430,63250,121450,95000
76943,483,0.730239304,0.269760696,3693,42000,69700,127000
76945,524,0.697121402,0.302878598,1647,29000,22000,46000
76950,657,0.679066835,0.320933165,3915,67000,105200,180000
76951,409,0.850649351,0.149350649,1139,36000,55050,40000
77002,1439,0.252807284,0.747192716,12370,280400,338750,259900
77003,1209,0.450559284,0.549440716,9646,344000,404100,236850
77004,1082,0.344452774,0.655547226,37642,42000,78600,76850
77005,2476,0.730077121,0.269922879,28233,87000,114000,118000
77006,1422,0.353718082,0.646281918,21945,97000,92000,106100
77007,1866,0.505974217,0.494025783,35822,265000,360500,451400
77008,1522,0.589538347,0.410461653,34491,242000,374000,380300
77009,912,0.535341422,0.464658578,37751,156700,249200,239650
77010,3096,0.132427844,0.867572156,915,17000,13550,10250
77011,625,0.455775049,0.544224951,18598,60050,107150,95250
77012,701,0.412886259,0.587113741,20085,110000,216850,180050
77013,807,0.357458654,0.642541346,20790,68000,210550,232500
77014,1017,0.422884715,0.577115285,35729,62000,82000,102750
77015,855,0.512593523,0.487406477,57258,427900,771050,810250
77016,597,0.634633098,0.365366902,29597,62000,107650,95250
77017,791,0.536453645,0.463546355,32556,123000,221750,219150
77018,1143,0.674533933,0.325466067,28073,231050,490050,335600
77019,1798,0.525611444,0.474388556,21572,125000,152750,191450
77020,628,0.445424606,0.554575394,25898,99000,173550,216600
77021,812,0.394150418,0.605849582,26654,105150,165100,126050
77022,630,0.44863459,0.55136541,27364,177000,301850,258400
77023,740,0.452981651,0.547018349,28528,177000,260600,157050
77024,2046,0.671452924,0.328547076,38110,140000,211150,277450
77025,1334,0.425881627,0.574118373,28922,172800,229250,211100
77026,602,0.41771053,0.58228947,22799,50450,81650,76250
77027,1555,0.351766685,0.648233315,16012,214000,293500,295850
77028,578,0.541259501,0.458740499,15725,112650,144300,155100
77029,678,0.587217514,0.412782486,17894,184000,372450,283850
77030,1512,0.427913496,0.572086504,10813,32000,63000,41000
77031,840,0.456108144,0.543891856,18052,113000,173600,246750
77032,863,0.365330848,0.634669152,14443,147750,211600,254600
77033,625,0.608600503,0.391399497,29692,38000,70800,58150
77034,919,0.439537329,0.560462671,40183,281450,382050,251450
77035,855,0.41197681,0.58802319,38324,308000,457750,508400
77036,746,0.193318933,0.806681067,76605,182100,278450,224200
77037,781,0.699503768,0.300496232,20038,223000,327150,278000
77038,941,0.522775549,0.477224451,30653,126700,204000,325900
77039,803,0.614459441,0.385540559,27972,93250,195200,167950
77040,995,0.54577385,0.45422615,48273,311000,420200,494000
77041,1209,0.752854322,0.247145678,35372,218650,325950,411550
77042,1019,0.258074615,0.741925385,42098,218000,348750,397550
77043,980,0.58127859,0.41872141,25838,213000,203050,191150
77044,1407,0.739637923,0.260362077,42665,130000,262450,385650
77045,851,0.680832527,0.319167473,36270,118550,228450,230200
77046,1883,0.30876217,0.69123783,1029,44000,42000,51000
77047,1123,0.715354249,0.284645751,29410,261600,382250,381150
77048,718,0.64265386,0.35734614,17143,34950,82300,150250
77049,1084,0.687670965,0.312329035,33749,215000,386800,471250
77050,571,0.782763533,0.217236467,5031,13000,37700,47400
77051,707,0.414126516,0.585873484,16661,98150,146400,105950
77053,969,0.656864989,0.343135011,31868,143000,222750,265000
77054,1065,0.160592711,0.839407289,22517,156000,193850,210400
77055,981,0.424504457,0.575495543,45003,279700,505050,471950
77056,1740,0.433314784,0.566685216,21732,122900,212000,210000
77057,1142,0.342286953,0.657713047,40130,298000,619600,526650
77058,1004,0.295420792,0.704579208,16669,223000,372900,441550
77059,1605,0.90354899,0.09645101,17374,82000,138000,135000
77060,764,0.231606255,0.768393745,44549,72000,150850,190050
77061,768,0.344188723,0.655811277,26276,108000,263050,268500
77062,1273,0.783357245,0.216642755,26583,90000,156800,186700
77063,1036,0.259176194,0.740823806,38931,177700,408000,515600
77064,1168,0.58404908,0.41595092,49578,130800,228850,259350
77065,1122,0.480010643,0.519989357,38820,557400,694400,652250
77066,1085,0.699175957,0.300824043,33796,92000,158550,156800
77067,893,0.402854331,0.597145669,33489,156200,212000,215000
77068,1169,0.662392044,0.337607956,10897,99000,88300,89350
77069,1168,0.54724793,0.45275207,18238,207600,421150,314150
77070,1244,0.522396388,0.477603612,51080,586200,783900,764300
77071,924,0.549636804,0.450363196,27981,82000,190850,213400
77072,897,0.476558562,0.523441438,62162,252650,404150,553650
77073,1130,0.550608235,0.449391765,42780,112000,228100,229750
77074,826,0.325133283,0.674866717,39915,107000,242750,259800
77075,993,0.534731426,0.465268574,43586,232650,398250,324250
77076,811,0.470787208,0.529212792,35144,147600,241400,242100
77077,1219,0.354925979,0.645074021,57757,325100,552150,545400
77078,718,0.592179945,0.407820055,15820,9150,22000,22000
77079,1418,0.636763764,0.363236236,33577,181350,285900,314850
77080,894,0.40194213,0.59805787,45665,198000,421100,411100
77081,787,0.054067515,0.945932485,49059,183900,342400,382850
77082,1126,0.36053577,0.63946423,56641,338000,420100,460500
77083,1077,0.665817694,0.334182306,79408,220300,404350,413500
77084,1204,0.623083753,0.376916247,104582,520600,811500,1042700
77085,1062,0.689078896,0.310921104,17981,36000,63600,58600
77086,953,0.602624412,0.397375588,29506,143000,334600,351200
77087,693,0.490520043,0.509479957,37200,162400,408850,311950
77088,880,0.612622979,0.387377021,56716,132150,192750,211800
77089,1140,0.648060268,0.351939732,52699,262000,401100,437700
77090,942,0.220894944,0.779105056,38361,159250,289800,232050
77091,751,0.409919238,0.590080762,25277,177600,233700,186250
77092,796,0.365328597,0.634671403,38476,256150,361900,334250
77093,626,0.568961303,0.431038697,44428,262000,547000,520250
77094,2095,0.820966214,0.179033786,9439,43000,74000,117000
77095,1384,0.749009574,0.250990426,72081,401600,711450,833700
77096,992,0.4800445,0.5199555,35465,165000,276000,252600
77098,1586,0.313226205,0.686773795,13444,93000,114850,123000
77099,889,0.378875335,0.621124665,51905,180900,277750,305700
77301,813,0.48648383,0.51351617,31801,273400,406600,449400
77302,908,0.831385383,0.168614617,19311,80000,125750,186050
77303,906,0.734917733,0.265082267,19695,234550,426650,397050
77304,1113,0.561218361,0.438781639,28692,251850,397050,484300
77306,723,0.767073848,0.232926152,11453,128000,212050,240000
77316,1236,0.879627091,0.120372909,21272,20000,58000,81950
77318,1044,0.784541724,0.215458276,15437,155000,306550,452600
77320,734,0.639883617,0.360116383,35670,121000,220250,280000
77327,673,0.686915888,0.313084112,22430,162000,191600,210150
77328,716,0.763777914,0.236222086,15863,133350,234200,213600
77331,723,0.907061959,0.092938041,7667,29000,47000,60000
77335,573,0.794200187,0.205799813,2519,20000,15550,18000
77336,1105,0.732957111,0.267042889,12397,222000,358700,433100
77338,1072,0.551553157,0.448446843,40335,524750,1008700,884300
77339,1265,0.652531725,0.347468275,41403,334050,647850,529950
77340,838,0.397288453,0.602711547,29900,229000,357550,367650
77345,1657,0.85562982,0.14437018,29090,93000,156600,221700
77346,1484,0.82874035,0.17125965,63233,447400,717700,857650
77351,594,0.766907311,0.233092689,33199,461450,613600,647600
77354,1353,0.828156651,0.171843349,35904,359650,481200,648200
77355,1263,0.849606214,0.150393786,27271,336750,533850,479350
77356,1277,0.811749727,0.188250273,25888,222600,449250,527250
77357,786,0.753712028,0.246287972,24334,223850,509700,527150
77358,793,0.754474273,0.245525727,5597,59050,76650,136100
77360,656,0.808481532,0.191518468,5084,36150,52400,52750
77362,1080,0.865546218,0.134453782,5546,165250,301200,367650
77363,499,0.813311688,0.186688312,2705,68000,69000,76550
77364,487,0.912280702,0.087719298,1822,20150,30150,39000
77365,1018,0.736536788,0.263463212,31406,249500,435400,357200
77371,524,0.725562372,0.274437628,8025,52000,90650,80100
77372,759,0.771498771,0.228501229,12351,78000,97200,115950
77373,1203,0.731336476,0.268663524,58255,255600,390250,355000
77375,1295,0.71448062,0.28551938,50525,568700,926150,814050
77377,1513,0.827770131,0.172229869,36758,417500,555100,604550
77378,915,0.734697973,0.265302027,16150,111000,178700,353450
77379,1525,0.793966795,0.206033205,78226,675250,1173050,993950
77380,1279,0.412224225,0.587775775,26691,350000,429450,444650
77381,1521,0.736149243,0.263850757,36919,132800,162500,146850
77382,2218,0.744249189,0.255750811,40546,91000,145700,173000
77384,1428,0.600304878,0.399695122,16472,317000,513250,567350
77385,1351,0.800276521,0.199723479,23578,228750,326100,392000
77386,1515,0.763718141,0.236281859,53042,306450,385700,349350
77388,1420,0.79916318,0.20083682,45841,361700,690050,580350
77389,1741,0.837626407,0.162373593,31883,89000,109800,130100
77396,1204,0.57992011,0.42007989,54352,291650,423100,448200
77401,2368,0.82156611,0.17843389,19062,95550,148350,126800
77406,1740,0.880749701,0.119250299,41008,144000,372500,407000
77407,1655,0.832159459,0.167840541,48157,179000,312250,321550
77414,664,0.578825705,0.421174295,23369,888100,1121450,1218150
77417,754,0.686553874,0.313446126,2760,48000,100000,81750
77418,808,0.73425345,0.26574655,9926,185000,246800,201700
77419,738,0.789473684,0.210526316,1473,48000,47500,25000
77420,615,0.763417306,0.236582694,2245,91700,97650,99000
77422,600,0.807106599,0.192893401,13378,164000,248350,244450
77423,905,0.719663069,0.280336931,11551,204000,274950,297800
77426,646,0.807100592,0.192899408,2350,36900,42050,42000
77429,1537,0.841418112,0.158581888,86399,675500,1075450,1065700
77430,662,0.906756757,0.093243243,2051,15000,18000,21000
77433,1666,0.858456999,0.141543001,75008,381050,612350,695500
77434,621,0.775198534,0.224801466,4781,56000,99400,170200
77435,732,0.752333541,0.247666459,4303,72000,156000,112000
77437,795,0.654732306,0.345267694,16875,337950,468050,696000
77441,2398,0.949321267,0.050678733,9919,183000,117000,178000
77442,478,0.752043597,0.247956403,922,10000,33800,50000
77445,784,0.571364853,0.428635147,13301,185250,406650,384700
77447,1143,0.812738854,0.187261146,15246,88800,129800,191600
77449,1370,0.694326641,0.305673359,119204,454900,565900,699250
77450,1472,0.712970745,0.287029255,74631,380300,464500,532600
77455,617,0.816646562,0.183353438,2026,24150,38000,65000
77459,1802,0.859924386,0.140075614,66175,500000,689450,844050
77461,846,0.763499481,0.236500519,10752,92200,179300,174650
77465,504,0.868905742,0.131094258,7269,81000,115650,91750
77466,706,0.649350649,0.350649351,353,11000,10800,19000
77469,1320,0.733050562,0.266949438,46934,240950,570300,637300
77471,953,0.567212583,0.432787417,38837,637600,1168000,1567150
77474,827,0.723511384,0.276488616,12993,206000,362650,451900
77477,1158,0.45098337,0.54901663,36932,350000,465450,399700
77478,1409,0.764258962,0.235741038,25846,307000,458250,578850
77479,1904,0.839351106,0.160648894,88603,221000,370150,413350
77480,617,0.7972879,0.2027121,7661,168000,211600,221400
77482,567,0.818632309,0.181367691,2274,79000,94900,161000
77484,818,0.7737768,0.2262232,10710,163350,276900,340550
77485,783,0.725334957,0.274665043,4691,55200,63450,72000
77486,930,0.759055118,0.240944882,7082,299000,291950,442950
77488,627,0.640780272,0.359219728,14738,171350,238950,232750
77489,1170,0.753213368,0.246786632,36786,239000,411700,382600
77493,1372,0.794757885,0.205242115,29984,196200,236300,324900
77494,2113,0.799307004,0.200692996,105854,483000,782450,922800
77498,1327,0.738985923,0.261014077,51037,221100,499850,521200
77502,796,0.61260274,0.38739726,39040,105000,193600,314600
77503,837,0.507208551,0.492791449,26171,268000,417800,535400
77504,874,0.403364269,0.596635731,23327,171850,307550,306900
77505,1200,0.683034648,0.316965352,24230,320450,584950,642900
77506,728,0.404548337,0.595451663,37736,274550,316150,341700
77510,881,0.781529476,0.218470524,14608,119000,202950,200200
77511,868,0.711464174,0.288535826,46121,469150,751900,806950
77514,612,0.807228916,0.192771084,4443,64000,170950,144000
77515,794,0.67787924,0.32212076,31627,419000,609350,689200
77517,808,0.942462601,0.057537399,5688,82000,68400,52300
77518,770,0.644468606,0.355531394,10984,121000,182600,240700
77520,775,0.573417517,0.426582483,36694,486200,767750,764750
77521,991,0.623036373,0.376963627,57125,769400,1263750,1608250
77523,1411,0.823819898,0.176180102,21366,447000,678900,1012050
77530,877,0.638705488,0.361294512,31119,198000,369700,364350
77531,809,0.526376716,0.473623284,16078,485000,649850,708000
77532,1054,0.791474423,0.208525577,28320,341000,445000,429350
77534,1060,0.825938567,0.174061433,2426,27000,34000,78450
77535,749,0.79505752,0.20494248,32904,302000,463700,590000
77536,1172,0.76845112,0.23154888,32392,539950,902150,1042200
77538,502,0.936877076,0.063122924,906,2000,65350,50950
77539,1040,0.700937082,0.299062918,42607,375000,769250,697900
77541,667,0.58424996,0.41575004,18525,298000,633950,937100
77545,1398,0.840269805,0.159730195,25036,59000,124800,123650
77546,1433,0.788191882,0.211808118,52261,316050,529600,729800
77547,685,0.631403118,0.368596882,10077,29000,68050,79500
77550,822,0.413338739,0.586661261,22070,139400,273850,152650
77551,907,0.388916378,0.611083622,21203,258000,359350,383700
77554,1179,0.651515152,0.348484848,8249,165700,233050,296400
77562,752,0.753387534,0.246612466,10665,66300,151300,133600
77563,866,0.71969697,0.28030303,10067,106000,148500,142450
77565,1298,0.548726953,0.451273047,7233,114000,167850,144150
77566,1063,0.679754601,0.320245399,29441,360500,638650,724000
77568,830,0.674297979,0.325702021,15640,111850,155200,180200
77571,1074,0.740791063,0.259208937,37374,757900,1258850,1161700
77573,1551,0.750830451,0.249169549,85108,663350,976150,998650
77575,754,0.732575631,0.267424369,17005,140000,305100,260750
77578,1683,0.874595331,0.125404669,18636,145000,258300,355000
77581,1369,0.753646973,0.246353027,47625,659550,1016900,879400
77583,1234,0.807225964,0.192774036,35308,61800,142900,107250
77584,1624,0.74356292,0.25643708,87121,542850,978700,974000
77586,1237,0.653546018,0.346453982,22182,290000,465150,297400
77587,731,0.59898027,0.40101973,16901,145700,324250,264350
77590,788,0.604997769,0.395002231,31084,510750,683750,597350
77591,874,0.543619189,0.456380811,14073,31500,71250,56550
77597,903,0.864615385,0.135384615,1210,25000,34000,35850
77598,1028,0.20987535,0.79012465,24689,204950,443900,501850
77611,902,0.774853801,0.225146199,8325,144000,312200,269950
77612,506,0.843709884,0.156290116,9134,59000,115000,164750
77613,657,0.766454352,0.233545648,1048,30000,28000,21000
77619,835,0.699764785,0.300235215,15775,344000,612150,560050
77622,790,0.911578947,0.088421053,1464,7650,11000,13000
77625,612,0.848942598,0.151057402,9691,95000,151450,86350
77627,869,0.71155596,0.28844404,21198,348350,685550,846550
77629,577,0.804,0.196,634,4600,14400,19000
77630,682,0.664730007,0.335269993,28740,301400,510150,611650
77632,728,0.831215342,0.168784658,23475,186000,340650,463000
77640,496,0.62118855,0.37881145,15964,246000,541350,484250
77642,644,0.530819434,0.469180566,38845,188600,458150,348200
77650,820,0.735905045,0.264094955,1611,21000,39100,36450
77651,862,0.746561886,0.253438114,12840,134200,303150,321000
77656,562,0.766671922,0.233328078,16362,238000,410900,458300
77657,744,0.793150856,0.206849144,21427,156000,319350,323350
77659,817,0.83908046,0.16091954,4722,69000,153700,181400
77660,412,0.878481013,0.121518987,1182,24000,28050,49000
77662,547,0.786594683,0.213405317,26394,368300,520250,580550
77665,591,0.760384784,0.239615216,6252,190200,247550,247350
77701,535,0.541967871,0.458032129,13216,268450,473850,376550
77702,846,0.486028789,0.513971211,3091,23000,50000,46000
77703,605,0.500658514,0.499341486,14288,137000,237650,186700
77705,657,0.632525698,0.367474302,40819,524300,922300,835400
77706,941,0.568907629,0.431092371,29249,372000,655650,565000
77707,952,0.722978138,0.277021862,17954,399800,733700,722700
77708,852,0.57249725,0.42750275,12288,101000,270050,202750
77713,1013,0.620404722,0.379595278,14402,260000,350000,352150
77801,800,0.170916818,0.829083182,16759,162000,226000,170900
77802,951,0.510294383,0.489705617,26185,479550,733950,683500
77803,771,0.580491502,0.419508498,30609,464550,766050,1033400
77807,870,0.629562594,0.370437406,10288,132150,240100,271600
77808,1069,0.906069364,0.093930636,10849,121000,243100,222000
77830,441,0.859449193,0.140550807,2830,56000,46850,95850
77831,638,0.887931034,0.112068966,3115,4000,32000,15000
77833,799,0.755784062,0.244215938,29060,986500,1208800,1113000
77836,585,0.779067122,0.220932878,12022,168050,249600,357100
77840,890,0.126585285,0.873414715,59673,128000,245750,210500
77845,1284,0.662533054,0.337466946,59512,519800,667050,804050
77853,696,0.841176471,0.158823529,1287,10000,9100,19500
77856,626,0.762351779,0.237648221,5037,45000,57000,95000
77859,636,0.760759984,0.239240016,7393,144950,214400,323800
77864,706,0.707063712,0.292936288,6935,74000,117450,123000
77865,518,0.947441217,0.052558783,1778,80700,104500,66750
77868,593,0.713541667,0.286458333,17027,269000,501200,717700
77871,514,0.770870337,0.229129663,2568,27000,34000,65000
77872,515,0.896551724,0.103448276,1577,46000,73150,80900
77879,499,0.808638875,0.191361125,5251,19000,23000,32000
77901,812,0.51683195,0.48316805,43424,482950,735600,804750
77904,995,0.711102611,0.288897389,27570,531650,745100,689350
77905,708,0.873078365,0.126921635,14326,170000,249800,217700
77951,416,0.690292758,0.309707242,2059,13000,1000,12000
77954,667,0.684514436,0.315485564,12256,248850,377450,443100
77957,780,0.669148592,0.330851408,8494,319000,199000,314100
77962,691,0.773459716,0.226540284,3178,71000,138700,160500
77963,464,0.81006865,0.18993135,5991,115000,146450,109300
77964,566,0.752599388,0.247400612,8269,192750,245600,233550
77968,858,0.888111888,0.111888112,3054,13000,25000,14950
77975,641,0.70923913,0.29076087,1942,26000,46900,32000
77977,395,0.791338583,0.208661417,747,8000,16000,21600
77978,746,0.563291139,0.436708861,774,58000,66000,107000
77979,689,0.696212732,0.303787268,17526,376150,590050,895550
77983,682,0.765,0.235,2351,45000,55000,45000
77984,577,0.82003829,0.17996171,3954,125000,218800,213800
77990,617,0.68,0.32,864,27000,51750,38000
77995,616,0.755810847,0.244189153,9847,185000,254900,302300
78002,650,0.764105058,0.235894942,7904,19000,35000,124000
78003,756,0.84397965,0.15602035,8958,171000,252300,283600
78006,1246,0.724147193,0.275852807,31709,495000,799700,972750
78009,920,0.831893449,0.168106551,8910,140000,204750,210900
78010,536,0.803174603,0.196825397,3401,27000,66000,44700
78011,505,0.785714286,0.214285714,2030,58000,123350,96650
78013,837,0.767894737,0.232105263,6574,139000,260500,292000
78014,464,0.713589605,0.286410395,5616,129000,223350,300300
78015,2209,0.884907709,0.115092291,13897,17000,13000,14850
78016,578,0.789638932,0.210361068,8895,170250,227700,239350
78017,546,0.556654676,0.443345324,5514,79850,104850,118400
78019,496,0.671018277,0.328981723,1505,44000,52000,44150
78022,558,0.780400572,0.219599428,4286,148250,232950,275000
78023,1806,0.91500679,0.08499321,29872,185000,271000,293000
78025,621,0.807669959,0.192330041,4523,97000,129650,172000
78026,656,0.719723183,0.280276817,6094,65000,117150,130700
78028,735,0.693442128,0.306557872,39626,687000,1079600,1381000
78039,604,0.867145422,0.132854578,1528,15000,31800,53000
78040,577,0.437434918,0.562565082,42324,254700,215550,217400
78041,816,0.546438623,0.453561377,46671,512000,744050,740850
78043,747,0.571768178,0.428231822,44762,247000,307200,248500
78045,1217,0.772960017,0.227039983,64705,318000,423900,462100
78046,776,0.720471448,0.279528552,69471,92000,100550,88000
78052,650,0.812285012,0.187714988,6838,86000,166000,172900
78055,685,0.751181102,0.248818898,1945,12000,10000,15000
78059,856,0.923652695,0.076347305,6131,31000,55200,37750
78061,578,0.696969697,0.303030303,12595,111000,183450,272850
78063,838,0.859963627,0.140036373,9936,28200,27000,17900
78064,798,0.69996341,0.30003659,15966,384000,632250,762300
78065,609,0.755854989,0.244145011,10181,46100,85850,93850
78069,598,0.798913043,0.201086957,5874,49000,56000,50000
78070,1281,0.890599821,0.109400179,15559,175100,272050,400000
78071,490,0.797709924,0.202290076,4510,109000,118550,161450
78072,448,0.806896552,0.193103448,404,55000,72000,67350
78073,555,0.752832564,0.247167436,9269,92000,118000,153750
78076,409,0.723875092,0.276124908,13202,57000,82250,41400
78101,996,0.938374126,0.061625874,6911,251000,254000,372000
78102,686,0.594373614,0.405626386,28648,213000,413250,550000
78108,1540,0.802371542,0.197628458,35986,145000,268850,310850
78109,1167,0.710790517,0.289209483,40093,613800,908050,942800
78112,721,0.844748858,0.155251142,8129,101650,179900,180800
78113,743,0.759776536,0.240223464,2877,94000,128150,102000
78114,863,0.79053509,0.20946491,22409,384800,753550,599050
78118,542,0.714285714,0.285714286,3862,74000,153750,212950
78119,468,0.753895755,0.246104245,7521,190000,344850,379250
78121,1163,0.904448105,0.095551895,12726,188000,300750,278000
78123,827,0.73518851,0.26481149,2527,32000,64000,27000
78124,833,0.829698376,0.170301624,5961,68650,103050,96300
78130,1085,0.64302875,0.35697125,70055,1094000,1545850,2228150
78132,1303,0.865401024,0.134598976,26918,270000,427700,441800
78133,957,0.798234225,0.201765775,18942,277000,364050,509750
78140,406,0.668088737,0.331911263,3736,74000,69650,167400
78146,544,0.745454545,0.254545455,559,31000,40000,44000
78147,729,0.685887709,0.314112291,2156,33000,85200,101000
78148,1005,0.571356275,0.428643725,21456,273000,600800,794950
78151,480,0.686868687,0.313131313,1529,2000,11000,18000
78152,947,0.881258941,0.118741059,2155,52000,54000,63000
78154,1292,0.7052236,0.2947764,38293,437000,828800,919000
78155,776,0.706187947,0.293812053,47469,802750,1009550,974400
78160,605,0.806529625,0.193470375,4424,229000,256500,268850
78161,768,0.910394265,0.089605735,628,30000,22000,38000
78163,1404,0.940885345,0.059114655,10703,104000,172000,258150
78164,469,0.882051282,0.117948718,3048,223500,258500,258000
78201,762,0.484378829,0.515621171,47500,704700,1230750,1220900
78202,715,0.508058124,0.491941876,12178,75000,47800,44000
78203,683,0.481577582,0.518422418,6456,35000,34550,57000
78204,757,0.562312139,0.437687861,12454,35000,45500,48850
78205,623,0.150765607,0.849234393,1041,51000,82000,61000
78207,524,0.477211104,0.522788896,54071,375700,490450,458650
78208,649,0.330369357,0.669630643,4704,54000,144350,156150
78209,1225,0.573466637,0.426533363,41274,322450,585700,626300
78210,721,0.541163557,0.458836443,37801,264000,321850,450100
78211,584,0.623738214,0.376261786,31952,344000,572500,552150
78212,802,0.46745178,0.53254822,28664,535950,763650,866550
78213,889,0.47298293,0.52701707,43394,344650,467700,486400
78214,586,0.572733289,0.427266711,26013,292350,492250,415550
78215,1324,0.042001235,0.957998765,2686,41000,36300,44000
78216,942,0.358109275,0.641890725,41042,671450,1168150,1267700
78217,908,0.419133419,0.580866581,33803,600500,989000,1088100
78218,853,0.465824425,0.534175575,35384,348400,572250,666050
78219,763,0.49667716,0.50332284,16376,292800,528000,551500
78220,693,0.560824366,0.439175634,16833,87950,165400,202000
78221,737,0.617289276,0.382710724,40249,472600,760250,723050
78222,874,0.726433566,0.273566434,24189,223000,301000,320900
78223,809,0.588252002,0.411747998,54517,697000,1176550,1358200
78224,787,0.607359771,0.392640229,21636,247750,397250,469350
78225,609,0.67428305,0.32571695,13933,145000,208950,273600
78226,629,0.389852008,0.610147992,6755,42000,55000,76000
78227,792,0.510475926,0.489524074,49793,424650,623800,769850
78228,735,0.605274351,0.394725649,62371,567800,852600,955050
78229,886,0.162123591,0.837876409,32338,181000,207500,181800
78230,1057,0.48698464,0.51301536,45104,456650,679550,692250
78231,1263,0.721695317,0.278304683,8453,89000,255000,184950
78232,1174,0.584199189,0.415800811,38054,346000,649000,597250
78233,979,0.592610081,0.407389919,47700,505850,872800,792600
78237,575,0.63651437,0.36348563,37508,433000,561700,607450
78238,903,0.43662276,0.56337724,25300,381850,489350,498100
78239,1016,0.716707022,0.283292978,28373,179600,216850,314200
78240,1016,0.349556219,0.650443781,58207,435600,583150,647550
78242,761,0.568605308,0.431394692,33219,169000,260200,280600
78244,1064,0.696179039,0.303820961,30618,153000,169700,177800
78245,1132,0.687183201,0.312816799,72277,281000,501650,497500
78247,1263,0.762307169,0.237692831,52885,779850,1443000,1994200
78248,1575,0.775392387,0.224607613,14372,91000,141700,154000
78249,1244,0.565600083,0.434399917,56674,403700,521850,651400
78250,1073,0.741487551,0.258512449,60906,815050,1182350,1241550
78251,1173,0.560489125,0.439510875,58522,811200,1430950,1404000
78252,1015,0.772256729,0.227743271,10593,47000,112500,162000
78253,1524,0.805669646,0.194330354,41188,216000,450150,554300
78254,1340,0.798180264,0.201819736,56329,179900,267050,326000
78255,2004,0.874483708,0.125516292,14507,36000,84000,122000
78257,2079,0.688472095,0.311527905,6107,192050,299400,372950
78258,1718,0.655629968,0.344370032,45966,172150,251300,316250
78259,1554,0.728826993,0.271173007,25873,700,1000,7000
78260,1879,0.880899403,0.119100597,27907,206850,266000,326150
78263,764,0.853541417,0.146458583,5072,24000,44000,41850
78264,673,0.835180055,0.164819945,10188,168000,240100,240000
78266,1682,0.93409379,0.06590621,6746,25050,85000,72000
78332,624,0.667291862,0.332708138,28641,659250,829750,806350
78336,778,0.584629054,0.415370946,11828,433600,780600,674350
78340,467,0.845744681,0.154255319,461,14000,35000,26600
78341,358,0.677083333,0.322916667,2100,14000,33000,27000
78343,624,0.728609626,0.271390374,4374,72000,109600,140800
78355,481,0.61746988,0.38253012,7309,100000,93700,103000
78357,610,0.679695983,0.320304017,2912,64000,67250,73600
78359,569,0.665144597,0.334855403,2056,22000,39450,34300
78361,435,0.762732919,0.237267081,5357,56000,116100,81000
78362,1002,0.70464135,0.29535865,9907,122000,224450,177350
78363,759,0.515209489,0.484790511,29963,501000,875100,797850
78368,449,0.744726383,0.255273617,9620,284450,332300,372700
78370,667,0.748870239,0.251129761,4718,45000,64100,64000
78372,602,0.747320925,0.252679075,6233,30000,67150,35000
78373,1194,0.602609132,0.397390868,4084,82000,117250,82000
78374,1223,0.652825273,0.347174727,17661,240000,524000,439050
78375,447,0.783333333,0.216666667,3055,84000,70000,42300
78377,580,0.675965665,0.324034335,3770,75000,122000,126400
78379,621,0.836978131,0.163021869,1576,45000,53100,42000
78380,683,0.692826893,0.307173107,24126,243000,398500,302000
78382,763,0.76471311,0.23528689,21537,442000,590850,555800
78383,770,0.908866995,0.091133005,4077,27000,96000,117000
78384,425,0.568878974,0.431121026,5635,48000,82600,85000
78387,706,0.699328449,0.300671551,10062,73550,93750,116000
78389,473,0.80608365,0.19391635,1623,103000,171600,280400
78390,699,0.65282392,0.34717608,5197,26000,85600,54000
78393,630,0.806924101,0.193075899,2130,41000,42000,51000
78401,663,0.189950304,0.810049696,5445,58000,81600,54050
78402,979,0.412903226,0.587096774,272,54000,68300,43650
78404,842,0.487029289,0.512970711,18467,125000,184450,166500
78405,554,0.552009012,0.447990988,15469,145600,253550,270900
78407,648,0.493344426,0.506655574,3456,28000,57000,62000
78408,681,0.472995883,0.527004117,12606,289000,426350,453950
78409,735,0.549382716,0.450617284,2733,17000,22000,23000
78410,1105,0.664201183,0.335798817,27087,581000,964900,767700
78411,879,0.62236868,0.37763132,26570,660000,851950,939300
78412,952,0.453729517,0.546270483,39286,325100,641400,619850
78413,1180,0.559072433,0.440927567,40070,377000,740500,672650
78414,1405,0.656583117,0.343416883,38343,292000,534850,412900
78415,830,0.581292089,0.418707911,40496,289650,445200,361350
78416,638,0.601021009,0.398978991,15493,61150,183250,203850
78417,706,0.766889384,0.233110616,4176,3000,37450,56000
78418,1066,0.584092726,0.415907274,31120,345000,758400,855800
78501,675,0.504960031,0.495039969,64340,643250,1020550,931050
78503,742,0.644495065,0.355504935,22877,154900,274600,260750
78504,995,0.690126849,0.309873151,53665,298000,466600,355300
78516,483,0.758937147,0.241062853,35223,100000,193450,217600
78520,644,0.607757186,0.392242814,62804,384750,412350,459700
78521,603,0.594299984,0.405700016,92975,475000,778450,1054600
78526,865,0.746590999,0.253409001,47125,60000,115500,109800
78535,714,0.751173709,0.248826291,678,13000,21000,17000
78537,466,0.745867072,0.254132928,45606,75000,99950,98850
78538,472,0.745554478,0.254445522,10912,2000,10000,6000
78539,824,0.582467651,0.417532349,34991,844700,1022100,840550
78541,718,0.535907754,0.464092246,44387,134000,267300,249350
78542,564,0.753585398,0.246414602,75822,85400,112700,122000
78543,525,0.671667381,0.328332619,8886,8400,20700,29350
78548,272,0.975460123,0.024539877,649,2000,3000,4000
78550,655,0.534713471,0.465286529,52746,265000,357250,339150
78552,750,0.788195329,0.211804671,38352,108000,170400,186000
78557,692,0.724612737,0.275387263,13859,36000,31400,37000
78558,438,0.781954887,0.218045113,1121,12000,14350,22000
78559,505,0.75953999,0.24046001,12579,40950,72650,47000
78560,687,0.652861446,0.347138554,4846,34000,73700,46000
78562,385,0.758145363,0.241854637,4099,7000,6100,8000
78566,666,0.745420088,0.254579912,18120,27000,67450,54000
78567,400,0.925714286,0.074285714,521,10000,7000,8000
78570,457,0.710907283,0.289092717,34560,48000,92800,75700
78572,642,0.691549063,0.308450937,78770,467000,606900,770150
78573,651,0.674223602,0.325776398,38420,84200,142850,123900
78574,603,0.759976449,0.240023551,61238,87000,127350,131450
78575,1039,0.788231149,0.211768851,9762,28000,59400,44700
78576,547,0.734362934,0.265637066,11044,35000,89700,109000
78577,648,0.610787104,0.389212896,76821,218550,258350,272250
78578,627,0.695860965,0.304139035,11727,52000,102500,116000
78580,472,0.730769231,0.269230769,14943,67450,81850,72700
78582,386,0.757601431,0.242398569,42644,161800,267650,309100
78583,404,0.857810674,0.142189326,6820,6000,9000,7000
78584,380,0.699902248,0.300097752,18757,83000,87500,86350
78586,503,0.754581571,0.245418429,56086,214950,242950,202000
78589,586,0.769025621,0.230974379,40709,144150,196550,202450
78593,386,0.70802005,0.29197995,6114,6900,13850,2950
78595,391,0.81339439,0.18660561,6330,5000,1000,15000
78596,582,0.709324656,0.290675344,65013,197600,222300,204450
78597,1075,0.67591425,0.32408575,2856,55000,60600,63000
78602,1002,0.747197186,0.252802814,28027,430350,643350,756200
78605,824,0.834881321,0.165118679,5955,72000,66350,52000
78606,800,0.79226361,0.20773639,5552,73000,115800,176350
78609,686,0.779768177,0.220231823,1948,43000,70000,81000
78610,1463,0.780396691,0.219603309,32692,233000,435450,712250
78611,734,0.720748151,0.279251849,13016,289350,398850,546850
78612,1043,0.787133891,0.212866109,12484,129000,251350,292650
78613,1574,0.712483136,0.287516864,77779,626950,793350,856450
78615,925,0.824512535,0.175487465,931,28000,48800,19000
78616,770,0.712478921,0.287521079,7518,14000,40000,58000
78617,1126,0.774386503,0.225613497,27900,154000,229650,245000
78620,1622,0.869237833,0.130762167,15452,202550,253500,383600
78621,951,0.764018692,0.235981308,22261,272000,461150,408050
78624,830,0.741325967,0.258674033,21687,296000,363750,588750
78626,1129,0.655748992,0.344251008,32529,253000,284950,331800
78628,1345,0.732883674,0.267116326,30322,383550,522250,550600
78629,636,0.648139535,0.351860465,12341,187000,366450,311100
78631,577,0.820419325,0.179580675,2729,34000,34300,38950
78633,1042,0.921902577,0.078097423,24727,46000,61000,105000
78634,1399,0.795002839,0.204997161,29770,135000,268000,374800
78636,776,0.728747567,0.271252433,3882,52000,70950,116650
78639,747,0.697738386,0.302261614,8046,113000,189800,184400
78640,1308,0.722533284,0.277466716,52981,511000,709600,758000
78641,1495,0.810684814,0.189315186,60135,440750,612150,624000
78642,1239,0.850480909,0.149519091,11087,202000,366300,451250
78643,720,0.7496677,0.2503323,5901,48000,88850,103650
78644,914,0.662619699,0.337380301,18287,223000,419750,348050
78645,1192,0.809782609,0.190217391,10705,112000,95550,96000
78648,578,0.678999657,0.321000343,7791,145000,197850,139900
78650,773,0.790575916,0.209424084,1663,20300,35000,29850
78652,1331,0.695243074,0.304756926,4965,52500,76000,20000
78653,1261,0.822804801,0.177195199,20822,299250,428550,674850
78654,853,0.748980453,0.251019547,18488,236000,365800,358150
78655,773,0.747982063,0.252017937,3415,4000,40650,44000
78656,770,0.591811414,0.408188586,2513,35000,27000,18000
78657,1021,0.821346595,0.178653405,5868,65000,118250,194100
78659,695,0.822,0.178,3136,29000,26850,23000
78660,1420,0.754715656,0.245284344,85450,712850,1039350,1334850
78662,780,0.902186421,0.097813579,2485,16000,26000,24000
78663,755,0.813218391,0.186781609,913,8000,17000,28000
78664,1236,0.556423867,0.443576133,61361,756350,1328000,1299200
78665,1564,0.736908606,0.263091394,46109,119000,226750,248050
78666,948,0.36261042,0.63738958,77355,742250,890650,1014050
78669,1761,0.876351669,0.123648331,11375,49650,55350,56800
78672,620,0.92776886,0.07223114,1248,5000,8000,5000
78676,1096,0.824878137,0.175121863,13231,146000,228400,289500
78681,1573,0.785110571,0.214889429,57234,222250,345350,336000
78701,1982,0.350566426,0.649433574,7875,92000,101050,157050
78702,1114,0.468054157,0.531945843,22876,236950,388350,370600
78703,1974,0.519489869,0.480510131,20788,81850,124400,66550
78704,1356,0.343342093,0.656657907,47158,289050,376950,550800
78705,1210,0.106332139,0.893667861,33075,38600,32550,43600
78717,1598,0.611009547,0.388990453,27764,134000,197400,146550
78721,969,0.578270193,0.421729807,12447,52000,82600,68000
78722,1428,0.456123433,0.543876567,7254,51200,94450,100000
78723,1062,0.427544336,0.572455664,33170,281300,498650,503250
78724,1053,0.604874214,0.395125786,24833,212550,381400,291500
78725,1123,0.79913522,0.20086478,7517,27000,51000,59000
78726,1283,0.462549514,0.537450486,14610,92000,150000,163050
78727,1332,0.477622324,0.522377676,28999,212000,945400,316650
78728,1126,0.28297936,0.71702064,21245,179200,210900,215150
78729,1268,0.429884329,0.570115671,29434,173000,255350,271900
78731,1528,0.560369544,0.439630456,27447,118500,140300,132000
78732,2516,0.785551063,0.214448937,17762,60000,61000,62000
78733,2425,0.905821918,0.094178082,8754,37000,44000,67000
78734,1811,0.802083333,0.197916667,18722,206500,226950,227150
78735,1601,0.533157236,0.466842764,17919,188950,275850,287900
78736,1483,0.817730731,0.182269269,8199,21950,35400,60000
78737,2305,0.922525919,0.077474081,15879,139000,241000,319000
78738,2253,0.727699531,0.272300469,15746,98800,175700,170150
78741,995,0.149677233,0.850322767,52307,366900,544750,539150
78744,1068,0.45374695,0.54625305,48432,372850,653650,622100
78745,1212,0.461422439,0.538577561,62220,674400,1063250,1194700
78746,2252,0.715800147,0.284199853,28268,129850,198250,246600
78747,1329,0.727529855,0.272470145,20954,162000,180900,132000
78748,1425,0.605844846,0.394155154,49142,267550,578800,902150
78749,1518,0.618928689,0.381071311,37453,148250,199750,242700
78750,1455,0.631008281,0.368991719,30758,400000,629850,567650
78751,1307,0.298673456,0.701326544,14949,239850,176300,149000
78752,1034,0.272945033,0.727054967,20302,344000,653300,540850
78753,1034,0.356845641,0.643154359,58693,634650,1057800,1017700
78754,1277,0.497814958,0.502185042,23858,208000,402000,521350
78756,1404,0.48045219,0.51954781,8377,182000,226000,182600
78757,1238,0.559184813,0.440815187,24059,309000,486600,456400
78758,1074,0.28576584,0.71423416,46618,302050,502500,609250
78759,1319,0.462302372,0.537697628,41847,209000,283450,359000
78801,564,0.708895265,0.291104735,22156,249000,516450,529300
78830,330,0.821705426,0.178294574,867,11000,20000,24000
78832,392,0.773333333,0.226666667,3631,8000,13000,21000
78834,545,0.689819919,0.310180081,8662,80000,121800,117300
78839,440,0.672579453,0.327420547,9251,25000,44000,44000
78840,634,0.629927007,0.370072993,48317,302350,422500,502000
78850,629,0.939759036,0.060240964,1306,14000,10000,9000
78852,571,0.675926507,0.324073493,55879,215000,586700,679200
78861,708,0.734704782,0.265295218,13782,124000,179700,200000
78872,348,0.723163842,0.276836158,1724,18000,30000,24000
78873,384,0.817054264,0.182945736,1920,107000,183050,284000
78881,460,0.82376502,0.17623498,2321,53000,96000,117000
78932,640,0.716814159,0.283185841,583,11700,40000,25000
78934,616,0.780326423,0.219673577,6238,190000,340700,396400
78935,863,0.972093023,0.027906977,1509,21000,24450,35000
78938,721,0.780952381,0.219047619,337,12000,22250,22400
78940,575,0.913419913,0.086580087,2387,14000,21000,20000
78941,513,0.798617966,0.201382034,2791,53000,94600,126550
78942,783,0.689869056,0.310130944,8499,159100,315750,328050
78944,570,0.878661088,0.121338912,521,14000,13000,11000
78945,674,0.784652797,0.215347203,10107,226000,363750,525200
78947,786,0.854651163,0.145348837,4605,31000,32000,27250
78950,565,0.883578431,0.116421569,2000,1000,13000,10000
78956,573,0.766291034,0.233708966,5518,97000,183550,186800
78957,809,0.757659398,0.242340602,9310,70950,211600,165800
78959,446,0.808080808,0.191919192,2047,19000,28400,28900
78962,633,0.838150289,0.161849711,5200,129000,186100,272100
79005,581,0.724422442,0.275577558,1653,15000,15000,19750
79007,638,0.749171701,0.250828299,14415,517150,633950,734600
79013,534,0.582627119,0.417372881,3707,75000,105850,55000
79014,769,0.684407796,0.315592204,4119,28000,34000,28700
79015,917,0.635241597,0.364758403,21576,58000,68000,69000
79019,717,0.799684543,0.200315457,1756,42000,56000,71000
79022,694,0.617453505,0.382546495,11488,109000,136000,161000
79027,614,0.578381795,0.421618205,5090,21000,30100,21400
79029,772,0.634402097,0.365597903,16010,320950,282150,246850
79034,564,0.80952381,0.19047619,634,29000,29750,87250
79035,604,0.701843611,0.298156389,4892,2000,6000,25000
79036,518,0.917525773,0.082474227,5253,35000,38600,110000
79040,720,0.644736842,0.355263158,1771,15000,17000,16000
79041,610,0.719043553,0.280956447,3199,2000,7000,18750
79045,667,0.650170926,0.349829074,19066,245000,322250,505650
79046,542,0.71314741,0.28685259,636,31000,71350,35550
79057,397,0.762081784,0.237918216,1595,6000,8000,6000
79065,612,0.749382716,0.250617284,21082,175450,228600,289250
79068,706,0.823788546,0.176211454,3043,43000,32000,33000
79070,661,0.713827305,0.286172695,10183,135000,161250,225900
79072,623,0.569678407,0.430321593,26829,590000,600500,293100
79079,531,0.613886537,0.386113463,2696,49000,69000,85000
79081,647,0.768211921,0.231788079,4065,69000,33000,47000
79083,441,0.790382244,0.209617756,2155,40000,33000,32000
79084,677,0.817617866,0.182382134,2384,55000,78000,80000
79086,623,0.735688185,0.264311815,2283,19000,19000,17000
79087,525,0.68,0.32,591,7000,7300,10000
79088,567,0.680041152,0.319958848,5756,16000,13550,13600
79092,635,0.8767507,0.1232493,985,37000,33000,42000
79095,524,0.797520661,0.202479339,2699,15000,31000,13000
79096,624,0.678403756,0.321596244,2231,23000,39000,36000
79097,718,0.889784946,0.110215054,1037,21000,28000,35000
79101,743,0.11299435,0.88700565,2185,131650,203500,240000
79102,720,0.519453749,0.480546251,9586,150250,177650,198850
79103,778,0.741657977,0.258342023,10880,204000,288150,332350
79104,687,0.604561102,0.395438898,6727,27000,26000,37000
79106,774,0.52133884,0.47866116,27883,387950,551900,593700
79107,658,0.597160995,0.402839005,35188,160600,240450,315350
79108,726,0.777982073,0.222017927,16479,74000,104000,80000
79109,913,0.595371631,0.404628369,44211,722000,946750,1009200
79110,900,0.702009406,0.297990594,19242,228000,368100,309150
79118,1069,0.779831045,0.220168955,22279,153700,222800,197250
79119,1344,0.757460841,0.242539159,15884,85000,117000,114750
79121,915,0.68555439,0.31444561,6582,49000,69000,48000
79124,1231,0.820389805,0.179610195,8720,148000,195000,156000
79201,703,0.552264808,0.447735192,7066,33000,68050,65100
79225,473,0.747989276,0.252010724,1075,4000,6000,13000
79226,510,0.731977819,0.268022181,2967,72000,97900,118000
79227,505,0.800687285,0.199312715,1454,15000,19000,24000
79233,563,0.675,0.325,89,29000,26000,22000
79235,471,0.784413693,0.215586307,3621,34000,51500,90800
79241,617,0.655937847,0.344062153,2196,4000,14000,12150
79244,475,0.725,0.275,753,4000,3000,9000
79245,390,0.623203285,0.376796715,2467,26000,30000,35000
79248,374,0.636932707,0.363067293,1442,20000,19000,21000
79252,435,0.749578415,0.250421585,2996,153850,161000,148000
79311,647,0.740169622,0.259830378,3615,3000,7000,19000
79316,591,0.693034557,0.306965443,11510,69000,90150,100900
79322,500,0.718707941,0.281292059,1927,18000,19850,17000
79323,587,0.78759058,0.21240942,7367,77000,98350,159000
79325,667,0.760186263,0.239813737,2492,45000,51000,88000
79329,697,0.750660793,0.249339207,3216,15000,4850,29000
79331,545,0.710957927,0.289042073,12742,187000,276650,413000
79336,658,0.667217995,0.332782005,17229,123000,159650,348300
79339,613,0.684119429,0.315880571,6624,65000,113500,71000
79343,554,0.611320755,0.388679245,1653,3000,3000,4000
79346,373,0.767295597,0.232704403,2251,33000,26000,40000
79347,639,0.71150519,0.28849481,7212,25550,38100,45400
79350,581,0.724770642,0.275229358,339,2000,9000,10050
79355,493,0.718894009,0.281105991,1889,24000,36000,43000
79356,592,0.644622991,0.355377009,6372,37000,61300,105000
79357,592,0.690629012,0.309370988,2260,45000,49000,62000
79358,583,0.845758355,0.154241645,1080,13000,9000,17000
79359,493,0.680318544,0.319681456,2900,11000,27000,35050
79360,711,0.792894086,0.207105914,15623,227300,516200,788400
79363,873,0.743656137,0.256343863,5799,16000,14250,15000
79364,600,0.658396947,0.341603053,7710,92000,142900,146000
79370,459,0.744680851,0.255319149,1572,6000,10000,10000
79372,689,0.718009479,0.281990521,1191,19000,17000,6000
79373,613,0.640207075,0.359792925,2903,16000,17000,17000
79382,1065,0.749290061,0.250709939,7122,13700,20000,20800
79401,920,0.111770215,0.888229785,7909,113000,175150,141900
79403,567,0.629534156,0.370465844,17401,137750,198400,168000
79404,590,0.612704286,0.387295714,10347,145000,163250,188850
79407,770,0.472151899,0.527848101,21028,130000,178700,164650
79410,1038,0.419405732,0.580594268,9583,15000,8650,13700
79411,823,0.388217054,0.611782946,7894,29000,77800,82000
79412,819,0.504060639,0.495939361,17141,119000,154000,239950
79413,953,0.571191661,0.428808339,22149,176400,217500,214000
79414,834,0.400387347,0.599612653,18150,72000,121700,197550
79415,725,0.393460925,0.606539075,17343,124700,229700,175750
79416,1000,0.486492781,0.513507219,33302,150200,222500,196250
79423,1078,0.711466629,0.288533371,37960,368850,634700,689400
79424,1194,0.691737519,0.308262481,45948,371000,470550,511050
79501,623,0.771144279,0.228855721,2959,37000,43350,46550
79504,498,0.841413311,0.158586689,3157,39600,49000,42950
79505,425,0.806722689,0.193277311,314,4000,6000,5000
79508,1102,0.829268293,0.170731707,1403,4000,8000,8000
79510,557,0.820007438,0.179992562,7056,204000,243000,287500
79511,790,0.902173913,0.097826087,1278,16000,14250,16000
79512,554,0.747651007,0.252348993,7907,105000,133100,152800
79520,604,0.737331954,0.262668046,2219,70900,65900,65250
79521,446,0.778135048,0.221864952,3795,63750,49850,69450
79525,536,0.718960539,0.281039461,2261,28150,42350,66000
79526,436,0.767241379,0.232758621,835,7000,5000,9000
79529,416,0.825426945,0.174573055,1378,17000,14350,20000
79536,740,0.748087432,0.251912568,4593,18500,56800,109000
79543,503,0.751552795,0.248447205,1236,2000,1350,10000
79545,578,0.830409357,0.169590643,1913,46050,52500,65000
79547,472,0.7,0.3,771,4000,1000,3000
79549,718,0.738064276,0.261935724,16236,107400,134700,194450
79553,594,0.697331461,0.302668539,3279,51900,44250,47200
79556,576,0.670081539,0.329918461,12915,300250,211000,228900
79562,869,0.931527464,0.068472536,3805,10000,14000,24600
79563,655,0.703703704,0.296296296,1052,82650,64000,67000
79567,461,0.639906469,0.360093531,3517,15000,47000,55800
79601,699,0.464377242,0.535622758,28041,196000,364600,489050
79602,863,0.71433869,0.28566131,24027,191150,260050,272900
79603,617,0.630133826,0.369866174,23577,119000,209600,187050
79605,820,0.549612196,0.450387804,29672,575750,749900,789350
79606,978,0.551699054,0.448300946,23929,459250,618050,585950
79701,802,0.654219255,0.345780745,29315,1375000,2416100,2758550
79703,1126,0.682786336,0.317213664,23083,401800,670900,626050
79705,1212,0.690775905,0.309224095,39818,521000,719250,862550
79706,966,0.78067505,0.21932495,25344,532000,937150,1094000
79707,1407,0.608791209,0.391208791,38489,564900,1068050,1073850
79714,792,0.73545169,0.26454831,17577,190000,433700,884650
79718,388,0.718644068,0.281355932,894,20000,64850,82000
79720,685,0.670157068,0.329842932,35231,870300,1285250,1620750
79731,549,0.772290809,0.227709191,4767,75000,90050,121850
79734,382,0.818467996,0.181532004,2129,17000,30750,42000
79735,629,0.697423109,0.302576891,13383,369000,510550,551100
79739,700,0.723514212,0.276485788,1149,31000,49700,35000
79742,362,0.725714286,0.274285714,494,19000,28000,43000
79744,555,0.649797571,0.350202429,1466,82000,74100,57000
79745,454,0.777777778,0.222222222,6842,167000,308000,411000
79752,515,0.738425926,0.261574074,2473,50000,66200,60000
79756,605,0.696401572,0.303598428,9622,341000,683050,1085250
79761,807,0.639853911,0.360146089,33922,514650,1046150,1096550
79762,1033,0.56677128,0.43322872,44014,864000,1210500,1402300
79763,657,0.677753592,0.322246408,37282,478850,816800,1081900
79764,660,0.745466847,0.254533153,22105,433000,773200,867250
79765,1483,0.71018914,0.28981086,13451,370000,744700,890850
79766,702,0.806741573,0.193258427,6519,144000,198000,256150
79772,504,0.715949821,0.284050179,13569,371000,899900,1012550
79778,528,0.794444444,0.205555556,903,24000,29000,29000
79782,790,0.758224943,0.241775057,4521,47000,101850,130000
79788,345,0.815028902,0.184971098,469,58000,135000,110000
79789,550,0.805755396,0.194244604,908,30000,62000,55000
79821,631,0.694084507,0.305915493,7269,66000,91050,82650
79830,636,0.530948678,0.469051322,7802,71000,115200,168050
79835,557,0.654086089,0.345913911,11835,6000,5000,13000
79836,526,0.80875576,0.19124424,5889,22000,27000,32000
79838,379,0.638118812,0.361881188,6719,6000,11000,12000
79843,591,0.694513716,0.305486284,2298,19000,20000,32000
79845,376,0.561823362,0.438176638,4785,16000,24000,26050
79855,386,0.685314685,0.314685315,2208,88600,159850,203000
79901,358,0.105879359,0.894120641,10284,16850,14950,20000
79902,642,0.414721502,0.585278498,20123,26050,33050,38000
79903,502,0.577457795,0.422542205,16495,47000,69850,63950
79904,753,0.435994462,0.564005538,34098,169000,175650,232350
79905,393,0.530460817,0.469539183,23108,18350,45100,65600
79906,1326,0,1,5125,6000,9000,15000
79907,573,0.597341866,0.402658134,53505,70000,87500,146000
79912,1039,0.539935543,0.460064457,81159,128000,209000,236550
79915,476,0.594018479,0.405981521,35622,49000,80850,109000
79922,1126,0.851266985,0.148733015,8528,27000,52800,37000
79924,765,0.617504712,0.382495288,59587,255650,505050,585550
79925,799,0.521827825,0.478172175,39455,207000,399400,515600
79927,622,0.744468625,0.255531375,41162,50000,72000,72000
79928,962,0.824448105,0.175551895,56851,61000,127000,90000
79930,653,0.470931363,0.529068637,28324,30000,54000,68800
79932,1010,0.721743027,0.278256973,28345,52000,103200,84450
79934,1122,0.689534477,0.310465523,25846,15000,34000,53600
79935,790,0.561839154,0.438160846,18166,25000,32000,59000
79936,956,0.688019321,0.311980679,111918,191300,287850,292900
79938,1118,0.752296157,0.247703843,77487,137000,197000,225950
